sku,name,brand,category,price,stockQty,shortDesc,datasheetUrl,specs
"1SNA645051R0400","ABB R600 Series Solid State Relay, 2 A Load, DIN Rail Mount, 400 V ac Load, 24V dc Control","ABB","Relays & Timers","38.46","0","ABB R600 Series Solid State Relay, 2 A Load, DIN Rail Mount, 400 V ac Load, 24V dc Control","https://docs.rs-online.com/2d1b/A700000016030410.pdf","{""Maximum Load Current"":""2A"",""Product Type"":""Solid State Relay"",""Mount Type"":""DIN Rail"",""Maximum Load Voltage"":""400V ac"",""Minimum Load Voltage"":""1V"",""Minimum Control Voltage"":""1.2V"",""Maximum Control Voltage"":""24V dc"",""Series"":""R600"",""Terminal Type"":""Screw"",""IP Rating"":""IP20"",""Minimum Operating Temperature"":""-20°C"",""Maximum Operating Temperature"":""70°C"",""Standards/Approvals"":""CEI 60664-1, CEM:IRC 1000-4-2, CEI 1131-2, CEI 947-7-1, UL 94 V0, CEI 947-1"",""Length"":""70mm"",""Width"":""6mm"",""Height"":""6mm"",""Off State Leakage Current"":""50μA"",""Output Type"":""Triac""}"
"1SAE231111R1440","ABB ESB25 Contactor, 12V ac Coil, 4-Pole, 25 A, 17.3 kW 12V ac, 4 NO, 400V","ABB","Motor Control","86.91","0","ABB ESB25 Contactor, 12V ac Coil, 4-Pole, 25 A, 17.3 kW 12V ac, 4 NO, 400V","https://docs.rs-online.com/fd41/A700000007252243.pdf","{""Coil Voltage"":""12V ac"",""Product Type"":""Contactor"",""Number of Poles"":""4"",""Contact Voltage"":""400V"",""Contact Current"":""25A"",""Power Rating"":""17.3kW"",""Series"":""ESB25"",""Mount Type"":""DIN Rail"",""Function"":""Safety"",""Normal State Configuration"":""4 NO"",""Terminal Type"":""Screw"",""Contactor Application"":""Safety"",""Control Circuit Voltage Uc"":""12V ac"",""Operational Current Ie"":""9A"",""Minimum Operating Temperature"":""-25°C"",""Maximum Operating Temperature"":""55°C"",""Standards/Approvals"":""IEC, EN, UL"",""Width"":""36mm"",""Depth"":""65mm"",""Length"":""65mm"",""Pole and Throw Configuration"":""4"",""Country of Origin"":""DE""}"
"FENA-21","ABB FENA-01/-11/-21 Ethernet Adapter Dual Port","ABB","Drives & VFDs","661.98","0","ABB FENA-01/-11/-21 Ethernet Adapter Dual Port","https://docs.rs-online.com/af2f/0900766b8168eae2.pdf","{""Product Type"":""Inverter Accessory"",""Accessory Type"":""Ethernet Adapter Dual Port"",""For Use With"":""Converters and Inverters, ABB Drives"",""Series"":""FENA-01/-11/-21"",""Standards/Approvals"":""No"",""Country of Origin"":""CN""}"
"1SAM250000R1011","ABB 16A MS116 Motor Protection Circuit Breaker, 600V, 55 °C, -25 °C","ABB","Motor Control","100.68","0","ABB 16A MS116 Motor Protection Circuit Breaker, 600V, 55 °C, -25 °C","https://docs.rs-online.com/4764/0900766b80233ffe.pdf","{""Product Type"":""Motor Protection Circuit Breaker"",""Current Rating"":""16A"",""Motor Protection Component"":""Circuit Breaker"",""Supply Voltage"":""600V"",""Motor Protection System"":""Motor Protection Circuit Breaker"",""Series"":""MS116"",""Sensing Type"":""Current"",""Overall Length"":""90mm"",""Overall Width"":""45mm"",""Overall Depth"":""80.1mm"",""IP Rating"":""IP10, IP20"",""Minimum Operating Temperature"":""-25°C"",""Maximum Operating Temperature"":""55°C"",""Standards/Approvals"":""CCC, CE, CSA, cUL, IEC 60 947-1/IEC 60 947-2/EN60 P47-1/EN60 (47-2), UL"",""Number of Poles"":""3"",""Country of Origin"":""DE""}"
"1SBL177201R1300","ABB AF16 Contactor, 230V ac Coil, 4-Pole, 30 A, 7.5 kW 250V, 4 NO, 690V ac","ABB","Motor Control","79.4","0","ABB AF16 Contactor, 230V ac Coil, 4-Pole, 30 A, 7.5 kW 250V, 4 NO, 690V ac","https://docs.rs-online.com/df90/0900766b80e97ab4.pdf","{""Product Type"":""Contactor"",""Coil Voltage"":""230V ac"",""Number of Poles"":""4"",""Contact Voltage"":""690V ac"",""Contact Current"":""30A"",""Power Rating"":""7.5kW"",""Series"":""AF16"",""Function"":""Motor Control"",""Mount Type"":""DIN Rail"",""Normal State Configuration"":""4 NO"",""Auxiliary Contact Configuration"":""4 NO"",""Terminal Type"":""Screw"",""Minimum Operating Temperature"":""-40°C"",""Control Circuit Voltage Uc"":""250V"",""Operational Current Ie"":""30A"",""Contactor Application"":""Motor Control"",""Maximum Operating Temperature"":""70°C"",""Width"":""45mm"",""Depth"":""77mm"",""Length"":""80mm"",""Standards/Approvals"":""IEC 60947-4-1"",""Pole and Throw Configuration"":""4""}"
"1SBL121001R2610 AS16-30-10-26","ABB AS16-30-10-26 Contactor, 230V Coil, 3-Pole, 15.7 A, 7.5 kW 230V, 3 NO/1 NC","ABB","Motor Control","76.72","0","ABB AS16-30-10-26 Contactor, 230V Coil, 3-Pole, 15.7 A, 7.5 kW 230V, 3 NO/1 NC","https://docs.rs-online.com/88fd/A700000008273894.pdf","{""Product Type"":""Contactor"",""Coil Voltage"":""230V"",""Number of Poles"":""3"",""Contact Current"":""15.7A"",""Series"":""AS16-30-10-26"",""Power Rating"":""7.5kW"",""Function"":""Motor Control"",""Mount Type"":""Front"",""Normal State Configuration"":""3 NO/1 NC"",""Number of Auxiliary Contacts"":""1"",""Auxiliary Contact Configuration"":""1 NO"",""Terminal Type"":""Screw"",""Control Circuit Voltage Uc"":""230V"",""Minimum Operating Temperature"":""-25°C"",""Operational Current Ie"":""15.5A"",""Maximum Operating Temperature"":""60°C"",""Depth"":""68mm"",""Standards/Approvals"":""IEC 60947-4-1"",""Width"":""45mm"",""Length"":""72.5mm"",""Pole and Throw Configuration"":""3"",""Country of Origin"":""CN""}"
"1SVR730850R0100","ABB CM-ENS Series Liquid Level Relay -, DIN Rail 1 Voltage Input 240V ac/dc-Rated SPDT Relay","ABB","Sensors & Switches","129.18","0","ABB CM-ENS Series Liquid Level Relay -, DIN Rail 1 Voltage Input 240V ac/dc-Rated SPDT Relay","https://docs.rs-online.com/48f3/0900766b815a60b8.pdf","{""Product Type"":""Liquid Level Relay"",""Number of Inputs"":""1"",""Overall Length"":""113.4mm"",""Mount Type"":""DIN Rail"",""Overall Depth"":""113.4mm"",""Minimum Operating Temperature"":""-25°C"",""Terminal Type"":""Screw"",""Maximum Operating Temperature"":""60°C"",""Maximum Supply Voltage"":""240V ac/dc"",""IP Rating"":""IP20, IP50"",""Overall Width"":""22.5mm"",""Standards/Approvals"":""CAN/CSA C22.2 No.14, IEC/EN 60255-27, IEC/EN 60947-5-1, IEC/EN 61000-6-2, IEC/EN 61000-6-3, UL 508"",""Hazardous Area Certification"":""No"",""Sensitivity"":""100kΩ"",""Current Rating"":""11mA"",""Number of Outputs"":""1"",""Input Type"":""Voltage"",""Series"":""CM-ENS"",""Output Type"":""SPDT Relay"",""Country of Origin"":""DE""}"
"1SVR730712R1400","ABB Monitoring Relay, SPDT, DIN Rail, 24 V dc 24V ac, 240 V ac","ABB","Relays & Timers","170.75","0","ABB Monitoring Relay, SPDT, DIN Rail, 24 V dc 24V ac, 240 V ac","https://docs.rs-online.com/df79/0900766b813d646a.pdf","{""Application"":""Temperature"",""Product Type"":""Monitoring Relay"",""Sub Type"":""PTC"",""Contact Configuration"":""SPDT"",""Mount Type"":""DIN Rail"",""Terminal Type"":""Screw"",""IP Rating"":""IP50, IP20"",""Contact Current"":""3.7mA"",""Minimum Operating Temperature"":""-25°C"",""Supply DC Voltage"":""24 V dc"",""Maximum Operating Temperature"":""60°C"",""Standards/Approvals"":""No"",""Length"":""103.7mm"",""Height"":""85.6mm"",""Series"":""CM-MSS""}"
"1SAE231111R0604","ABB ESB25 Contactor, 230V, 240 V Coil, 4-Pole, 25 A, 17.3 kW 240V, 4 NC, 400V","ABB","Motor Control","82.73","0","ABB ESB25 Contactor, 230V, 240 V Coil, 4-Pole, 25 A, 17.3 kW 240V, 4 NC, 400V","https://docs.rs-online.com/520b/A700000010144778.pdf","{""Coil Voltage"":""230, 240V"",""Product Type"":""Contactor"",""Number of Poles"":""4"",""Contact Voltage"":""400V"",""Contact Current"":""25A"",""Power Rating"":""17.3kW"",""Series"":""ESB25"",""Mount Type"":""DIN Rail"",""Function"":""Safety"",""Normal State Configuration"":""4 NC"",""Terminal Type"":""Screw"",""Control Circuit Voltage Uc"":""240V"",""Operational Current Ie"":""6A"",""Minimum Operating Temperature"":""-25°C"",""Contactor Application"":""Safety"",""Maximum Operating Temperature"":""55°C"",""Depth"":""85mm"",""Width"":""36mm"",""Standards/Approvals"":""EN, IEC, UL"",""Length"":""65mm"",""Pole and Throw Configuration"":""4"",""Country of Origin"":""DE""}"
"1SVR508150R0000","ABB CT-C Series DIN Rail Timer Relay, 1-Contact, 110 to 130 V ac 110V ac, 130 V ac, 0.1 to 10 s, 1-Function, SPDT Switch","ABB","Relays & Timers","49.87","0","ABB CT-C Series DIN Rail Timer Relay, 1-Contact, 110 to 130 V ac 110V ac, 130 V ac, 0.1 to 10 s, 1-Function, SPDT Switch","https://docs.rs-online.com/4d97/A700000007234956.pdf","{""Product Type"":""Timer Relay"",""Mount Type"":""DIN Rail"",""Time Range"":""0.1 to 10 s"",""Number of Contacts"":""1"",""Number of Timer Functions"":""1"",""Contact Configuration"":""SPDT"",""IP Rating"":""IP20, IP50"",""Supply AC Voltage"":""110, 130V ac"",""Supply DC Voltage"":""110 to 130 V ac"",""Contact Current"":""4A"",""Minimum Operating Temperature"":""-20°C"",""Terminal Type"":""Screw"",""Maximum Operating Temperature"":""60°C"",""Mode"":""Cycling / Flasher"",""Height"":""78.5mm"",""Width"":""22.5mm"",""Standards/Approvals"":""RoHS"",""Length"":""78.5mm"",""Series"":""CT-C"",""Country of Origin"":""BG""}"
"1SAM250000R1009","ABB 6.3A MS116 Motor Protection Circuit Breaker, 600V, 70 °C, -25 °C","ABB","Motor Control","90.84","0","ABB 6.3A MS116 Motor Protection Circuit Breaker, 600V, 70 °C, -25 °C","https://docs.rs-online.com/4764/0900766b80233ffe.pdf","{""Current Rating"":""6.3A"",""Product Type"":""Motor Protection Circuit Breaker"",""Motor Protection Component"":""Circuit Breaker"",""Supply Voltage"":""600V"",""Motor Protection System"":""Motor Protection Circuit Breaker"",""Series"":""MS116"",""Sensing Type"":""Current"",""Overall Length"":""90mm"",""Overall Width"":""45mm"",""IP Rating"":""IP10, IP20"",""Overall Depth"":""80.1mm"",""Minimum Operating Temperature"":""-25°C"",""Maximum Operating Temperature"":""70°C"",""Standards/Approvals"":""IEC 60 947-1/IEC 60 947-2/EN60 P47-1/EN60 (47-2), CCC, CE, cUL, CSA, UL"",""Number of Poles"":""3"",""Country of Origin"":""DE""}"
"1SFA619103R1341","ABB CP4 Series Illuminated Push Button Switch, Panel, 23 mm Cutout Red, SPST, IP20, IP66, IP67, IP69K","ABB","Sensors & Switches","17.96","0","ABB CP4 Series Illuminated Push Button Switch, Panel, 23 mm Cutout Red, SPST, IP20, IP66, IP67, IP69K","https://docs.rs-online.com/0624/A700000008480919.pdf","{""Product Type"":""Push Button Switch"",""Illuminated"":""Yes"",""Cutout Diameter"":""23mm"",""Series"":""CP4"",""Push Button Actuation"":""Maintained"",""Mount Type"":""Panel"",""Push Button Colour"":""Red"",""Contact Configuration"":""SPST"",""Push Button Style"":""Round"",""Terminal Type"":""Screw"",""Push Button Shape"":""Extended Round"",""IP Rating"":""IP20, IP66, IP67, IP69K"",""Minimum Operating Temperature"":""-25°C"",""Maximum Operating Temperature"":""70°C"",""Push Button Material"":""Plastic"",""Standards/Approvals"":""RoHS"",""Hazardous Area Certification"":""No"",""Body Material"":""Black Plastic"",""Country of Origin"":""CN""}"
"ACS480-04-09A5-4","ABB Inverter Drive, 4 kW, 3 Phase, ACS480 Series 480V 9.4 A","ABB","Drives & VFDs","890.74","0","ABB Inverter Drive, 4 kW, 3 Phase, ACS480 Series 480V 9.4 A","https://docs.rs-online.com/d9d3/0900766b8168efc2.pdf","{""Product Type"":""Inverter Drive"",""Power Rating"":""4kW"",""Number of Phases"":""3"",""Maximum Output Current"":""9.4A"",""Series"":""ACS480"",""Mount Type"":""Wall Mount"",""IP Rating"":""IP20"",""Overall Length"":""73mm"",""Output Frequency"":""63Hz"",""Minimum Supply Voltage"":""380V"",""Maximum Supply Voltage"":""480V"",""Compatible Motor Type"":""AC Motor"",""Drive Type"":""AC"",""Maximum Operating Temperature"":""50°C"",""Standards/Approvals"":""IEC"",""Overall Width"":""207.1mm"",""Overall Depth"":""223mm"",""Country of Origin"":""CN""}"
"1SFA619600R6103","ABB, Panel Mount Yellow LED Buzzer, ABB Compact, 22 mm Cutout, 24 V ac, 24V dc, IP67, IP66, Round","ABB","Sensors & Switches","48.7","0","ABB, Panel Mount Yellow LED Buzzer, ABB Compact, 22 mm Cutout, 24 V ac, 24V dc, IP67, IP66, Round","https://docs.rs-online.com/7020/0900766b81334527.pdf","{""Product Type"":""Buzzer"",""Voltage"":""24, 24V ac"",""Pilot Light Colour"":""Yellow"",""Cutout Diameter"":""22mm"",""Lamp Type"":""LED"",""Series"":""ABB Compact"",""Mount Type"":""Panel Mount"",""IP Rating"":""IP67, IP66"",""Terminal Type"":""Screw"",""Current Rating"":""53mA"",""Pilot Light Shape"":""Round"",""Body Material"":""Plastic"",""Standards/Approvals"":""EN60068-2-2, EN60068-2-1, DIN EN 62094-1, UL 508"",""Hazardous Area Certification"":""No"",""Bezel Material"":""Plastic""}"
"1SVR427034R0000","ABB CPE Switched Mode DIN Rail Power Supply 230V ac AC/DC Input 24V dc, 5 A Output DC 120 W","ABB","Power Supplies","183.18","0","ABB CPE Switched Mode DIN Rail Power Supply 230V ac AC/DC Input 24V dc, 5 A Output DC 120 W","https://docs.rs-online.com/17d0/0900766b80d2dfc4.pdf","{""Series"":""CPE"",""Product Type"":""DIN Rail Power Supply"",""Maximum Output Voltage"":""24V dc"",""Sub Type"":""Switched Mode"",""Electrical Phase"":""1"",""Input Voltage Type"":""AC/DC"",""Number of Outputs"":""1"",""Power"":""120W"",""Output Current"":""5A"",""IP Rating"":""IP20"",""Minimum Operating Temperature"":""-40°C"",""Output Voltage Type"":""DC"",""Maximum Operating Temperature"":""85°C"",""Depth"":""123.6mm"",""Width"":""63.2mm"",""Hazardous Area Certification"":""No"",""Standards/Approvals"":""No"",""Height"":""123.6mm"",""Maximum Input Voltage"":""230V ac"",""Minimum Input Voltage"":""115V ac"",""Efficiency"":""86%"",""Country of Origin"":""TW""}"
"DRS-24V50W1NZ","AC/DC DIN RAIL SUPPLY 24V 50W","Delta Electronics","Power Supplies","46.82","0","AC/DC DIN RAIL SUPPLY 24V 50W","https://www.deltapsu.com/en/products/download/Datasheet/DRS-24V50W1NZ","{""Input Type"":""AC"",""Number of Outputs"":""1"",""AC Voltage - Input"":""85 ~ 264 VAC"",""Voltage - Output 1"":""24V"",""Voltage - Output 2"":""-"",""Voltage - Output 3"":""-"",""Voltage - Output 4"":""-"",""Voltage - Output 5"":""-"",""Voltage - Output 6"":""-"",""Current - Output (Max)"":""2.1A"",""Power (Watts)"":""50W"",""Voltage - Isolation"":""3 kV"",""Applications"":""ITE (Commercial)"",""Efficiency"":""90%"",""Operating Temperature"":""-20°C ~ 70°C (With Derating)"",""Features"":""Adjustable Output, IP20, Load Sharing, Universal Input"",""Size / Dimension"":""3.52\"" L x 1.18\"" W x 2.95\"" H (89.5mm x 30.0mm x 75.0mm)"",""Approval Agency"":""CB, CE, cULus, cURus, TUV"",""Series"":""Sync (50W)""}"
"DRP024V060W3BN","AC/DC DIN RAIL SUPPLY 24V 60W","Delta Electronics","Power Supplies","86.91","0","AC/DC DIN RAIL SUPPLY 24V 60W","https://www.deltapsu.com/en/products/download/Datasheet/DRP024V060W3BA","{""Input Type"":""AC"",""Number of Outputs"":""1"",""AC Voltage - Input"":""320 ~ 600 VAC (3 Phase)"",""Voltage - Output 1"":""24V"",""Voltage - Output 2"":""-"",""Voltage - Output 3"":""-"",""Voltage - Output 4"":""-"",""Voltage - Output 5"":""-"",""Voltage - Output 6"":""-"",""Current - Output (Max)"":""2.5A"",""Power (Watts)"":""60W"",""Voltage - Isolation"":""4 kV"",""Applications"":""ITE (Commercial)"",""Efficiency"":""86%"",""Operating Temperature"":""-25°C ~ 80°C (With Derating)"",""Features"":""Adjustable Output, IP20, Load Sharing, PFC, Universal Input"",""Size / Dimension"":""4.62\"" L x 1.97\"" W x 4.76\"" H (117.3mm x 50.0mm x 121.0mm)"",""Approval Agency"":""CB Scheme, CE, CSA, EAC, EN, SIQ, UL"",""Standard Number"":""107.1-01; 508; 50581; 55011; 55024; 55032; 60950-1; 61000-3-2; 61000-3-3; 61000-6-2; 61204-3; 62368-1"",""Series"":""CliQ II (60W)""}"
"DRP024V120W1BN","AC/DC DIN RAIL SUPPLY 24V 120W","Delta Electronics","Power Supplies","90.76","0","AC/DC DIN RAIL SUPPLY 24V 120W","https://www.deltapsu.com/en/products/download/Datasheet/DRP024V120W1BA","{""Input Type"":""AC"",""Number of Outputs"":""1"",""AC Voltage - Input"":""85 ~ 264 VAC"",""Voltage - Output 1"":""24V"",""Voltage - Output 2"":""-"",""Voltage - Output 3"":""-"",""Voltage - Output 4"":""-"",""Voltage - Output 5"":""-"",""Voltage - Output 6"":""-"",""Current - Output (Max)"":""5A"",""Power (Watts)"":""120W"",""Voltage - Isolation"":""4 kV"",""Applications"":""ITE (Commercial)"",""Efficiency"":""90%"",""Operating Temperature"":""-20°C ~ 85°C (With Derating)"",""Features"":""Adjustable Output, IP20, Load Sharing, PFC, Universal Input"",""Size / Dimension"":""4.87\"" L x 1.97\"" W x 4.76\"" H (123.7mm x 50.0mm x 121.0mm)"",""Approval Agency"":""CB Scheme, CE, CSA, EAC, EN, SIQ, UL"",""Standard Number"":""107.1-01; 508; 50581; 55011; 55024; 55032; 60950-1; 61000-3-2; 61000-3-3; 61000-6-2; 61204-3; 62368-1"",""Series"":""CliQ II (120W)""}"
"DRP024V120W3BN","AC/DC DIN RAIL SUPPLY 24V 120W","Delta Electronics","Power Supplies","99.15","0","AC/DC DIN RAIL SUPPLY 24V 120W","https://www.deltapsu.com/en/products/download/Datasheet/DRP024V120W3BA","{""Input Type"":""AC"",""Number of Outputs"":""1"",""AC Voltage - Input"":""400 ~ 500 VAC (3 Phase)"",""Voltage - Output 1"":""24V"",""Voltage - Output 2"":""-"",""Voltage - Output 3"":""-"",""Voltage - Output 4"":""-"",""Voltage - Output 5"":""-"",""Voltage - Output 6"":""-"",""Current - Output (Max)"":""5A"",""Power (Watts)"":""120W"",""Voltage - Isolation"":""4 kV"",""Applications"":""ITE (Commercial)"",""Efficiency"":""88%"",""Operating Temperature"":""-25°C ~ 85°C (With Derating)"",""Features"":""Adjustable Output, IP20, Load Sharing, PFC, Universal Input"",""Size / Dimension"":""4.62\"" L x 1.97\"" W x 4.76\"" H (117.3mm x 50.0mm x 121.0mm)"",""Approval Agency"":""CB Scheme, CE, CSA, EAC, EN, SIQ, UL"",""Standard Number"":""107.1-01; 508; 50581; 55011; 55024; 55032; 60950-1; 61000-3-2; 61000-3-3; 61000-6-2; 61204-3; 62368-1"",""Series"":""CliQ II (120W)""}"
"DRS-24V100W1NR","AC/DC DIN RAIL SUPPLY 24V 100W","Delta Electronics","Power Supplies","75.74","0","AC/DC DIN RAIL SUPPLY 24V 100W","https://www.deltapsu.com/en/products/download/Datasheet/DRS-24V100W1AZ","{""Input Type"":""AC"",""Number of Outputs"":""1"",""AC Voltage - Input"":""85 ~ 264 VAC"",""Voltage - Output 1"":""24V"",""Voltage - Output 2"":""-"",""Voltage - Output 3"":""-"",""Voltage - Output 4"":""-"",""Voltage - Output 5"":""-"",""Voltage - Output 6"":""-"",""Current - Output (Max)"":""3.8A"",""Power (Watts)"":""100W"",""Voltage - Isolation"":""3 kV"",""Applications"":""ITE (Commercial)"",""Efficiency"":""89%"",""Operating Temperature"":""-20°C ~ 70°C (With Derating)"",""Features"":""Adjustable Output, IP20, Load Sharing, PFC, Universal Input"",""Size / Dimension"":""3.94\"" L x 1.77\"" W x 2.95\"" H (100.0mm x 45.0mm x 75.0mm)"",""Approval Agency"":""CB, CE, cULus, cURus, TUV"",""Series"":""Sync (100W)""}"
"DRM-24V480W1PN","AC/DC DIN RAIL SUPPLY 24V 480W","Delta Electronics","Power Supplies","314.29","0","AC/DC DIN RAIL SUPPLY 24V 480W","https://www.deltapsu.com/en/products/download/Datasheet/DRM-24V480W1PN","{""Input Type"":""AC"",""Number of Outputs"":""1"",""AC Voltage - Input"":""85 ~ 276 VAC"",""Voltage - Output 1"":""24V"",""Voltage - Output 2"":""-"",""Voltage - Output 3"":""-"",""Voltage - Output 4"":""-"",""Voltage - Output 5"":""-"",""Voltage - Output 6"":""-"",""Current - Output (Max)"":""20A"",""Power (Watts)"":""480W"",""Voltage - Isolation"":""4.54 kV"",""Applications"":""ITE (Commercial)"",""Efficiency"":""94.17%"",""Operating Temperature"":""-25°C ~ 70°C (With Derating)"",""Features"":""Adjustable Output, IP20, PFC"",""Size / Dimension"":""4.88\"" L x 3.23\"" W x 5.00\"" H (124.0mm x 82.0mm x 127.0mm)"",""Approval Agency"":""CB, cCSAus, CE, cULus, cURus"",""Standard Number"":""508; 50581; 55011; 55024; 55032; 60950-1; 61000-3-2; 61000-6-2; 61000-6-3; 61010-1; 61204-3; 61558-1; 61558-2-16; 62368-1"",""Series"":""CliQ M (480W)""}"
"DRS-12V50W1NZ","AC/DC DIN RAIL SUPPLY 12V 50W","Delta Electronics","Power Supplies","44.17","0","AC/DC DIN RAIL SUPPLY 12V 50W","https://www.deltapsu.com/en/products/download/Datasheet/DRS-12V50W1NZ","{""Input Type"":""AC"",""Number of Outputs"":""1"",""AC Voltage - Input"":""85 ~ 264 VAC"",""Voltage - Output 1"":""12V"",""Voltage - Output 2"":""-"",""Voltage - Output 3"":""-"",""Voltage - Output 4"":""-"",""Voltage - Output 5"":""-"",""Voltage - Output 6"":""-"",""Current - Output (Max)"":""4A"",""Power (Watts)"":""50W"",""Voltage - Isolation"":""3 kV"",""Applications"":""ITE (Commercial)"",""Efficiency"":""89%"",""Operating Temperature"":""-20°C ~ 70°C (With Derating)"",""Features"":""Adjustable Output, IP20, Load Sharing, Universal Input"",""Size / Dimension"":""3.52\"" L x 1.18\"" W x 2.95\"" H (89.5mm x 30.0mm x 75.0mm)"",""Approval Agency"":""CB, CE, cULus, cURus, TUV"",""Series"":""Sync (50W)""}"
"DRS-5V50W1AZ","AC/DC DIN RAIL SUPPLY 5V 30W","Delta Electronics","Power Supplies","41.06","0","AC/DC DIN RAIL SUPPLY 5V 30W","https://www.deltapsu.com/en/products/download/Datasheet/DRS-5V50W1NZ","{""Input Type"":""AC"",""Number of Outputs"":""1"",""AC Voltage - Input"":""85 ~ 264 VAC"",""Voltage - Output 1"":""5V"",""Voltage - Output 2"":""-"",""Voltage - Output 3"":""-"",""Voltage - Output 4"":""-"",""Voltage - Output 5"":""-"",""Voltage - Output 6"":""-"",""Current - Output (Max)"":""6A"",""Power (Watts)"":""30W"",""Voltage - Isolation"":""3 kV"",""Applications"":""ITE (Commercial)"",""Efficiency"":""82%"",""Operating Temperature"":""-20°C ~ 70°C (With Derating)"",""Features"":""Adjustable Output, IP20, Universal Input"",""Size / Dimension"":""3.74\"" L x 1.18\"" W x 2.95\"" H (95.0mm x 30.0mm x 75.0mm)"",""Approval Agency"":""CB, CE, cULus, cURus, TUV"",""Series"":""Sync (50W)""}"
"DRV-24V480W1PN","AC/DC DIN RAIL SUPPLY 24V 480W","Delta Electronics","Power Supplies","389.12","0","AC/DC DIN RAIL SUPPLY 24V 480W","https://www.deltapsu.com/en/products/download/Datasheet/DRV-24V480W1PN","{""Input Type"":""AC or DC"",""Number of Outputs"":""1"",""AC Voltage - Input"":""85 ~ 276 VAC"",""DC Voltage - Input (Min)"":""88V"",""DC Voltage - Input (Max)"":""375V"",""Voltage - Output 1"":""24V"",""Voltage - Output 2"":""-"",""Voltage - Output 3"":""-"",""Voltage - Output 4"":""-"",""Voltage - Output 5"":""-"",""Voltage - Output 6"":""-"",""Current - Output (Max)"":""20A"",""Power (Watts)"":""480W"",""Voltage - Isolation"":""3 kV"",""Applications"":""Industrial, ITE (Commercial)"",""Efficiency"":""94.17%"",""Operating Temperature"":""-25°C ~ 70°C (With Derating)"",""Features"":""Adjustable Output, IP20, PFC, Universal Input"",""Size / Dimension"":""5.87\"" L x 3.23\"" W x 4.88\"" H (149.0mm x 82.0mm x 124.0mm)"",""Approval Agency"":""CB Scheme, CE, EN, SIQ, UL"",""Standard Number"":""508; 50581; 55011; 55024; 55032; 60950-1; 61000-3-2; 61000-3-3; 61000-6-1; 61000-6-2; 61000-6-3; 61000-6-4; 61204-3"",""Series"":""CliQ VA (480W)""}"
"DRU-24V40ABN","UPS MODULE 40A 24V DIN","Delta Electronics","Power Supplies","69.34","0","UPS MODULE 40A 24V DIN","https://www.deltapsu.com/en/products/download/Datasheet/DRU-24V40ABN","{""Type"":""-"",""Applications"":""General Purpose, Industrial Control"",""Form"":""Din Rail"",""Power - Rated"":""960W"",""AC Outlets"":""-"",""Backup Time - Max Load"":""4.5 minutes"",""Media Lines Protected"":""-"",""Voltage - Output"":""24V"",""Input Connector"":""-"",""Output Connector"":""-"",""Cord Length"":""-"",""Size / Dimension"":""4.618\"" L x 1.969\"" W (117.30mm x 50.00mm)"",""Height"":""4.764\"" (121.00mm)"",""Series"":""CliQ II""}"
"DRS-24V100W1NZ","AC/DC DIN RAIL SUPPLY 24V 100W","Delta Electronics","Power Supplies","73.28","0","AC/DC DIN RAIL SUPPLY 24V 100W","https://www.deltapsu.com/en/products/download/Datasheet/DRS-24V100W1AZ","{""Input Type"":""AC"",""Number of Outputs"":""1"",""AC Voltage - Input"":""85 ~ 264 VAC"",""Voltage - Output 1"":""24V"",""Voltage - Output 2"":""-"",""Voltage - Output 3"":""-"",""Voltage - Output 4"":""-"",""Voltage - Output 5"":""-"",""Voltage - Output 6"":""-"",""Current - Output (Max)"":""3.8A"",""Power (Watts)"":""100W"",""Voltage - Isolation"":""3 kV"",""Applications"":""ITE (Commercial)"",""Efficiency"":""89%"",""Operating Temperature"":""-20°C ~ 70°C (With Derating)"",""Features"":""Adjustable Output, IP20, Load Sharing, PFC, Universal Input"",""Size / Dimension"":""3.94\"" L x 1.77\"" W x 2.95\"" H (100.0mm x 45.0mm x 75.0mm)"",""Approval Agency"":""CB, CE, cULus, cURus, TUV"",""Series"":""Sync (100W)""}"
"DRM-24V240W1PN","AC/DC DIN RAIL SUPPLY 24V 240W","Delta Electronics","Power Supplies","183.12","0","AC/DC DIN RAIL SUPPLY 24V 240W","https://www.deltapsu.com/en/products/download/Datasheet/DRM-24V240W1PN","{""Input Type"":""AC"",""Number of Outputs"":""1"",""AC Voltage - Input"":""85 ~ 276 VAC"",""Voltage - Output 1"":""24V"",""Voltage - Output 2"":""-"",""Voltage - Output 3"":""-"",""Voltage - Output 4"":""-"",""Voltage - Output 5"":""-"",""Voltage - Output 6"":""-"",""Current - Output (Max)"":""10A"",""Power (Watts)"":""240W"",""Voltage - Isolation"":""4.54 kV"",""Applications"":""ITE (Commercial)"",""Efficiency"":""94.8%"",""Operating Temperature"":""-25°C ~ 70°C (With Derating)"",""Features"":""Adjustable Output, IP20, Load Sharing, PFC, Universal Input"",""Size / Dimension"":""4.61\"" L x 2.36\"" W x 4.88\"" H (117.0mm x 60.0mm x 124.0mm)"",""Approval Agency"":""CB, cCSAus, CE, cURus"",""Standard Number"":""508; 50581; 55011; 55024; 55032; 60950-1; 61000-3-2; 61000-6-2; 61000-6-3; 61010-1; 61204-3; 61558-1; 61558-2-16; 62368-1"",""Series"":""CliQ M (240W)""}"
"06DKPS4","LINE FILTER 250VAC 6A CHASS MNT","Delta Electronics","Cables & Connectors","27.01","0","LINE FILTER 250VAC 6A CHASS MNT","https://filecenter.deltaww.com/Products/download/04/0406/iec_inlet_filter/DKP.pdf","{""Filter Type"":""Single Phase"",""Configuration"":""Single Stage"",""Voltage - Rated DC"":""-"",""Voltage - Rated AC"":""250V"",""Current"":""6 A"",""Frequency - Operating"":""50/60Hz"",""Applications"":""General Purpose"",""Approval Agency"":""cURus, ENEC"",""Operating Temperature"":""-"",""Mounting Type"":""Chassis Mount"",""Termination Style"":""Terminal Block"",""Inductance"":""4mH"",""Series"":""-""}"
"10DKPS4","LINE FILTER 250VAC 10A CHASS MNT","Delta Electronics","Cables & Connectors","27.14","0","LINE FILTER 250VAC 10A CHASS MNT","https://filecenter.deltaww.com/Products/download/04/0406/iec_inlet_filter/DKP.pdf","{""Filter Type"":""Single Phase"",""Configuration"":""Single Stage"",""Voltage - Rated DC"":""-"",""Voltage - Rated AC"":""250V"",""Current"":""10 A"",""Frequency - Operating"":""50/60Hz"",""Applications"":""General Purpose"",""Approval Agency"":""cURus, ENEC"",""Operating Temperature"":""-"",""Mounting Type"":""Chassis Mount"",""Termination Style"":""Terminal Block"",""Inductance"":""1.7mH"",""Series"":""-""}"
"30DKPS4","LINE FILTER 250VAC 30A CHASS MNT","Delta Electronics","Cables & Connectors","27.3","0","LINE FILTER 250VAC 30A CHASS MNT","https://filecenter.deltaww.com/Products/download/04/0406/iec_inlet_filter/DKP.pdf","{""Filter Type"":""Single Phase"",""Configuration"":""Single Stage"",""Voltage - Rated DC"":""-"",""Voltage - Rated AC"":""250V"",""Current"":""30 A"",""Frequency - Operating"":""50/60Hz"",""Applications"":""General Purpose"",""Approval Agency"":""cURus, ENEC"",""Operating Temperature"":""-"",""Mounting Type"":""Chassis Mount"",""Termination Style"":""Terminal Block"",""Inductance"":""120µH"",""Series"":""-""}"
"06DRPS4","LINE FILTER 250VAC 6A CHASS MNT","Delta Electronics","Cables & Connectors","30.94","0","LINE FILTER 250VAC 6A CHASS MNT","https://filecenter.deltaww.com/Products/download/04/0406/iec_inlet_filter/DRP.pdf","{""Filter Type"":""Single Phase"",""Configuration"":""Two Stage"",""Voltage - Rated DC"":""-"",""Voltage - Rated AC"":""250V"",""Current"":""6 A"",""Frequency - Operating"":""50/60Hz"",""Applications"":""General Purpose"",""Approval Agency"":""cURus, ENEC"",""Operating Temperature"":""-"",""Mounting Type"":""Chassis Mount"",""Termination Style"":""Terminal Block"",""Inductance"":""4mH"",""Series"":""DRP""}"
"10DRPS4","LINE FILTER 250VAC 10A CHASS MNT","Delta Electronics","Cables & Connectors","31.24","0","LINE FILTER 250VAC 10A CHASS MNT","https://filecenter.deltaww.com/Products/download/04/0406/iec_inlet_filter/DRP.pdf","{""Filter Type"":""Single Phase"",""Configuration"":""Two Stage"",""Voltage - Rated DC"":""-"",""Voltage - Rated AC"":""250V"",""Current"":""10 A"",""Frequency - Operating"":""50/60Hz"",""Applications"":""General Purpose"",""Approval Agency"":""cURus, ENEC"",""Operating Temperature"":""-"",""Mounting Type"":""Chassis Mount"",""Termination Style"":""Terminal Block"",""Inductance"":""1.7mH"",""Series"":""DRP""}"
"30DKPS4E","LINE FILTER 250VAC 30A CHASS MNT","Delta Electronics","Cables & Connectors","34.28","0","LINE FILTER 250VAC 30A CHASS MNT","https://filecenter.deltaww.com/Products/download/04/0406/iec_inlet_filter/DKP.pdf","{""Filter Type"":""Single Phase"",""Configuration"":""Single Stage"",""Voltage - Rated DC"":""-"",""Voltage - Rated AC"":""250V"",""Current"":""30 A"",""Frequency - Operating"":""50/60Hz"",""Applications"":""General Purpose"",""Approval Agency"":""cURus, ENEC"",""Operating Temperature"":""-"",""Mounting Type"":""Chassis Mount"",""Termination Style"":""Terminal Block"",""Inductance"":""600µH"",""Series"":""-""}"
"30DKPS4E(D)","LINE FILTER 250VAC 30A CHASS MNT","Delta Electronics","Cables & Connectors","39.07","0","LINE FILTER 250VAC 30A CHASS MNT","https://filecenter.deltaww.com/Products/download/04/0406/iec_inlet_filter/DKP.pdf","{""Filter Type"":""Single Phase"",""Configuration"":""Single Stage"",""Voltage - Rated DC"":""-"",""Voltage - Rated AC"":""250V"",""Current"":""30 A"",""Frequency - Operating"":""50/60Hz"",""Applications"":""General Purpose"",""Approval Agency"":""cURus, ENEC"",""Operating Temperature"":""-"",""Mounting Type"":""Chassis Mount"",""Termination Style"":""Terminal Block"",""Inductance"":""600µH"",""Series"":""-""}"
"30DRPS4E","LINE FILTER 250VAC 30A CHASS MNT","Delta Electronics","Cables & Connectors","42.75","0","LINE FILTER 250VAC 30A CHASS MNT","https://filecenter.deltaww.com/Products/download/04/0406/iec_inlet_filter/DRP.pdf","{""Filter Type"":""Single Phase"",""Configuration"":""Two Stage"",""Voltage - Rated DC"":""-"",""Voltage - Rated AC"":""250V"",""Current"":""30 A"",""Frequency - Operating"":""50/60Hz"",""Applications"":""General Purpose"",""Approval Agency"":""cURus, ENEC"",""Operating Temperature"":""-"",""Mounting Type"":""Chassis Mount"",""Termination Style"":""Terminal Block"",""Inductance"":""600µH"",""Series"":""DRP""}"
"30TDVST2","LINE FILTER 480VAC 30A CHASS MNT","Delta Electronics","Cables & Connectors","0","0","LINE FILTER 480VAC 30A CHASS MNT","https://filecenter.deltaww.com/Products/download/04/0406/three_phase/TDV.pdf","{""Filter Type"":""Three Phase (Delta)"",""Configuration"":""Single Stage"",""Voltage - Rated DC"":""-"",""Voltage - Rated AC"":""480V"",""Current"":""30 A"",""Frequency - Operating"":""50/60Hz"",""Applications"":""General Purpose"",""Approval Agency"":""cURus, ENEC, SEMKO"",""Operating Temperature"":""-25°C ~ 100°C"",""Mounting Type"":""Chassis Mount"",""Termination Style"":""Terminal Block"",""Inductance"":""1mH"",""Series"":""TDV"",""Pack Size"":""10""}"
"55TDVST2","LINE FILTER 480VAC 55A CHASS MNT","Delta Electronics","Cables & Connectors","151.22","0","LINE FILTER 480VAC 55A CHASS MNT","https://filecenter.deltaww.com/Products/download/04/0406/three_phase/TDV.pdf","{""Filter Type"":""Three Phase (Delta)"",""Configuration"":""Single Stage"",""Voltage - Rated DC"":""-"",""Voltage - Rated AC"":""480V"",""Current"":""55 A"",""Frequency - Operating"":""50/60Hz"",""Applications"":""General Purpose"",""Approval Agency"":""cURus, ENEC, SEMKO"",""Operating Temperature"":""-25°C ~ 100°C"",""Mounting Type"":""Chassis Mount"",""Termination Style"":""Terminal Block"",""Inductance"":""600µH"",""Series"":""TDV"",""Pack Size"":""800""}"
"GTB036PUD25R","FAN BLWR CENT 360X251MM 230VAC","Delta Electronics","Cables & Connectors","830.36","0","FAN BLWR CENT 360X251MM 230VAC","https://www.delta-fan.com/Download/HPAM-EC-fans/Spec/GTB036PUD25R.pdf","{""Voltage - Rated"":""400VAC"",""Size / Dimension"":""Round - 360.2mm Dia"",""Width"":""250.8mm"",""Air Flow"":""3054.0 CFM (85.51m³/min)"",""Static Pressure"":""3.330 in H2O (829.5 Pa)"",""Bearing Type"":""Ball"",""Fan Type"":""Motorized Impellers"",""Features"":""PWM Control, Speed Sensor (Tach)"",""Noise"":""80.0dB(A)"",""Power (Watts)"":""648W"",""RPM"":""2200 RPM"",""Termination"":""Terminal Block"",""Ingress Protection"":""IP54 - Dust Protected, Water Resistant"",""Operating Temperature"":""-13 ~ 140°F (-25 ~ 60°C)"",""Approval Agency"":""cUL, TUV, UL"",""Weight"":""23 lbs (10.4 kg)"",""Series"":""GTB"",""Pack Size"":""12""}"
"GTB040PUD26R","FAN BLWR CENT 404X257MM 400VAC","Delta Electronics","Cables & Connectors","850.39","0","FAN BLWR CENT 404X257MM 400VAC","https://www.delta-fan.com/Download/HPAM-EC-fans/Spec/GTB040PUD26R.pdf","{""Voltage - Rated"":""400VAC"",""Size / Dimension"":""Round - 404mm Dia"",""Width"":""256.6mm"",""Air Flow"":""3532.0 CFM (98.90m³/min)"",""Static Pressure"":""3.031 in H2O (755.0 Pa)"",""Bearing Type"":""Ball"",""Fan Type"":""Motorized Impellers"",""Features"":""PWM Control, Speed Sensor (Tach)"",""Noise"":""79.0dB(A)"",""Power (Watts)"":""640W"",""RPM"":""1850 RPM"",""Termination"":""Terminal Block"",""Ingress Protection"":""IP54 - Dust Protected, Water Resistant"",""Operating Temperature"":""-13 ~ 140°F (-25 ~ 60°C)"",""Approval Agency"":""cUL, TUV, UL"",""Weight"":""23 lbs (10.4 kg)"",""Series"":""GTB"",""Pack Size"":""12""}"
"GTB040PUD27R","FAN BLWR CENT 404X271MM 400VAC","Delta Electronics","Cables & Connectors","850.39","0","FAN BLWR CENT 404X271MM 400VAC","https://www.delta-fan.com/Download/HPAM-EC-fans/Spec/GTB040PUD27R.pdf","{""Voltage - Rated"":""400VAC"",""Size / Dimension"":""Round - 404mm Dia"",""Width"":""270.0mm"",""Air Flow"":""3102.0 CFM (86.86m³/min)"",""Static Pressure"":""3.339 in H2O (831.7 Pa)"",""Bearing Type"":""Ball"",""Fan Type"":""Motorized Impellers"",""Features"":""PWM Control, Speed Sensor (Tach)"",""Noise"":""81.0dB"",""Power (Watts)"":""690W"",""RPM"":""2140 RPM"",""Termination"":""Terminal Block"",""Ingress Protection"":""IP54 - Dust Protected, Water Resistant"",""Operating Temperature"":""-13 ~ 140°F (-25 ~ 60°C)"",""Approval Agency"":""cUL, TUV, UL"",""Weight"":""23 lbs (10.4 kg)"",""Series"":""GTB"",""Pack Size"":""12""}"
"GTB036PUD25R N1","FAN BLWR CENT 360X251MM 230VAC","Delta Electronics","Cables & Connectors","873.38","0","FAN BLWR CENT 360X251MM 230VAC","https://www.delta-fan.com/Download/HPAM-EC-fans/Spec/GTB036PUD25R_N1.pdf","{""Voltage - Rated"":""400VAC"",""Size / Dimension"":""Round - 360.2mm Dia"",""Width"":""250.8mm"",""Air Flow"":""3054.0 CFM (85.51m³/min)"",""Static Pressure"":""3.330 in H2O (829.5 Pa)"",""Bearing Type"":""Ball"",""Fan Type"":""Motorized Impellers"",""Features"":""PWM Control, Speed Sensor (Tach)"",""Noise"":""80.0dB(A)"",""Power (Watts)"":""648W"",""RPM"":""2200 RPM"",""Termination"":""Terminal Block"",""Ingress Protection"":""IP54 - Dust Protected, Water Resistant"",""Operating Temperature"":""-13 ~ 140°F (-25 ~ 60°C)"",""Approval Agency"":""cUL, TUV, UL"",""Weight"":""23 lbs (10.4 kg)"",""Series"":""GTB"",""Pack Size"":""12""}"
"GTB040PUD26R N1","FAN BLWR CENT 404X257MM 400VAC","Delta Electronics","Cables & Connectors","894.43","0","FAN BLWR CENT 404X257MM 400VAC","https://www.delta-fan.com/Download/HPAM-EC-fans/Spec/GTB040PUD26R-N1.pdf","{""Voltage - Rated"":""400VAC"",""Size / Dimension"":""Round - 404mm Dia"",""Width"":""227.3mm"",""Air Flow"":""3532.0 CFM (98.90m³/min)"",""Static Pressure"":""2.050 in H2O (510.6 Pa)"",""Bearing Type"":""Ball"",""Fan Type"":""Motorized Impellers"",""Features"":""PWM Control, Speed Sensor (Tach)"",""Noise"":""79.0dB(A)"",""Power (Watts)"":""640W"",""RPM"":""1850 RPM"",""Termination"":""Terminal Block"",""Ingress Protection"":""IP54 - Dust Protected, Water Resistant"",""Operating Temperature"":""-13 ~ 140°F (-25 ~ 60°C)"",""Approval Agency"":""cUL, TUV, UL"",""Weight"":""26 lbs (11.8 kg)"",""Series"":""GTB"",""Pack Size"":""12""}"
"GTB040PUD27R N1","FAN BLWR CENT 404X271MM 400VAC","Delta Electronics","Cables & Connectors","898.78","0","FAN BLWR CENT 404X271MM 400VAC","https://www.delta-fan.com/Download/HPAM-EC-fans/Spec/GTB040PUD27R_N1.pdf","{""Voltage - Rated"":""400VAC"",""Size / Dimension"":""Round - 405mm Dia"",""Width"":""270.7mm"",""Air Flow"":""3102.0 CFM (86.86m³/min)"",""Static Pressure"":""3.339 in H2O (831.7 Pa)"",""Bearing Type"":""Ball"",""Fan Type"":""Motorized Impellers"",""Features"":""PWM Control, Speed Sensor (Tach)"",""Noise"":""81.0dB"",""Power (Watts)"":""690W"",""RPM"":""2140 RPM"",""Termination"":""Terminal Block"",""Ingress Protection"":""IP54 - Dust Protected, Water Resistant"",""Operating Temperature"":""-13 ~ 140°F (-25 ~ 60°C)"",""Approval Agency"":""cUL, TUV, UL"",""Weight"":""25 lbs (11.3 kg)"",""Series"":""GTB"",""Pack Size"":""12""}"
"30DRPS4","LINE FILTER 250VAC 30A CHASS MNT","Delta Electronics","Cables & Connectors","0","0","LINE FILTER 250VAC 30A CHASS MNT","https://filecenter.deltaww.com/Products/download/04/0406/iec_inlet_filter/DRP.pdf","{""Filter Type"":""Single Phase"",""Configuration"":""Two Stage"",""Voltage - Rated DC"":""-"",""Voltage - Rated AC"":""250V"",""Current"":""30 A"",""Frequency - Operating"":""50/60Hz"",""Applications"":""General Purpose"",""Approval Agency"":""cURus, ENEC"",""Operating Temperature"":""-"",""Mounting Type"":""Chassis Mount"",""Termination Style"":""Terminal Block"",""Inductance"":""120µH"",""Series"":""DRP""}"
"ASB0305HP-00","FAN AXL 30X6.9MM 5VDC RECT CONN","Delta Electronics","Cables & Connectors","10","0","FAN AXL 30X6.9MM 5VDC RECT CONN","https://www.delta-fan.com/Download/Spec/ASB0305HP-00.pdf","{""Voltage - Rated"":""5VDC"",""Size / Dimension"":""Square - 30mm L x 30mm H"",""Width"":""6.90mm"",""Air Flow"":""5.1 CFM (0.143m³/min)"",""Static Pressure"":""0.156 in H2O (38.8 Pa)"",""Bearing Type"":""Superflo"",""Fan Type"":""Tubeaxial"",""Features"":""Locked Rotor Protection, PWM Control, Speed Sensor (Tach)"",""Noise"":""29.0dB(A)"",""Power (Watts)"":""1 W"",""RPM"":""9500 RPM"",""Termination"":""4 Position Rectangular Connector"",""Ingress Protection"":""-"",""Operating Temperature"":""14 ~ 158°F (-10 ~ 70°C)"",""Approval Agency"":""cURus, TUV"",""Weight"":""0.01 lb (4.54 g)"",""Series"":""ASB - Miniature""}"
"AUB0912VH-CX09","FAN AXIAL 92X25.4MM 12VDC","Delta Electronics","Temperature Controllers","11.05","0","FAN AXIAL 92X25.4MM 12VDC","https://www.delta-fan.com/Download/Spec/AUB0912VH-CX09.pdf","{""Voltage - Rated"":""12VDC"",""Size / Dimension"":""Square - 92mm L x 92mm H"",""Width"":""25.40mm"",""Air Flow"":""67.8 CFM (1.90m³/min)"",""Static Pressure"":""0.302 in H2O (75.2 Pa)"",""Bearing Type"":""Superflo"",""Fan Type"":""Tubeaxial"",""Features"":""Locked Rotor Protection, PWM Control, Speed Sensor (Tach)"",""Noise"":""45.0dB(A)"",""Power (Watts)"":""4.56 W"",""RPM"":""3800 RPM"",""Termination"":""4 Wire Leads"",""Ingress Protection"":""-"",""Operating Temperature"":""14 ~ 140°F (-10 ~ 60°C)"",""Approval Agency"":""CE, CSA, UL, VDE"",""Weight"":""0.219 lb (99.34 g)"",""Series"":""AUB""}"
"AUC0512DB-AF00","FAN AXIAL 50X15MM 12VDC WIRE","Delta Electronics","Temperature Controllers","11.33","0","FAN AXIAL 50X15MM 12VDC WIRE","https://www.delta-fan.com/Download/Spec/AUC0512DB-AF00.pdf","{""Voltage - Rated"":""12VDC"",""Size / Dimension"":""Square - 50mm L x 50mm H"",""Width"":""15.00mm"",""Air Flow"":""20.2 CFM (0.566m³/min)"",""Static Pressure"":""0.299 in H2O (74.5 Pa)"",""Bearing Type"":""Superflo"",""Fan Type"":""Tubeaxial"",""Features"":""Locked Rotor Protection, PWM Control, Speed Sensor (Tach)"",""Noise"":""38.5dB(A)"",""Power (Watts)"":""2.16 W"",""RPM"":""7400 RPM"",""Termination"":""4 Wire Leads"",""Ingress Protection"":""-"",""Operating Temperature"":""14 ~ 140°F (-10 ~ 60°C)"",""Approval Agency"":""CE, CSA, UL, VDE"",""Weight"":""0.045 lb (20.41 g)"",""Series"":""-""}"
"KFB0612HAFDB","FAN IMP MTR FRAMEL 60X12MM 12VDC","Delta Electronics","Temperature Controllers","11.69","0","FAN IMP MTR FRAMEL 60X12MM 12VDC","https://www.delta-fan.com/Download/Spec/KFB0612HAFDB.pdf","{""Voltage - Rated"":""12VDC"",""Size / Dimension"":""Round - 60mm Dia"",""Width"":""12.00mm"",""Air Flow"":""9.2 CFM (0.258m³/min)"",""Static Pressure"":""0.634 in H2O (157.9 Pa)"",""Bearing Type"":""Ball"",""Fan Type"":""Motorized Impellers, Frameless"",""Features"":""Locked Rotor Protection, PWM Control, Speed Sensor (Tach)"",""Noise"":""36.7dB(A)"",""Power (Watts)"":""1.8 W"",""RPM"":""3300 RPM"",""Termination"":""4 Wire Leads"",""Ingress Protection"":""IP55 - Dust Protected, Water Resistant"",""Operating Temperature"":""-4 ~ 212°F (-20 ~ 100°C)"",""Approval Agency"":""CE, cURus, TUV"",""Weight"":""0.061 lb (27.67 g)"",""Series"":""KFB - Frameless""}"
"AUB0912HJ-00","AXIAL 92X25 12V PWM","Delta Electronics","Temperature Controllers","12.56","0","AXIAL 92X25 12V PWM","https://www.delta-fan.com/Download/Spec/AUB0912HJ-00.pdf","{""Voltage - Rated"":""12VDC"",""Size / Dimension"":""Square - 92mm L x 92mm H"",""Width"":""25.00mm"",""Air Flow"":""69.0 CFM (1.93m³/min)"",""Static Pressure"":""0.407 in H2O (101.4 Pa)"",""Bearing Type"":""Sleeve"",""Fan Type"":""Tubeaxial"",""Features"":""Locked Rotor Protection, PWM Control, Speed Sensor (Tach)"",""Noise"":""45.0dB(A)"",""Power (Watts)"":""4.2 W"",""RPM"":""4600 RPM"",""Termination"":""4 Wire Leads"",""Ingress Protection"":""-"",""Operating Temperature"":""14 ~ 185°F (-10 ~ 85°C)"",""Approval Agency"":""CE, cURus, TUV"",""Weight"":""-"",""Series"":""AUB""}"
"AFB0412SHB-SP04","FAN AXIAL 40X15MM 12VDC WIRE","Delta Electronics","Temperature Controllers","14.57","0","FAN AXIAL 40X15MM 12VDC WIRE","https://www.delta-fan.com/Download/Spec/AFB0412SHB-SP04.pdf","{""Voltage - Rated"":""12VDC"",""Size / Dimension"":""Square - 40mm L x 40mm H"",""Width"":""15.00mm"",""Air Flow"":""14.8 CFM (0.414m³/min)"",""Static Pressure"":""0.601 in H2O (149.7 Pa)"",""Bearing Type"":""Ball"",""Fan Type"":""Tubeaxial"",""Features"":""Locked Rotor Protection, PWM Control, Speed Sensor (Tach)"",""Noise"":""41.5dB(A)"",""Power (Watts)"":""1.92 W"",""RPM"":""11000 RPM"",""Termination"":""4 Wire Leads"",""Ingress Protection"":""-"",""Operating Temperature"":""14 ~ 158°F (-10 ~ 70°C)"",""Approval Agency"":""CE, CSA, UL, VDE"",""Weight"":""0.057 lb (25.85 g)"",""Series"":""AFB""}"
"BFB04512HHA-DV52","FAN BLOWER 45X10.3MM 12VDC WIRE","Delta Electronics","Temperature Controllers","15.37","0","FAN BLOWER 45X10.3MM 12VDC WIRE","https://www.delta-fan.com/Download/Spec/BFB04512HHA-DV52.pdf","{""Voltage - Rated"":""12VDC"",""Size / Dimension"":""Square - 45mm L x 45mm H"",""Width"":""10.30mm"",""Air Flow"":""3.6 CFM (0.101m³/min)"",""Static Pressure"":""0.598 in H2O (149.0 Pa)"",""Bearing Type"":""Ball"",""Fan Type"":""Blower"",""Features"":""Locked Rotor Protection, PWM Control, Speed Sensor (Tach)"",""Noise"":""36.0dB(A)"",""Power (Watts)"":""1.68 W"",""RPM"":""6100 RPM"",""Termination"":""4 Wire Leads"",""Ingress Protection"":""-"",""Operating Temperature"":""14 ~ 158°F (-10 ~ 70°C)"",""Approval Agency"":""CE, CSA, UL, VDE"",""Weight"":""0.04 lb (18.14 g)"",""Series"":""BFB""}"
"AFC0712DD-TP10","FAN AXIAL 70X20MM 12VDC WIRE","Delta Electronics","Temperature Controllers","15.48","0","FAN AXIAL 70X20MM 12VDC WIRE","https://www.delta-fan.com/Download/Spec/AFC0712DD-TP10.pdf","{""Voltage - Rated"":""12VDC"",""Size / Dimension"":""Square - 70mm L x 70mm H"",""Width"":""20.00mm"",""Air Flow"":""46.9 CFM (1.31m³/min)"",""Static Pressure"":""0.285 in H2O (71.0 Pa)"",""Bearing Type"":""Ball"",""Fan Type"":""Tubeaxial"",""Features"":""Locked Rotor Protection, PWM Control, Speed Sensor (Tach)"",""Noise"":""44.3dB(A)"",""Power (Watts)"":""4.2 W"",""RPM"":""5000 RPM"",""Termination"":""4 Wire Leads"",""Ingress Protection"":""-"",""Operating Temperature"":""14 ~ 140°F (-10 ~ 60°C)"",""Approval Agency"":""CE, TUV, UL"",""Weight"":""0.154 lb (69.85 g)"",""Series"":""AFC""}"
"EFB0412VHD-SP05","FAN AXIAL 40X20MM 12VDC WIRE","Delta Electronics","Temperature Controllers","15.64","0","FAN AXIAL 40X20MM 12VDC WIRE","https://www.delta-fan.com/Download/Spec/EFB0412VHD-SP05.pdf","{""Voltage - Rated"":""12VDC"",""Size / Dimension"":""Square - 40mm L x 40mm H"",""Width"":""20.00mm"",""Air Flow"":""10.1 CFM (0.283m³/min)"",""Static Pressure"":""0.416 in H2O (103.6 Pa)"",""Bearing Type"":""Ball"",""Fan Type"":""Tubeaxial"",""Features"":""Locked Rotor Protection, PWM Control, Speed Sensor (Tach)"",""Noise"":""32.5dB(A)"",""Power (Watts)"":""1.44 W"",""RPM"":""9000 RPM"",""Termination"":""4 Wire Leads"",""Ingress Protection"":""-"",""Operating Temperature"":""14 ~ 158°F (-10 ~ 70°C)"",""Approval Agency"":""CE, CSA, UL, VDE"",""Weight"":""0.073 lb (33.11 g)"",""Series"":""EFB""}"
"THA0412AD","FAN AXIAL 40X20MM 12VDC WIRE","Delta Electronics","Temperature Controllers","16.56","0","FAN AXIAL 40X20MM 12VDC WIRE","https://www.delta-fan.com/Download/Spec/THA0412AD.pdf","{""Voltage - Rated"":""12VDC"",""Size / Dimension"":""Square - 40mm L x 40mm H"",""Width"":""20.00mm"",""Air Flow"":""20.6 CFM (0.577m³/min)"",""Static Pressure"":""1.385 in H2O (345.0 Pa)"",""Bearing Type"":""Ball"",""Fan Type"":""Tubeaxial"",""Features"":""Locked Rotor Protection, PWM Control, Speed Sensor (Tach)"",""Noise"":""52.0dB(A)"",""Power (Watts)"":""5.16 W"",""RPM"":""15600 RPM"",""Termination"":""4 Wire Leads"",""Ingress Protection"":""-"",""Operating Temperature"":""14 ~ 158°F (-10 ~ 70°C)"",""Approval Agency"":""CE, cURus, TUV"",""Weight"":""0.057 lb (25.85 g)"",""Series"":""THA""}"
"KDB0305HA3-00","FAN BLOWER 30X3.5MM 5VDC RECT","Delta Electronics","Cables & Connectors","17.15","0","FAN BLOWER 30X3.5MM 5VDC RECT","https://www.delta-fan.com/Download/Spec/KDB0305HA3-00C1J.pdf","{""Voltage - Rated"":""5VDC"",""Size / Dimension"":""Square - 30mm L x 30mm H"",""Width"":""3.50mm"",""Air Flow"":""0.950 CFM (0.027m³/min)"",""Static Pressure"":""0.946 in H2O (235.6 Pa)"",""Bearing Type"":""Hydrodynamic"",""Fan Type"":""Blower"",""Features"":""Locked Rotor Protection, PWM Control, Speed Sensor (Tach)"",""Noise"":""42.0dB(A)"",""Power (Watts)"":""1.75 W"",""RPM"":""12500 RPM"",""Termination"":""4 Position Rectangular Connector"",""Ingress Protection"":""IP55 - Dust Protected, Water Resistant"",""Operating Temperature"":""14 ~ 140°F (-10 ~ 60°C)"",""Approval Agency"":""cULus, TUV"",""Weight"":""0.012 lb (5.44 g)"",""Series"":""KDB - Miniature""}"
"BFB0512HA-CX3D","FAN BLOWER 50X10.3MM 12VDC WIRE","Delta Electronics","Temperature Controllers","17.74","0","FAN BLOWER 50X10.3MM 12VDC WIRE","https://www.delta-fan.com/Download/Spec/BFB0512HA-CX3D.pdf","{""Voltage - Rated"":""12VDC"",""Size / Dimension"":""Square - 50mm L x 50mm H"",""Width"":""10.30mm"",""Air Flow"":""3.5 CFM (0.098m³/min)"",""Static Pressure"":""0.563 in H2O (140.2 Pa)"",""Bearing Type"":""Ball"",""Fan Type"":""Blower"",""Features"":""Locked Rotor Protection, PWM Control, Speed Sensor (Tach)"",""Noise"":""32.5dB(A)"",""Power (Watts)"":""1.44 W"",""RPM"":""5100 RPM"",""Termination"":""4 Wire Leads"",""Ingress Protection"":""-"",""Operating Temperature"":""14 ~ 158°F (-10 ~ 70°C)"",""Approval Agency"":""CE, cURus, VDE"",""Weight"":""0.05 lb (22.68 g)"",""Series"":""BFB""}"
"TFA0412CN-CN","FAN AXIAL 40X28MM 12VDC WIRE","Delta Electronics","Temperature Controllers","17.97","0","FAN AXIAL 40X28MM 12VDC WIRE","https://www.delta-fan.com/Download/Spec/TFA0412CN-CN.pdf","{""Voltage - Rated"":""12VDC"",""Size / Dimension"":""Square - 40mm L x 40mm H"",""Width"":""28.00mm"",""Air Flow"":""25.3 CFM (0.708m³/min)"",""Static Pressure"":""1.868 in H2O (465.3 Pa)"",""Bearing Type"":""Ball"",""Fan Type"":""Tubeaxial"",""Features"":""Locked Rotor Protection, PWM Control, Speed Sensor (Tach)"",""Noise"":""55.0dB(A)"",""Power (Watts)"":""7.2 W"",""RPM"":""17600 RPM"",""Termination"":""4 Wire Leads"",""Ingress Protection"":""IP51 - Dust Protected"",""Operating Temperature"":""14 ~ 158°F (-10 ~ 70°C)"",""Approval Agency"":""CE, cURus, TUV"",""Weight"":""0.098 lb (44.45 g)"",""Series"":""TFA""}"
"TFA0412BN-CN","FAN AXIAL 40X28MM 12VDC WIRE","Delta Electronics","Temperature Controllers","18.57","0","FAN AXIAL 40X28MM 12VDC WIRE","https://www.delta-fan.com/Download/Spec/TFA0412BN-CN.pdf","{""Voltage - Rated"":""12VDC"",""Size / Dimension"":""Square - 40mm L x 40mm H"",""Width"":""28.00mm"",""Air Flow"":""22.2 CFM (0.622m³/min)"",""Static Pressure"":""1.617 in H2O (402.8 Pa)"",""Bearing Type"":""Ball"",""Fan Type"":""Tubeaxial"",""Features"":""Locked Rotor Protection, PWM Control, Speed Sensor (Tach)"",""Noise"":""50.8dB(A)"",""Power (Watts)"":""5.04 W"",""RPM"":""15600 RPM"",""Termination"":""4 Wire Leads"",""Ingress Protection"":""-"",""Operating Temperature"":""14 ~ 158°F (-10 ~ 70°C)"",""Approval Agency"":""CE, cURus, TUV"",""Weight"":""0.104 lb (47.17 g)"",""Series"":""TFA""}"
"AFC0612D-SP07","FAN AXIAL 60X25.4MM 12VDC WIRE","Delta Electronics","Temperature Controllers","18.71","0","FAN AXIAL 60X25.4MM 12VDC WIRE","https://www.delta-fan.com/Download/Spec/AFC0612D-SP07.pdf","{""Voltage - Rated"":""12VDC"",""Size / Dimension"":""Square - 60mm L x 60mm H"",""Width"":""25.40mm"",""Air Flow"":""23.4 CFM (0.655m³/min)"",""Static Pressure"":""0.211 in H2O (52.6 Pa)"",""Bearing Type"":""Ball"",""Fan Type"":""Tubeaxial"",""Features"":""Locked Rotor Protection, PWM Control, Speed Sensor (Tach)"",""Noise"":""34.0dB(A)"",""Power (Watts)"":""1.56 W"",""RPM"":""4250 RPM"",""Termination"":""4 Wire Leads"",""Ingress Protection"":""-"",""Operating Temperature"":""14 ~ 158°F (-10 ~ 70°C)"",""Approval Agency"":""CE, CSA, UL, VDE"",""Weight"":""0.176 lb (80.00 g)"",""Series"":""AFC""}"
"THA0412AD-TZW3","FAN AXIAL 40X20MM 12VDC WIRE","Delta Electronics","Temperature Controllers","18.79","0","FAN AXIAL 40X20MM 12VDC WIRE","https://www.delta-fan.com/Download/Spec/THA0412AD-TZW3.pdf","{""Voltage - Rated"":""12VDC"",""Size / Dimension"":""Square - 40mm L x 40mm H"",""Width"":""20.00mm"",""Air Flow"":""20.6 CFM (0.577m³/min)"",""Static Pressure"":""1.385 in H2O (345.0 Pa)"",""Bearing Type"":""Ball"",""Fan Type"":""Tubeaxial"",""Features"":""Locked Rotor Protection, PWM Control, Speed Sensor (Tach)"",""Noise"":""52.0dB(A)"",""Power (Watts)"":""5.16 W"",""RPM"":""15600 RPM"",""Termination"":""4 Wire Leads"",""Ingress Protection"":""IP55 - Dust Protected, Water Resistant"",""Operating Temperature"":""-13 ~ 158°F (-25 ~ 70°C)"",""Approval Agency"":""CE, cURus, TUV"",""Weight"":""0.057 lb (25.85 g)"",""Series"":""THA""}"
"QFR0912VH-SP00","FAN AXIAL 92X25.4MM 12VDC WIRE","Delta Electronics","Temperature Controllers","19.75","0","FAN AXIAL 92X25.4MM 12VDC WIRE","https://www.delta-fan.com/Download/Spec/QFR0912VH-SP00.pdf","{""Voltage - Rated"":""12VDC"",""Size / Dimension"":""Square - 92mm L x 92mm H"",""Width"":""25.40mm"",""Air Flow"":""74.8 CFM (2.09m³/min)"",""Static Pressure"":""0.339 in H2O (84.5 Pa)"",""Bearing Type"":""Ball"",""Fan Type"":""Tubeaxial"",""Features"":""Locked Rotor Protection, PWM Control, Speed Sensor (Tach)"",""Noise"":""45.0dB(A)"",""Power (Watts)"":""4.8 W"",""RPM"":""4200 RPM"",""Termination"":""4 Wire Leads"",""Ingress Protection"":""-"",""Operating Temperature"":""14 ~ 158°F (-10 ~ 70°C)"",""Approval Agency"":""CE, cURus, VDE"",""Weight"":""0.243 lb (110.22 g)"",""Series"":""QFR""}"
"PFB0412EHN-TP06","FAN AXIAL 40X28MM 12VDC WIRE","Delta Electronics","Temperature Controllers","20.77","0","FAN AXIAL 40X28MM 12VDC WIRE","https://www.delta-fan.com/Download/Spec/PFB0412EHN-TP06.pdf","{""Voltage - Rated"":""12VDC"",""Size / Dimension"":""Square - 40mm L x 40mm H"",""Width"":""28.00mm"",""Air Flow"":""21.8 CFM (0.610m³/min)"",""Static Pressure"":""1.431 in H2O (356.5 Pa)"",""Bearing Type"":""Ball"",""Fan Type"":""Tubeaxial"",""Features"":""Locked Rotor Protection, PWM Control, Speed Sensor (Tach)"",""Noise"":""54.5dB(A)"",""Power (Watts)"":""6 W"",""RPM"":""16000 RPM"",""Termination"":""4 Wire Leads"",""Ingress Protection"":""-"",""Operating Temperature"":""14 ~ 158°F (-10 ~ 70°C)"",""Approval Agency"":""CE, CSA, UL, VDE"",""Weight"":""0.104 lb (47.17 g)"",""Series"":""PFB""}"
"FFB0412UHN-SP4Z","FAN AXIAL 40X28MM 12VDC WIRE","Delta Electronics","Temperature Controllers","20.92","0","FAN AXIAL 40X28MM 12VDC WIRE","https://www.delta-fan.com/Download/Spec/FFB0412UHN-SP4Z.pdf","{""Voltage - Rated"":""12VDC"",""Size / Dimension"":""Square - 40mm L x 40mm H"",""Width"":""28.00mm"",""Air Flow"":""26.5 CFM (0.742m³/min)"",""Static Pressure"":""3.150 in H2O (784.7 Pa)"",""Bearing Type"":""Ball"",""Fan Type"":""Tubeaxial"",""Features"":""Locked Rotor Protection, PWM Control, Speed Sensor (Tach)"",""Noise"":""59.9dB(A)"",""Power (Watts)"":""10.08 W"",""RPM"":""23000 RPM"",""Termination"":""4 Wire Leads"",""Ingress Protection"":""-"",""Operating Temperature"":""14 ~ 158°F (-10 ~ 70°C)"",""Approval Agency"":""CE, CSA, UL, VDE"",""Weight"":""0.115 lb (52.16 g)"",""Series"":""FFB""}"
"PFB0412EN-E","FAN AXIAL 40X28MM 12VDC WIRE","Delta Electronics","Temperature Controllers","21.39","0","FAN AXIAL 40X28MM 12VDC WIRE","https://www.delta-fan.com/Download/Spec/PFB0412EN-E.pdf","{""Voltage - Rated"":""12VDC"",""Size / Dimension"":""Square - 40mm L x 40mm H"",""Width"":""28.00mm"",""Air Flow"":""38.0 CFM (1.06m³/min)"",""Static Pressure"":""7.430 in H2O (1850.7 Pa)"",""Bearing Type"":""Ball"",""Fan Type"":""Tubeaxial"",""Features"":""Locked Rotor Protection, PWM Control, Speed Sensor (Tach)"",""Noise"":""70.5dB(A)"",""Power (Watts)"":""31.2 W"",""RPM"":""32500 RPM"",""Termination"":""4 Wire Leads"",""Ingress Protection"":""-"",""Operating Temperature"":""14 ~ 176°F (-10 ~ 80°C)"",""Approval Agency"":""CE, cURus, TUV"",""Weight"":""-"",""Series"":""PFB""}"
"AFB1212EJ-01","AXIAL 120X25 12VDC PWM","Delta Electronics","Temperature Controllers","24.19","0","AXIAL 120X25 12VDC PWM","https://www.delta-fan.com/Download/Spec/AFB1212EJ-01.pdf","{""Voltage - Rated"":""12VDC"",""Size / Dimension"":""Square - 120mm L x 120mm H"",""Width"":""25.40mm"",""Air Flow"":""147.0 CFM (4.12m³/min)"",""Static Pressure"":""0.724 in H2O (180.3 Pa)"",""Bearing Type"":""Ball"",""Fan Type"":""Tubeaxial"",""Features"":""Locked Rotor Protection, PWM Control, Speed Sensor (Tach)"",""Noise"":""58.5dB(A)"",""Power (Watts)"":""13.2 W"",""RPM"":""4500 RPM"",""Termination"":""4 Wire Leads"",""Ingress Protection"":""-"",""Operating Temperature"":""14 ~ 140°F (-10 ~ 60°C)"",""Approval Agency"":""CE, cURus, TUV, UKCA"",""Weight"":""-"",""Series"":""AFB""}"
"FFB0448EN-00EEY","FAN AXIAL 40X28MM 48VDC WIRE","Delta Electronics","Temperature Controllers","25.2","0","FAN AXIAL 40X28MM 48VDC WIRE","https://www.delta-fan.com/Download/Spec/FFB0448EN-00EEY.pdf","{""Voltage - Rated"":""48VDC"",""Size / Dimension"":""Square - 40mm L x 40mm H"",""Width"":""28.00mm"",""Air Flow"":""35.4 CFM (0.992m³/min)"",""Static Pressure"":""4.880 in H2O (1215.6 Pa)"",""Bearing Type"":""Ball"",""Fan Type"":""Tubeaxial"",""Features"":""Locked Rotor Protection, PWM Control, Speed Sensor (Tach)"",""Noise"":""66.5dB(A)"",""Power (Watts)"":""20.64 W"",""RPM"":""26500 RPM"",""Termination"":""4 Wire Leads"",""Ingress Protection"":""-"",""Operating Temperature"":""14 ~ 158°F (-10 ~ 70°C)"",""Approval Agency"":""CE, cURus, TUV"",""Weight"":""-"",""Series"":""FFB""}"
"EASY-E4-AC-8RE1","INPUT/OUTPUT MODULE,INPUT4,RELAY","Eaton","I/O Modules","122.24","0","INPUT/OUTPUT MODULE,INPUT4,RELAY","https://www.eaton.com/gb/en-gb/skuPage.197221.pdf","{""Type"":""Input, Output (I/O) Module"",""For Use With/Related Products"":""Eaton Moeller Series"",""Number of Inputs and Type"":""4 - Digital"",""Number of Outputs and Type"":""4 - Digital"",""Voltage - Supply"":""100 ~ 240VAC, 110 ~ 220VDC"",""Mounting Type"":""DIN Rail"",""Termination Style"":""Screw Terminal"",""Features"":""-"",""Series"":""Moeller®""}"
"EASY-E4-AC-12RCX1","EXTENSION MODULE,INPUTS 8,OUTPUT","Eaton","PLC & Controllers","234.71","0","EXTENSION MODULE,INPUTS 8,OUTPUT","//mm.digikey.com/Volume0/opasdata/d220001/medias/docus/9016/EASY-E4-AC-12RCX1.pdf","{""Number of Inputs and Type"":""8 - Digital"",""Number of Outputs and Type"":""4 - Relay"",""Expandable"":""Expandable"",""Voltage - Supply"":""85 ~ 264VAC"",""Display Type"":""LCD - Black Characters, Backlight"",""Number of Characters Per Row"":""-"",""Communications"":""Ethernet, RJ45"",""Memory Size"":""-"",""Mounting Type"":""DIN Rail"",""Features"":""-"",""Series"":""Moeller®""}"
"EASY-E4-AC-16RE1","INPUT/OUTPUT MODULE,INPUTS8,RELA","Eaton","I/O Modules","213.2","0","INPUT/OUTPUT MODULE,INPUTS8,RELA","https://www.eaton.com/gb/en-gb/skuPage.197222.pdf","{""Type"":""Input, Output (I/O) Module"",""For Use With/Related Products"":""Eaton Moeller Series"",""Number of Inputs and Type"":""8 - Digital"",""Number of Outputs and Type"":""8 - Relay"",""Voltage - Supply"":""100 ~ 240VAC, 110 ~ 220VDC"",""Mounting Type"":""DIN Rail"",""Termination Style"":""Screw Terminal"",""Features"":""-"",""Series"":""Moeller®""}"
"EASY-E4-DC-12TC1","PLC CONTROL RELAY WITH DISPLAY","Eaton","PLC & Controllers","273.82","0","PLC CONTROL RELAY WITH DISPLAY","//mm.digikey.com/Volume0/opasdata/d220001/medias/docus/9016/EASY-E4-DC-12TC1.pdf","{""Number of Inputs and Type"":""8 - Digital"",""Number of Outputs and Type"":""4 - Relay"",""Expandable"":""Expandable"",""Voltage - Supply"":""20.4 ~ 28.8VDC"",""Display Type"":""LCD - Black Characters, Backlight"",""Number of Characters Per Row"":""16, 16, 16, 16, 16, 16"",""Communications"":""Ethernet, RJ45"",""Memory Size"":""-"",""Mounting Type"":""DIN Rail"",""Features"":""-"",""Series"":""Moeller®""}"
"EASY-E4-DC-8TE1","INPUT/OUTPUT MODULE,INPUTS 4,OUT","Eaton","I/O Modules","122.24","0","INPUT/OUTPUT MODULE,INPUTS 4,OUT","https://www.eaton.com/gb/en-gb/skuPage.197219.pdf","{""Type"":""Input, Output (I/O) Module"",""For Use With/Related Products"":""Eaton Moeller Series"",""Number of Inputs and Type"":""4 - Digital"",""Number of Outputs and Type"":""-"",""Voltage - Supply"":""24VDC"",""Mounting Type"":""DIN Rail"",""Termination Style"":""Screw Terminal"",""Features"":""-"",""Series"":""Moeller®""}"
"EASY-E4-DC-4PE1","INPUT/OUTPUT MODULE,INPUTS 4,OUT","Eaton","I/O Modules","203.43","0","INPUT/OUTPUT MODULE,INPUTS 4,OUT","https://www.eaton.com/gb/en-gb/skuPage.197224.pdf","{""Type"":""Input, Output (I/O) Module"",""For Use With/Related Products"":""Eaton Moeller Series"",""Number of Inputs and Type"":""4 - Analog"",""Number of Outputs and Type"":""-"",""Voltage - Supply"":""24VDC"",""Mounting Type"":""DIN Rail"",""Termination Style"":""Screw Terminal"",""Features"":""-"",""Series"":""Moeller®""}"
"EASY-E4-UC-16RE1","INPUT/OUTPUT MODULE,INPUTS 8,OUT","Eaton","I/O Modules","213.2","0","INPUT/OUTPUT MODULE,INPUTS 8,OUT","https://www.eaton.com/us/en-us/skuPage.EASY-E4-UC-16RE1.pdf","{""Type"":""Input, Output (I/O) Module"",""For Use With/Related Products"":""Eaton Moeller Series"",""Number of Inputs and Type"":""-"",""Number of Outputs and Type"":""-"",""Voltage - Supply"":""24VAC, 12 ~ 24VDC"",""Mounting Type"":""DIN Rail"",""Termination Style"":""Screw Terminal"",""Features"":""-"",""Series"":""Moeller®""}"
"EASY-E4-DC-16TE1","INPUT/OUTPUT MODULE,INPUTS 8,OUT","Eaton","I/O Modules","213.2","0","INPUT/OUTPUT MODULE,INPUTS 8,OUT","https://www.eaton.com/gb/en-gb/skuPage.197220.pdf","{""Type"":""Input, Output (I/O) Module"",""For Use With/Related Products"":""Eaton Moeller Series"",""Number of Inputs and Type"":""8 - Digital"",""Number of Outputs and Type"":""8 - Solid State"",""Voltage - Supply"":""24VDC"",""Mounting Type"":""Panel Mount"",""Termination Style"":""Screw Terminal"",""Features"":""-"",""Series"":""Moeller®""}"
"EASY-E4-UC-12RCX1","EXTENSION MODULE,INPUTS 8,OUTPUT","Eaton","PLC & Controllers","234.71","0","EXTENSION MODULE,INPUTS 8,OUTPUT","//mm.digikey.com/Volume0/opasdata/d220001/medias/docus/9016/EASY-E4-UC-12RCX1.pdf","{""Number of Inputs and Type"":""8 - Digital"",""Number of Outputs and Type"":""4 - Relay"",""Expandable"":""Expandable"",""Voltage - Supply"":""20.4 ~ 28.8VDC"",""Display Type"":""LCD - Black Characters, Backlight"",""Number of Characters Per Row"":""-"",""Communications"":""Ethernet, RJ45"",""Memory Size"":""-"",""Mounting Type"":""DIN Rail"",""Features"":""-"",""Series"":""Moeller®""}"
"EASY-E4-DC-6AE1","INPUT/OUTPUT MODULE,INPUTS 4,OUT","Eaton","I/O Modules","203.43","0","INPUT/OUTPUT MODULE,INPUTS 4,OUT","https://www.eaton.com/gb/en-gb/skuPage.197223.pdf","{""Type"":""Input, Output (I/O) Module"",""For Use With/Related Products"":""Eaton Moeller Series"",""Number of Inputs and Type"":""4 - Analog"",""Number of Outputs and Type"":""-"",""Voltage - Supply"":""24VDC"",""Mounting Type"":""Panel Mount"",""Termination Style"":""Screw Terminal"",""Features"":""-"",""Series"":""Moeller®""}"
"EASY-E4-AC-12RC1","EXTENSION MODULE,INPUTS 8,OUTPUT","Eaton","PLC & Controllers","273.82","0","EXTENSION MODULE,INPUTS 8,OUTPUT","//mm.digikey.com/Volume0/opasdata/d220001/medias/docus/9016/EASY-E4-AC-12RC1.pdf","{""Number of Inputs and Type"":""8 - Digital"",""Number of Outputs and Type"":""4 - Relay"",""Expandable"":""Expandable"",""Voltage - Supply"":""85 ~ 264VAC"",""Display Type"":""LCD - Black Characters, Backlight"",""Number of Characters Per Row"":""16, 16, 16, 16, 16, 16"",""Communications"":""Ethernet, RJ45"",""Memory Size"":""-"",""Mounting Type"":""DIN Rail"",""Features"":""-"",""Series"":""Moeller®""}"
"EASY-E4-UC-12RC1","EXTENSION MODULE,INPUTS 8,OUTPUT","Eaton","PLC & Controllers","273.82","0","EXTENSION MODULE,INPUTS 8,OUTPUT","//mm.digikey.com/Volume0/opasdata/d220001/medias/docus/9016/EASY-E4-UC-12RC1.pdf","{""Number of Inputs and Type"":""8 - Digital"",""Number of Outputs and Type"":""4 - Relay"",""Expandable"":""Expandable"",""Voltage - Supply"":""20.4 ~ 28.8VDC"",""Display Type"":""LCD - Black Characters, Backlight"",""Number of Characters Per Row"":""16, 16, 16, 16, 16, 16"",""Communications"":""Ethernet, RJ45"",""Memory Size"":""-"",""Mounting Type"":""DIN Rail"",""Features"":""-"",""Series"":""Moeller®""}"
"EASY-E4-UC-8RE1","INPUT/OUTPUT MODULE,INPUTS 4,OUT","Eaton","I/O Modules","122.24","0","INPUT/OUTPUT MODULE,INPUTS 4,OUT","https://www.eaton.com/gb/en-gb/skuPage.197217.pdf","{""Type"":""Input, Output (I/O) Module"",""For Use With/Related Products"":""Eaton Moeller Series"",""Number of Inputs and Type"":""4 - Digital"",""Number of Outputs and Type"":""4 - Relay"",""Voltage - Supply"":""24VAC, 12 ~ 24VDC"",""Mounting Type"":""DIN Rail"",""Termination Style"":""Screw Terminal"",""Features"":""-"",""Series"":""Moeller®""}"
"EASY-E4-DC-12TCX1","EXTENSION MODULE,INPUTS 8,OUTPUT","Eaton","PLC & Controllers","234.71","0","EXTENSION MODULE,INPUTS 8,OUTPUT","//mm.digikey.com/Volume0/opasdata/d220001/medias/docus/9016/EASY-E4-DC-12TCX1.pdf","{""Number of Inputs and Type"":""8 - Digital"",""Number of Outputs and Type"":""4 - Digital"",""Expandable"":""Expandable"",""Voltage - Supply"":""20.4 ~ 28.8VDC"",""Display Type"":""No Display"",""Number of Characters Per Row"":""-"",""Communications"":""Ethernet, RJ45"",""Memory Size"":""-"",""Mounting Type"":""DIN Rail"",""Features"":""-"",""Series"":""Moeller®""}"
"XRAPLCESK","POWER TERMINAL BLOCK","Eaton","Cables & Connectors","47.49","0","POWER TERMINAL BLOCK","https://www.eaton.com/us/en-us/skuPage.XRAPLCESK.pdf","{""Series"":""-"",""Pack Size"":""50""}"
"C441P","MODBUS COMM MODULE WITH I/O 24VD","Eaton","Industrial Networking","1344.44","0","MODBUS COMM MODULE WITH I/O 24VD","https://www.eaton.com/us/en-us/skuPage.C441P.pdf","{""Accessory Type"":""Communication Module"",""For Use With/Related Products"":""C440 Series"",""Usage"":""Communications"",""Specifications"":""-"",""Series"":""-"",""Pack Size"":""2""}"
"C441N","MODBUS COMM MODULE WITH I/O 120V","Eaton","Industrial Networking","1344.44","0","MODBUS COMM MODULE WITH I/O 120V","https://www.eaton.com/us/en-us/skuPage.C441N.pdf","{""Accessory Type"":""Communication Module"",""For Use With/Related Products"":""C440 Series"",""Usage"":""Communications"",""Specifications"":""120VAC"",""Series"":""-"",""Pack Size"":""2""}"
"C441T","ETHERNET COMM 24VDC I/O","Eaton","Industrial Networking","1669.72","0","ETHERNET COMM 24VDC I/O","https://www.eaton.com/us/en-us/skuPage.C441T.pdf","{""Accessory Type"":""Communication Module"",""For Use With/Related Products"":""C440 Series"",""Usage"":""Communications"",""Specifications"":""24V"",""Series"":""-"",""Pack Size"":""2""}"
"DM1-111D6EB-S20S","DM1 PRO 1P 115V FR1 0.25HP 1.6A","Eaton","Drives & VFDs","398.71","0","DM1 PRO 1P 115V FR1 0.25HP 1.6A","https://www.eaton.com/content/dam/eaton/products/industrialcontrols-drives-automation-sensors/variable-frequency-drives/adjustable-frequency-drives-v6-t2-ca08100007e.pdf","{""Mounting Type"":""Panel Mount"",""Number of Motors"":""1"",""Voltage - Load"":""115V"",""Current - Output"":""1.6A"",""Wattage - Load"":""372.85 W"",""Voltage - Supply"":""100 ~ 120VAC"",""Interface"":""RJ45"",""Features"":""-"",""Operating Temperature"":""-30°C ~ 60°C"",""Ingress Protection"":""IP20"",""Approval Agency"":""-"",""Series"":""DM1""}"
"DM1-321D6EB-S20S","DM1 PRO 3P 230V FR1 0.25HP 1.6A","Eaton","Drives & VFDs","417.83","0","DM1 PRO 3P 230V FR1 0.25HP 1.6A","https://www.eaton.com/content/dam/eaton/products/industrialcontrols-drives-automation-sensors/variable-frequency-drives/adjustable-frequency-drives-v6-t2-ca08100007e.pdf","{""Mounting Type"":""Panel Mount"",""Number of Motors"":""1"",""Voltage - Load"":""230V"",""Current - Output"":""1.6A"",""Wattage - Load"":""372.85 W"",""Voltage - Supply"":""200 ~ 240VAC"",""Interface"":""RJ45"",""Features"":""-"",""Operating Temperature"":""-30°C ~ 60°C"",""Ingress Protection"":""IP20"",""Approval Agency"":""-"",""Series"":""DM1""}"
"DM1-341D5EB-S20S","DM1 PRO 3PH 480V FR1 0.5HP 1.5A","Eaton","Drives & VFDs","442.33","0","DM1 PRO 3PH 480V FR1 0.5HP 1.5A","https://www.eaton.com/content/dam/eaton/products/industrialcontrols-drives-automation-sensors/variable-frequency-drives/adjustable-frequency-drives-v6-t2-ca08100007e.pdf","{""Mounting Type"":""Panel Mount"",""Number of Motors"":""1"",""Voltage - Load"":""400V"",""Current - Output"":""1.5A"",""Wattage - Load"":""745.7 W"",""Voltage - Supply"":""380 ~ 480VAC"",""Interface"":""RJ45"",""Features"":""-"",""Operating Temperature"":""-30°C ~ 60°C"",""Ingress Protection"":""IP20"",""Approval Agency"":""-"",""Series"":""DM1""}"
"DM1-113D0EB-S20S","DM1 PRO 1PH 115V FR1 0.5HP 3.0A","Eaton","Drives & VFDs","470.91","0","DM1 PRO 1PH 115V FR1 0.5HP 3.0A","https://www.eaton.com/content/dam/eaton/products/industrialcontrols-drives-automation-sensors/variable-frequency-drives/adjustable-frequency-drives-v6-t2-ca08100007e.pdf","{""Mounting Type"":""Panel Mount"",""Number of Motors"":""1"",""Voltage - Load"":""115V"",""Current - Output"":""3A"",""Wattage - Load"":""1.746 kW"",""Voltage - Supply"":""100 ~ 120VAC"",""Interface"":""RJ45"",""Features"":""-"",""Operating Temperature"":""-30°C ~ 60°C"",""Ingress Protection"":""IP20"",""Approval Agency"":""-"",""Series"":""DM1""}"
"DM1-324D8EB-S20S","DM1 PRO 3PH 230V FR1 1HP 4.8A CT","Eaton","Drives & VFDs","520.27","0","DM1 PRO 3PH 230V FR1 1HP 4.8A CT","https://www.eaton.com/content/dam/eaton/products/industrialcontrols-drives-automation-sensors/variable-frequency-drives/adjustable-frequency-drives-v6-t2-ca08100007e.pdf","{""Mounting Type"":""Panel Mount"",""Number of Motors"":""1"",""Voltage - Load"":""230V"",""Current - Output"":""4.8A"",""Wattage - Load"":""1.491 kW"",""Voltage - Supply"":""200 ~ 240VAC"",""Interface"":""RJ45"",""Features"":""-"",""Operating Temperature"":""-30°C ~ 60°C"",""Ingress Protection"":""IP20"",""Approval Agency"":""-"",""Series"":""DM1""}"
"DM1-114D8EB-S20S","DM1 PRO 1PH 115V FR2 1HP 4.8A CT","Eaton","Drives & VFDs","529.66","0","DM1 PRO 1PH 115V FR2 1HP 4.8A CT","https://www.eaton.com/content/dam/eaton/products/industrialcontrols-drives-automation-sensors/variable-frequency-drives/adjustable-frequency-drives-v6-t2-ca08100007e.pdf","{""Mounting Type"":""Panel Mount"",""Number of Motors"":""1"",""Voltage - Load"":""115V"",""Current - Output"":""4.8A"",""Wattage - Load"":""1.491 kW"",""Voltage - Supply"":""100 ~ 120VAC"",""Interface"":""RJ45"",""Features"":""-"",""Operating Temperature"":""-30°C ~ 60°C"",""Ingress Protection"":""IP20"",""Approval Agency"":""-"",""Series"":""DM1""}"
"DM1-124D8EB-S20S","DM1 PRO 1PH 230V FR1 1HP 4.8A CT","Eaton","Drives & VFDs","533.84","0","DM1 PRO 1PH 230V FR1 1HP 4.8A CT","https://www.eaton.com/content/dam/eaton/products/industrialcontrols-drives-automation-sensors/variable-frequency-drives/adjustable-frequency-drives-v6-t2-ca08100007e.pdf","{""Mounting Type"":""Panel Mount"",""Number of Motors"":""1"",""Voltage - Load"":""230V"",""Current - Output"":""4.8A"",""Wattage - Load"":""1.491 kW"",""Voltage - Supply"":""200 ~ 240VAC"",""Interface"":""RJ45"",""Features"":""-"",""Operating Temperature"":""-30°C ~ 60°C"",""Ingress Protection"":""IP20"",""Approval Agency"":""-"",""Series"":""DM1""}"
"DM1-342D2EB-S20S","DM1 PRO 3PH 480V FR1 1HP 2.2A CT","Eaton","Drives & VFDs","569.16","0","DM1 PRO 3PH 480V FR1 1HP 2.2A CT","https://www.eaton.com/content/dam/eaton/products/industrialcontrols-drives-automation-sensors/variable-frequency-drives/adjustable-frequency-drives-v6-t2-ca08100007e.pdf","{""Mounting Type"":""Panel Mount"",""Number of Motors"":""1"",""Voltage - Load"":""400V"",""Current - Output"":""2.2A"",""Wattage - Load"":""1.491 kW"",""Voltage - Supply"":""380 ~ 480VAC"",""Interface"":""RJ45"",""Features"":""-"",""Operating Temperature"":""-30°C ~ 60°C"",""Ingress Protection"":""IP20"",""Approval Agency"":""-"",""Series"":""DM1""}"
"DM1-127D8EB-S20S","DM1 PRO 1PH 230V FR2 2HP 7.8A CT","Eaton","Drives & VFDs","661.66","0","DM1 PRO 1PH 230V FR2 2HP 7.8A CT","https://www.eaton.com/content/dam/eaton/products/industrialcontrols-drives-automation-sensors/variable-frequency-drives/adjustable-frequency-drives-v6-t2-ca08100007e.pdf","{""Mounting Type"":""Panel Mount"",""Number of Motors"":""1"",""Voltage - Load"":""230V"",""Current - Output"":""7.8A"",""Wattage - Load"":""2.237 kW"",""Voltage - Supply"":""200 ~ 240VAC"",""Interface"":""RJ45"",""Features"":""-"",""Operating Temperature"":""-30°C ~ 60°C"",""Ingress Protection"":""IP20"",""Approval Agency"":""-"",""Series"":""DM1""}"
"DM1-344D3EB-S20S","DM1 PRO 3PH 480V FR1 2HP 4.3A CT","Eaton","Drives & VFDs","664.72","0","DM1 PRO 3PH 480V FR1 2HP 4.3A CT","https://www.eaton.com/content/dam/eaton/products/industrialcontrols-drives-automation-sensors/variable-frequency-drives/adjustable-frequency-drives-v6-t2-ca08100007e.pdf","{""Mounting Type"":""Panel Mount"",""Number of Motors"":""1"",""Voltage - Load"":""400V"",""Current - Output"":""4.3A"",""Wattage - Load"":""2.237 kW"",""Voltage - Supply"":""380 ~ 480VAC"",""Interface"":""RJ45"",""Features"":""-"",""Operating Temperature"":""-30°C ~ 60°C"",""Ingress Protection"":""IP20"",""Approval Agency"":""-"",""Series"":""DM1""}"
"DM1-32011EB-S20S","DM1 PRO 3PH 230V FR2 3HP 011A CT","Eaton","Drives & VFDs","736.74","0","DM1 PRO 3PH 230V FR2 3HP 011A CT","https://www.eaton.com/content/dam/eaton/products/industrialcontrols-drives-automation-sensors/variable-frequency-drives/adjustable-frequency-drives-v6-t2-ca08100007e.pdf","{""Mounting Type"":""Panel Mount"",""Number of Motors"":""1"",""Voltage - Load"":""230V"",""Current - Output"":""11A"",""Wattage - Load"":""3.728 kW"",""Voltage - Supply"":""200 ~ 240VAC"",""Interface"":""RJ45"",""Features"":""-"",""Operating Temperature"":""-30°C ~ 60°C"",""Ingress Protection"":""IP20"",""Approval Agency"":""-"",""Series"":""DM1""}"
"DM1-345D6EB-S20S","DM1 PRO 3PH 480V FR1 3HP 5.6A CT","Eaton","Drives & VFDs","743.83","0","DM1 PRO 3PH 480V FR1 3HP 5.6A CT","https://www.eaton.com/content/dam/eaton/products/industrialcontrols-drives-automation-sensors/variable-frequency-drives/adjustable-frequency-drives-v6-t2-ca08100007e.pdf","{""Mounting Type"":""Panel Mount"",""Number of Motors"":""1"",""Voltage - Load"":""400V"",""Current - Output"":""5.6A"",""Wattage - Load"":""3.728 kW"",""Voltage - Supply"":""380 ~ 480VAC"",""Interface"":""RJ45"",""Features"":""-"",""Operating Temperature"":""-30°C ~ 60°C"",""Ingress Protection"":""IP20"",""Approval Agency"":""-"",""Series"":""DM1""}"
"DM1-347D6EB-S20S","DM1 PRO 3PH 480V FR2 5HP 7.6A CT","Eaton","Drives & VFDs","923.52","0","DM1 PRO 3PH 480V FR2 5HP 7.6A CT","https://www.eaton.com/content/dam/eaton/products/industrialcontrols-drives-automation-sensors/variable-frequency-drives/adjustable-frequency-drives-v6-t2-ca08100007e.pdf","{""Mounting Type"":""Panel Mount"",""Number of Motors"":""1"",""Voltage - Load"":""400V"",""Current - Output"":""7.6A"",""Wattage - Load"":""5.593 kW"",""Voltage - Supply"":""380 ~ 480VAC"",""Interface"":""RJ45"",""Features"":""-"",""Operating Temperature"":""-30°C ~ 60°C"",""Ingress Protection"":""IP20"",""Approval Agency"":""-"",""Series"":""DM1""}"
"DM1-34012EB-S20S","DM1 PRO 3PH 480V FR2 7.5HP 012A","Eaton","Drives & VFDs","1303.51","0","DM1 PRO 3PH 480V FR2 7.5HP 012A","https://www.eaton.com/content/dam/eaton/products/industrialcontrols-drives-automation-sensors/variable-frequency-drives/adjustable-frequency-drives-v6-t2-ca08100007e.pdf","{""Mounting Type"":""Panel Mount"",""Number of Motors"":""1"",""Voltage - Load"":""400V"",""Current - Output"":""12A"",""Wattage - Load"":""7.457 kW"",""Voltage - Supply"":""380 ~ 480VAC"",""Interface"":""RJ45"",""Features"":""-"",""Operating Temperature"":""-30°C ~ 60°C"",""Ingress Protection"":""IP20"",""Approval Agency"":""-"",""Series"":""DM1""}"
"DM1-34016EB-S20S","DM1 PRO 3PH 480V FR2 10HP 016A C","Eaton","Drives & VFDs","1533.31","0","DM1 PRO 3PH 480V FR2 10HP 016A C","https://www.eaton.com/content/dam/eaton/products/industrialcontrols-drives-automation-sensors/variable-frequency-drives/adjustable-frequency-drives-v6-t2-ca08100007e.pdf","{""Mounting Type"":""Panel Mount"",""Number of Motors"":""1"",""Voltage - Load"":""400V"",""Current - Output"":""16A"",""Wattage - Load"":""11.185 kW"",""Voltage - Supply"":""380 ~ 480VAC"",""Interface"":""RJ45"",""Features"":""-"",""Operating Temperature"":""-30°C ~ 60°C"",""Ingress Protection"":""IP20"",""Approval Agency"":""-"",""Series"":""DM1""}"
"DM1-34023EB-S20S","DM1 PRO 3PH 480V FR3 15HP 023A C","Eaton","Drives & VFDs","2016.06","0","DM1 PRO 3PH 480V FR3 15HP 023A C","https://www.eaton.com/content/dam/eaton/products/industrialcontrols-drives-automation-sensors/variable-frequency-drives/adjustable-frequency-drives-v6-t2-ca08100007e.pdf","{""Mounting Type"":""Panel Mount"",""Number of Motors"":""1"",""Voltage - Load"":""400V"",""Current - Output"":""23A"",""Wattage - Load"":""14.914 kW"",""Voltage - Supply"":""380 ~ 480VAC"",""Interface"":""RJ45"",""Features"":""-"",""Operating Temperature"":""-30°C ~ 60°C"",""Ingress Protection"":""IP20"",""Approval Agency"":""-"",""Series"":""DM1""}"
"DG1-342D2FB-C21C","DG1,480V FR1 ,N1,1HP,2.2A/1.5HP,","Eaton","Drives & VFDs","2153.48","0","DG1,480V FR1 ,N1,1HP,2.2A/1.5HP,","https://www.eaton.com/content/dam/eaton/products/industrialcontrols-drives-automation-sensors/variable-frequency-drives/adjustable-frequency-drives-v6-t2-ca08100007e.pdf","{""Mounting Type"":""Panel Mount"",""Number of Motors"":""1"",""Voltage - Load"":""400V"",""Current - Output"":""2.2A"",""Wattage - Load"":""1.119 kW"",""Voltage - Supply"":""380 ~ 500VAC"",""Interface"":""RJ45"",""Features"":""-"",""Operating Temperature"":""-10°C ~ 50°C"",""Ingress Protection"":""IP20"",""Approval Agency"":""-"",""Series"":""DG1""}"
"DG1-343D3FB-C21C","DG1,480V FR1 ,N1,1.5HP,3.3A/2HP,","Eaton","Drives & VFDs","2231.9","0","DG1,480V FR1 ,N1,1.5HP,3.3A/2HP,","https://www.eaton.com/content/dam/eaton/products/industrialcontrols-drives-automation-sensors/variable-frequency-drives/adjustable-frequency-drives-v6-t2-ca08100007e.pdf","{""Mounting Type"":""Panel Mount"",""Number of Motors"":""1"",""Voltage - Load"":""400V"",""Current - Output"":""3.3A"",""Wattage - Load"":""1.491 kW"",""Voltage - Supply"":""380 ~ 500VAC"",""Interface"":""RJ45"",""Features"":""-"",""Operating Temperature"":""-10°C ~ 50°C"",""Ingress Protection"":""IP20"",""Approval Agency"":""-"",""Series"":""DG1""}"
"DG1-344D3FB-C21C","DG1,480V FR1 ,N1,2HP,4.3A/3HP,5.","Eaton","Drives & VFDs","2355.97","0","DG1,480V FR1 ,N1,2HP,4.3A/3HP,5.","https://www.eaton.com/content/dam/eaton/products/industrialcontrols-drives-automation-sensors/variable-frequency-drives/adjustable-frequency-drives-v6-t2-ca08100007e.pdf","{""Mounting Type"":""Panel Mount"",""Number of Motors"":""1"",""Voltage - Load"":""400V"",""Current - Output"":""4.3A"",""Wattage - Load"":""2.237 kW"",""Voltage - Supply"":""380 ~ 500VAC"",""Interface"":""RJ45"",""Features"":""-"",""Operating Temperature"":""-10°C ~ 50°C"",""Ingress Protection"":""IP20"",""Approval Agency"":""-"",""Series"":""DG1""}"
"DG1-32031FB-C21C","DG1,230V FR3,N1,10HP,31A/15HP,48","Eaton","Drives & VFDs","2422.89","0","DG1,230V FR3,N1,10HP,31A/15HP,48","https://www.eaton.com/content/dam/eaton/products/industrialcontrols-drives-automation-sensors/variable-frequency-drives/adjustable-frequency-drives-v6-t2-ca08100007e.pdf","{""Mounting Type"":""Panel Mount"",""Number of Motors"":""1"",""Voltage - Load"":""230V"",""Current - Output"":""31A"",""Wattage - Load"":""11.185 kW"",""Voltage - Supply"":""200 ~ 240VAC"",""Interface"":""RJ45"",""Features"":""-"",""Operating Temperature"":""-10°C ~ 50°C"",""Ingress Protection"":""IP20"",""Approval Agency"":""-"",""Series"":""DG1""}"
"XTRM10A22TD","IEC MINI CONTROL RELAY,2NO/2NC,2","Eaton","Motor Control","91.87","0","IEC MINI CONTROL RELAY,2NO/2NC,2","https://www.eaton.com/us/en-us/skuPage.XTRM10A22TD.pdf","{""Mounting Type"":""Chassis Mount"",""Coil Voltage"":""24VDC"",""Contact Form"":""4PST-2NO/2NC (2 Form A, 2 Form B)"",""Contact Rating (Current)"":""6 A"",""Switching Voltage"":""600VAC - Max"",""Features"":""-"",""Termination Style"":""Screw Terminal"",""Operating Temperature"":""-25°C ~ 50°C"",""Must Operate Voltage"":""19.2 VDC"",""Must Release Voltage"":""-"",""Series"":""XT""}"
"XTRM10A40TD","IEC MINI CONTROL RELAY, 4NO, 24V","Eaton","Motor Control","91.87","0","IEC MINI CONTROL RELAY, 4NO, 24V","https://www.eaton.com/us/en-us/skuPage.XTRM10A40TD.pdf","{""Mounting Type"":""Chassis Mount"",""Coil Voltage"":""24VDC"",""Contact Form"":""4PST-NO (4 Form A)"",""Contact Rating (Current)"":""6 A"",""Switching Voltage"":""600VAC - Max"",""Features"":""-"",""Termination Style"":""Screw Terminal"",""Operating Temperature"":""-25°C ~ 50°C"",""Must Operate Voltage"":""19.2 VDC"",""Must Release Voltage"":""-"",""Series"":""XT""}"
"XTRE10B40TD","IEC CONTROL RELAY, 4NO, 24V DC,","Eaton","Motor Control","172.19","0","IEC CONTROL RELAY, 4NO, 24V DC,","https://www.eaton.com/us/en-us/skuPage.XTRE10B40TD.pdf","{""Mounting Type"":""Chassis Mount"",""Coil Voltage"":""24VDC"",""Contact Form"":""4PST-NO (4 Form A)"",""Contact Rating (Current)"":""6 A"",""Switching Voltage"":""690VAC - Max"",""Features"":""-"",""Termination Style"":""Screw Terminal"",""Operating Temperature"":""-25°C ~ 60°C"",""Must Operate Voltage"":""19.2 VDC"",""Must Release Voltage"":""-"",""Series"":""XT""}"
"XTCE025C10A","IECMAGSTARTER,NONREVERSING,110/1","Eaton","Motor Control","267.98","0","IECMAGSTARTER,NONREVERSING,110/1","https://www.eaton.com/us/en-us/skuPage.XTCE025C10A.pdf","{""Mounting Type"":""Chassis Mount"",""Coil Voltage"":""120VAC"",""Contact Form"":""SPST-NO (1 Form A)"",""Contact Rating (Current)"":""25 A"",""Switching Voltage"":""690VAC - Max"",""Features"":""-"",""Termination Style"":""Screw Terminal"",""Operating Temperature"":""-25°C ~ 60°C"",""Must Operate Voltage"":""-"",""Must Release Voltage"":""-"",""Series"":""XT""}"
"XTMC6A10A","MINIIECMAGSTARTER,NOREVERSE,110/","Eaton","Motor Control","73.64","0","MINIIECMAGSTARTER,NOREVERSE,110/","https://www.eaton.com/content/dam/eaton/products/industrialcontrols-drives-automation-sensors/iec-contactors-and-starters-v5-t1-ca08100006e.pdf","{""Mounting Type"":""Chassis Mount"",""Coil Voltage"":""110 ~ 120VAC"",""Contact Form"":""3PST-NO (3 Form A)"",""Contact Rating (Current)"":""6.6 A"",""Switching Voltage"":""690VAC - Max"",""Features"":""-"",""Termination Style"":""Screw Terminal"",""Operating Temperature"":""-25°C ~ 50°C"",""Must Operate Voltage"":""-"",""Must Release Voltage"":""-"",""Series"":""XT""}"
"XTMC6A01A","MINIIECMAGSTARTER,NOREVERSE,110/","Eaton","Motor Control","73.64","0","MINIIECMAGSTARTER,NOREVERSE,110/","https://www.eaton.com/content/dam/eaton/products/industrialcontrols-drives-automation-sensors/iec-contactors-and-starters-v5-t1-ca08100006e.pdf","{""Mounting Type"":""Chassis Mount"",""Coil Voltage"":""110 ~ 120VAC"",""Contact Form"":""3PST-NO (3 Form A)"",""Contact Rating (Current)"":""6.6 A"",""Switching Voltage"":""690VAC - Max"",""Features"":""-"",""Termination Style"":""Screw Terminal"",""Operating Temperature"":""-25°C ~ 50°C"",""Must Operate Voltage"":""-"",""Must Release Voltage"":""-"",""Series"":""XT""}"
"XTRM10A40A","IECMINICONTROLRELAY,4NO,110/120V","Eaton","Motor Control","79.17","0","IECMINICONTROLRELAY,4NO,110/120V","https://www.eaton.com/us/en-us/skuPage.XTRM10A40A.pdf","{""Mounting Type"":""Chassis Mount"",""Coil Voltage"":""110 ~ 120VAC"",""Contact Form"":""4PST-NO (4 Form A)"",""Contact Rating (Current)"":""6 A"",""Switching Voltage"":""600VAC - Max"",""Features"":""-"",""Termination Style"":""Screw Terminal"",""Operating Temperature"":""-25°C ~ 50°C"",""Must Operate Voltage"":""-"",""Must Release Voltage"":""-"",""Series"":""XT""}"
"C25CNB125T","DEFPURPOSEMAGCONTACTOR,24VAC,1P,","Eaton","Motor Control","84.8","0","DEFPURPOSEMAGCONTACTOR,24VAC,1P,","https://www.eaton.com/us/en-us/skuPage.C25CNB125T.pdf","{""Mounting Type"":""Chassis Mount, DIN Rail"",""Coil Voltage"":""24VAC"",""Contact Form"":""SPST-NO (1 Form A)"",""Contact Rating (Current)"":""25 A"",""Switching Voltage"":""690VAC - Max"",""Features"":""-"",""Termination Style"":""Screw Terminal"",""Operating Temperature"":""-25°C ~ 70°C"",""Must Operate Voltage"":""-"",""Must Release Voltage"":""-"",""Series"":""-""}"
"C25BNB220B","DEFPURPOSEMAGCONTACTOR,208-240VA","Eaton","Motor Control","89.72","0","DEFPURPOSEMAGCONTACTOR,208-240VA","https://www.eaton.com/us/en-us/skuPage.C25BNB220B.pdf","{""Mounting Type"":""Chassis Mount, DIN Rail"",""Coil Voltage"":""208 ~ 240VAC"",""Contact Form"":""DPST-NO (2 Form A)"",""Contact Rating (Current)"":""20 A"",""Switching Voltage"":""690VAC - Max"",""Features"":""-"",""Termination Style"":""Screw Terminal"",""Operating Temperature"":""-25°C ~ 70°C"",""Must Operate Voltage"":""-"",""Must Release Voltage"":""-"",""Series"":""-""}"
"C25BNB220A","DEFPURPOSEMAGCONTACTOR,110-120VA","Eaton","Motor Control","89.72","0","DEFPURPOSEMAGCONTACTOR,110-120VA","https://www.eaton.com/us/en-us/skuPage.C25BNB220B.pdf","{""Mounting Type"":""Chassis Mount, DIN Rail"",""Coil Voltage"":""110 ~ 120VAC"",""Contact Form"":""DPST-NO (2 Form A)"",""Contact Rating (Current)"":""20 A"",""Switching Voltage"":""690VAC - Max"",""Features"":""-"",""Termination Style"":""Screw Terminal"",""Operating Temperature"":""-25°C ~ 70°C"",""Must Operate Voltage"":""-"",""Must Release Voltage"":""-"",""Series"":""-""}"
"XTMC9A10B","MINIIECMAGSTARTER,NOREVERSE,220/","Eaton","Motor Control","93.26","0","MINIIECMAGSTARTER,NOREVERSE,220/","https://www.eaton.com/content/dam/eaton/products/industrialcontrols-drives-automation-sensors/iec-contactors-and-starters-v5-t1-ca08100006e.pdf","{""Mounting Type"":""Chassis Mount"",""Coil Voltage"":""220 ~ 240VAC"",""Contact Form"":""3PST-NO (3 Form A)"",""Contact Rating (Current)"":""8.8 A"",""Switching Voltage"":""690VAC - Max"",""Features"":""-"",""Termination Style"":""Screw Terminal"",""Operating Temperature"":""-25°C ~ 50°C"",""Must Operate Voltage"":""-"",""Must Release Voltage"":""-"",""Series"":""XT""}"
"XTMC6A01TD","MINIIECMAGSTARTER, NONREVERSING,","Eaton","Motor Control","94","0","MINIIECMAGSTARTER, NONREVERSING,","https://www.eaton.com/content/dam/eaton/products/industrialcontrols-drives-automation-sensors/iec-contactors-and-starters-v5-t1-ca08100006e.pdf","{""Mounting Type"":""Chassis Mount"",""Coil Voltage"":""24VDC"",""Contact Form"":""3PST-NO (3 Form A)"",""Contact Rating (Current)"":""6.6 A"",""Switching Voltage"":""690VAC - Max"",""Features"":""-"",""Termination Style"":""Screw Terminal"",""Operating Temperature"":""-25°C ~ 50°C"",""Must Operate Voltage"":""20.4 VDC"",""Must Release Voltage"":""-"",""Series"":""XT""}"
"XTMC6A10TD","MINIIECMAGSTARTER, NONREVERSING,","Eaton","Motor Control","94","0","MINIIECMAGSTARTER, NONREVERSING,","https://www.eaton.com/content/dam/eaton/products/industrialcontrols-drives-automation-sensors/iec-contactors-and-starters-v5-t1-ca08100006e.pdf","{""Mounting Type"":""Chassis Mount"",""Coil Voltage"":""24VDC"",""Contact Form"":""3PST-NO (3 Form A)"",""Contact Rating (Current)"":""6.6 A"",""Switching Voltage"":""690VAC - Max"",""Features"":""-"",""Termination Style"":""Screw Terminal"",""Operating Temperature"":""-25°C ~ 50°C"",""Must Operate Voltage"":""20.4 VDC"",""Must Release Voltage"":""-"",""Series"":""XT""}"
"C25ANB130T","DEFPURPOSEMAGCONTACTOR,24VAC,1P,","Eaton","Motor Control","98.06","0","DEFPURPOSEMAGCONTACTOR,24VAC,1P,","https://www.eaton.com/us/en-us/skuPage.C25ANB130A.pdf","{""Mounting Type"":""Chassis Mount, DIN Rail"",""Coil Voltage"":""24VAC"",""Contact Form"":""SPST-NO (1 Form A)"",""Contact Rating (Current)"":""30 A"",""Switching Voltage"":""690VAC - Max"",""Features"":""-"",""Termination Style"":""Screw Terminal"",""Operating Temperature"":""-25°C ~ 70°C"",""Must Operate Voltage"":""-"",""Must Release Voltage"":""-"",""Series"":""-""}"
"C25ANB130B","DEFPURPOSEMAGCONTACTOR,208-240VA","Eaton","Motor Control","98.06","0","DEFPURPOSEMAGCONTACTOR,208-240VA","https://www.eaton.com/us/en-us/skuPage.C25ANB130B.pdf","{""Mounting Type"":""Chassis Mount, DIN Rail"",""Coil Voltage"":""208 ~ 240VAC"",""Contact Form"":""SPST-NO (1 Form A)"",""Contact Rating (Current)"":""30 A"",""Switching Voltage"":""690VAC - Max"",""Features"":""-"",""Termination Style"":""Screw Terminal"",""Operating Temperature"":""-25°C ~ 70°C"",""Must Operate Voltage"":""-"",""Must Release Voltage"":""-"",""Series"":""-""}"
"C25ANB130A","DEFPURPOSEMAGCONTACTOR,110-120VA","Eaton","Motor Control","98.06","0","DEFPURPOSEMAGCONTACTOR,110-120VA","https://www.eaton.com/us/en-us/skuPage.C25ANB130A.pdf","{""Mounting Type"":""Chassis Mount, DIN Rail"",""Coil Voltage"":""110 ~ 120VAC"",""Contact Form"":""SPST-NO (1 Form A)"",""Contact Rating (Current)"":""30 A"",""Switching Voltage"":""690VAC - Max"",""Features"":""-"",""Termination Style"":""Screw Terminal"",""Operating Temperature"":""-25°C ~ 70°C"",""Must Operate Voltage"":""-"",""Must Release Voltage"":""-"",""Series"":""-""}"
"C25BNB225T","DEFPURPOSEMAGCONTACTOR,24VAC,2P,","Eaton","Motor Control","100.21","0","DEFPURPOSEMAGCONTACTOR,24VAC,2P,","https://www.eaton.com/us/en-us/skuPage.C25BNB225T.pdf","{""Mounting Type"":""Chassis Mount, DIN Rail"",""Coil Voltage"":""24VAC"",""Contact Form"":""DPST-NO (2 Form A)"",""Contact Rating (Current)"":""25 A"",""Switching Voltage"":""690VAC - Max"",""Features"":""-"",""Termination Style"":""Screw Terminal"",""Operating Temperature"":""-25°C ~ 70°C"",""Must Operate Voltage"":""-"",""Must Release Voltage"":""-"",""Series"":""-""}"
"C25CNB130T","DEFPURPOSEMAGCONTACTOR,24VAC,1P,","Eaton","Motor Control","103.21","0","DEFPURPOSEMAGCONTACTOR,24VAC,1P,","https://www.eaton.com/us/en-us/skuPage.C25CNB130A.pdf","{""Mounting Type"":""Chassis Mount, DIN Rail"",""Coil Voltage"":""24VAC"",""Contact Form"":""SPST-NO (1 Form A)"",""Contact Rating (Current)"":""30 A"",""Switching Voltage"":""690VAC - Max"",""Features"":""-"",""Termination Style"":""Screw Terminal"",""Operating Temperature"":""-25°C ~ 70°C"",""Must Operate Voltage"":""-"",""Must Release Voltage"":""-"",""Series"":""-""}"
"C25CNB130A","DEFPURPOSEMAGCONTACTOR,110-120VA","Eaton","Motor Control","103.21","0","DEFPURPOSEMAGCONTACTOR,110-120VA","https://www.eaton.com/us/en-us/skuPage.C25CNB130A.pdf","{""Mounting Type"":""Chassis Mount, DIN Rail"",""Coil Voltage"":""110 ~ 120VAC"",""Contact Form"":""SPST-NO (1 Form A)"",""Contact Rating (Current)"":""30 A"",""Switching Voltage"":""690VAC - Max"",""Features"":""-"",""Termination Style"":""Screw Terminal"",""Operating Temperature"":""-25°C ~ 70°C"",""Must Operate Voltage"":""-"",""Must Release Voltage"":""-"",""Series"":""-""}"
"XTMC9A01TD","MINIIECMAGSTARTER, NONREVERSING,","Eaton","Motor Control","112.99","0","MINIIECMAGSTARTER, NONREVERSING,","https://www.eaton.com/content/dam/eaton/products/industrialcontrols-drives-automation-sensors/iec-contactors-and-starters-v5-t1-ca08100006e.pdf","{""Mounting Type"":""Chassis Mount"",""Coil Voltage"":""24VDC"",""Contact Form"":""3PST-NO (3 Form A)"",""Contact Rating (Current)"":""8.8 A"",""Switching Voltage"":""690VAC - Max"",""Features"":""-"",""Termination Style"":""Screw Terminal"",""Operating Temperature"":""-25°C ~ 50°C"",""Must Operate Voltage"":""19.2 VDC"",""Must Release Voltage"":""-"",""Series"":""XT""}"
"E59-M12C110C02-D1","IPROX INDUCTIVE,12MM,DC,UN,NO CB","Eaton","Sensors & Switches","193.38","0","IPROX INDUCTIVE,12MM,DC,UN,NO CB","https://www.eaton.com/us/en-us/skuPage.E59-M12C110C02-D1.pdf","{""Sensor Type"":""Inductive"",""Sensing Distance"":""0.394\"" (10mm)"",""Output Type"":""NPN/PNP-NO, 3-Wire"",""Response Frequency"":""-"",""Shielding"":""Shielded"",""Material - Body"":""Stainless Steel"",""Voltage - Supply"":""6V ~ 48V"",""Termination Style"":""Cable Leads"",""Operating Temperature"":""-40°C ~ 70°C"",""Ingress Protection"":""-"",""Indicator"":""No Indicator"",""Package / Case"":""Cylinder, Threaded - M12"",""Series"":""E59""}"
"E57LAL18A2","18MM STD IND PROX 2W AC","Eaton","Sensors & Switches","273.11","0","18MM STD IND PROX 2W AC","https://www.eaton.com/us/en-us/skuPage.E57LAL18A2.pdf","{""Sensor Type"":""Inductive"",""Sensing Distance"":""-"",""Output Type"":""NO, 2-Wire"",""Response Frequency"":""-"",""Shielding"":""Shielded"",""Material - Body"":""Stainless Steel"",""Voltage - Supply"":""20V ~ 250V"",""Termination Style"":""Cable Leads"",""Operating Temperature"":""-25°C ~ 70°C"",""Ingress Protection"":""IP67, IP69K, NEMA 4,4X,6,6P,12,13"",""Indicator"":""LED"",""Package / Case"":""Cylinder, Threaded - M18"",""Series"":""E57""}"
"6200A-6504","RETROREFLECTOR,ROUND,1.25"" DIA,S","Eaton","Sensors & Switches","14.3","0","RETROREFLECTOR,ROUND,1.25"" DIA,S","https://www.eaton.com/content/dam/eaton/products/industrialcontrols-drives-automation-sensors/sensor-accessories-ca08100010e.pdf","{""Accessory Type"":""Bracket"",""For Use With/Related Products"":""Inductive Proximity Sensors"",""Series"":""FAK""}"
"E57KM18","18MM IND PROX BRACKET","Eaton","Sensors & Switches","15.69","0","18MM IND PROX BRACKET","https://www.eaton.com/us/en-us/skuPage.E57KM18.pdf","{""Accessory Type"":""Bracket"",""For Use With/Related Products"":""Inductive Proximity Sensors"",""Series"":""E57""}"
"E51RN","IND PROX RECEPTACLE ONLY","Eaton","Sensors & Switches","62.18","0","IND PROX RECEPTACLE ONLY","https://www.eaton.com/us/en-us/skuPage.E51RN.pdf","{""Accessory Type"":""Switch"",""For Use With/Related Products"":""Proximity Sensors"",""Series"":""E51""}"
"E57G-30UNN15-C2","PROXSWITCH,30MM,UNSHIELDED,NPN,N","Eaton","Sensors & Switches","90.73","0","PROXSWITCH,30MM,UNSHIELDED,NPN,N","https://www.eaton.com/content/dam/eaton/products/industrialcontrols-drives-automation-sensors/inductive-proximity-sensors-v8-t3-ca08100010e.pdf","{""Sensor Type"":""Inductive"",""Sensing Distance"":""1.181\"" (30mm)"",""Output Type"":""NPN-NO"",""Response Frequency"":""-"",""Shielding"":""Unshielded"",""Material - Body"":""Stainless Steel"",""Voltage - Supply"":""10V ~ 30V"",""Termination Style"":""-"",""Operating Temperature"":""-25°C ~ 70°C"",""Ingress Protection"":""-"",""Indicator"":""No Indicator"",""Package / Case"":""-"",""Series"":""E57""}"
"E57G-18UPN8-Q","PROXSWITCH,18MM,UNSHIELDED,PNP,N","Eaton","Sensors & Switches","101.09","0","PROXSWITCH,18MM,UNSHIELDED,PNP,N","https://www.eaton.com/content/dam/eaton/products/industrialcontrols-drives-automation-sensors/inductive-proximity-sensors-v8-t3-ca08100010e.pdf","{""Sensor Type"":""Inductive"",""Sensing Distance"":""0.709\"" (18mm)"",""Output Type"":""PNP-NO"",""Response Frequency"":""-"",""Shielding"":""Unshielded"",""Material - Body"":""Stainless Steel"",""Voltage - Supply"":""10V ~ 30V"",""Termination Style"":""-"",""Operating Temperature"":""-25°C ~ 70°C"",""Ingress Protection"":""-"",""Indicator"":""No Indicator"",""Package / Case"":""-"",""Series"":""E57""}"
"E57G-18UPC8-C2","PROXSWITCH,18MM,UNSHIELDED,PNP,N","Eaton","Sensors & Switches","101.09","0","PROXSWITCH,18MM,UNSHIELDED,PNP,N","https://www.eaton.com/content/dam/eaton/products/industrialcontrols-drives-automation-sensors/inductive-proximity-sensors-v8-t3-ca08100010e.pdf","{""Sensor Type"":""Inductive"",""Sensing Distance"":""0.709\"" (18mm)"",""Output Type"":""PNP-NC"",""Response Frequency"":""-"",""Shielding"":""Unshielded"",""Material - Body"":""-"",""Voltage - Supply"":""-"",""Termination Style"":""-"",""Operating Temperature"":""-"",""Ingress Protection"":""-"",""Indicator"":""LED"",""Package / Case"":""-"",""Series"":""E57""}"
"E57G-18UPN12-Q","INDUCTIVE PROX,18MM,DC,UN,PNP,NO","Eaton","Sensors & Switches","101.09","0","INDUCTIVE PROX,18MM,DC,UN,PNP,NO","https://www.eaton.com/us/en-us/skuPage.E57G-18UPN12-Q.pdf","{""Sensor Type"":""Inductive"",""Sensing Distance"":""-"",""Output Type"":""PNP-NO"",""Response Frequency"":""-"",""Shielding"":""Unshielded"",""Material - Body"":""-"",""Voltage - Supply"":""-"",""Termination Style"":""Connector"",""Operating Temperature"":""-"",""Ingress Protection"":""-"",""Indicator"":""No Indicator"",""Package / Case"":""Cylinder, Threaded - M18"",""Series"":""E57G""}"
"E57G-12SPN2-Q","INDUCTIVE PROX,12MM,DC,SH,PNP,NO","Eaton","Sensors & Switches","101.09","0","INDUCTIVE PROX,12MM,DC,SH,PNP,NO","https://www.eaton.com/us/en-us/skuPage.E57G-12SPN2-Q.pdf","{""Sensor Type"":""Inductive"",""Sensing Distance"":""0.079\"" (2mm)"",""Output Type"":""PNP, 3-Wire"",""Response Frequency"":""-"",""Shielding"":""Shielded"",""Material - Body"":""Stainless Steel"",""Voltage - Supply"":""10V ~ 30V"",""Termination Style"":""Connector"",""Operating Temperature"":""-25°C ~ 70°C"",""Ingress Protection"":""IP67"",""Indicator"":""LED"",""Package / Case"":""Cylinder, Threaded - M12"",""Series"":""E57""}"
"E57G-18UPN8-C2","PROXSWITCH,18MM,UNSHIELDED,PNP,N","Eaton","Sensors & Switches","101.09","0","PROXSWITCH,18MM,UNSHIELDED,PNP,N","https://www.eaton.com/content/dam/eaton/products/industrialcontrols-drives-automation-sensors/inductive-proximity-sensors-v8-t3-ca08100010e.pdf","{""Sensor Type"":""Inductive"",""Sensing Distance"":""0.709\"" (18mm)"",""Output Type"":""PNP-NO"",""Response Frequency"":""-"",""Shielding"":""Unshielded"",""Material - Body"":""Stainless Steel"",""Voltage - Supply"":""10V ~ 30V"",""Termination Style"":""-"",""Operating Temperature"":""-25°C ~ 70°C"",""Ingress Protection"":""-"",""Indicator"":""No Indicator"",""Package / Case"":""-"",""Series"":""E57""}"
"E57G-12UPN4-C2","PROXSWITCH,12MM,UNSHIELDED,PNP,N","Eaton","Sensors & Switches","101.09","0","PROXSWITCH,12MM,UNSHIELDED,PNP,N","https://www.eaton.com/content/dam/eaton/products/industrialcontrols-drives-automation-sensors/inductive-proximity-sensors-v8-t3-ca08100010e.pdf","{""Sensor Type"":""Inductive"",""Sensing Distance"":""0.157\"" (4mm)"",""Output Type"":""PNP-NO"",""Response Frequency"":""-"",""Shielding"":""Unshielded"",""Material - Body"":""-"",""Voltage - Supply"":""-"",""Termination Style"":""-"",""Operating Temperature"":""-"",""Ingress Protection"":""-"",""Indicator"":""LED"",""Package / Case"":""-"",""Series"":""E57""}"
"E57-08GS01-C","INDUCTIVE PROX,8MM,3WDC,CBL NPN","Eaton","Sensors & Switches","113.6","0","INDUCTIVE PROX,8MM,3WDC,CBL NPN","https://www.eaton.com/content/dam/eaton/products/industrialcontrols-drives-automation-sensors/inductive-proximity-sensors-v8-t3-ca08100010e.pdf","{""Sensor Type"":""Inductive"",""Sensing Distance"":""0.039\"" (1mm)"",""Output Type"":""NPN-NO, 3-Wire"",""Response Frequency"":""-"",""Shielding"":""Unshielded"",""Material - Body"":""Nickel-Plated Brass"",""Voltage - Supply"":""10V ~ 30V"",""Termination Style"":""-"",""Operating Temperature"":""-25°C ~ 70°C"",""Ingress Protection"":""IP67, IP69K"",""Indicator"":""LED"",""Package / Case"":""-"",""Series"":""E57""}"
"E57G-12SPC2-Q","INDUCTIVE PROX,12MM,DC,SH,PNP,NC","Eaton","Sensors & Switches","115.37","0","INDUCTIVE PROX,12MM,DC,SH,PNP,NC","https://www.eaton.com/us/en-us/skuPage.E57G-12SPC2-Q.pdf","{""Sensor Type"":""Inductive"",""Sensing Distance"":""0.079\"" (2mm)"",""Output Type"":""PNP-NC"",""Response Frequency"":""-"",""Shielding"":""Unshielded"",""Material - Body"":""-"",""Voltage - Supply"":""-"",""Termination Style"":""Connector"",""Operating Temperature"":""-"",""Ingress Protection"":""-"",""Indicator"":""LED"",""Package / Case"":""Cylinder, Threaded - M12"",""Series"":""E57G""}"
"E57G-18SPN5-Q","INDUCTIVE PROX,18MM,DC,SH,PNP,NO","Eaton","Sensors & Switches","115.37","0","INDUCTIVE PROX,18MM,DC,SH,PNP,NO","https://www.eaton.com/us/en-us/skuPage.E57G-18SPN5-Q.pdf","{""Sensor Type"":""Inductive"",""Sensing Distance"":""0.197\"" (5mm)"",""Output Type"":""PNP-NO"",""Response Frequency"":""-"",""Shielding"":""Unshielded"",""Material - Body"":""-"",""Voltage - Supply"":""-"",""Termination Style"":""Connector"",""Operating Temperature"":""-"",""Ingress Protection"":""-"",""Indicator"":""LED"",""Package / Case"":""Cylinder, Threaded - M18"",""Series"":""E57G""}"
"E57-08GS01-GDB","INDUCTIVE PROX,8MM,3WDC,M12,PNP,","Eaton","Sensors & Switches","116.38","0","INDUCTIVE PROX,8MM,3WDC,M12,PNP,","https://www.eaton.com/content/dam/eaton/products/industrialcontrols-drives-automation-sensors/inductive-proximity-sensors-v8-t3-ca08100010e.pdf","{""Sensor Type"":""Inductive"",""Sensing Distance"":""0.039\"" (1mm)"",""Output Type"":""PNP - Open Collector, NO"",""Response Frequency"":""-"",""Shielding"":""Unshielded"",""Material - Body"":""Nickel-Plated Brass"",""Voltage - Supply"":""10V ~ 30V"",""Termination Style"":""-"",""Operating Temperature"":""-25°C ~ 70°C"",""Ingress Protection"":""IP67, IP69K"",""Indicator"":""LED"",""Package / Case"":""-"",""Series"":""E57""}"
"E57-08GS01-CDB","INDUCTIVE PROX,8MM,3WDC,M12,NPN,","Eaton","Sensors & Switches","116.38","0","INDUCTIVE PROX,8MM,3WDC,M12,NPN,","https://www.eaton.com/content/dam/eaton/products/industrialcontrols-drives-automation-sensors/inductive-proximity-sensors-v8-t3-ca08100010e.pdf","{""Sensor Type"":""Inductive"",""Sensing Distance"":""0.039\"" (1mm)"",""Output Type"":""NPN - Open Collector, NO"",""Response Frequency"":""-"",""Shielding"":""Shielded"",""Material - Body"":""Nickel-Plated Brass"",""Voltage - Supply"":""10V ~ 30V"",""Termination Style"":""-"",""Operating Temperature"":""0°C ~ 60°C"",""Ingress Protection"":""IP67, IP69K"",""Indicator"":""LED"",""Package / Case"":""-"",""Series"":""E57""}"
"E57-08GU02-CDB","INDUCTIVE PROX,8MM,3WDC,M12,NPN,","Eaton","Sensors & Switches","121.91","0","INDUCTIVE PROX,8MM,3WDC,M12,NPN,","https://www.eaton.com/content/dam/eaton/products/industrialcontrols-drives-automation-sensors/inductive-proximity-sensors-v8-t3-ca08100010e.pdf","{""Sensor Type"":""Inductive"",""Sensing Distance"":""0.079\"" (2mm)"",""Output Type"":""NPN - Open Collector, NO"",""Response Frequency"":""-"",""Shielding"":""Unshielded"",""Material - Body"":""Nickel-Plated Brass"",""Voltage - Supply"":""10V ~ 30V"",""Termination Style"":""-"",""Operating Temperature"":""0°C ~ 60°C"",""Ingress Protection"":""IP67, IP69K"",""Indicator"":""LED"",""Package / Case"":""-"",""Series"":""E57""}"
"E57-08GU02-GDB","INDUCTIVE PROX,8MM,3WDC,M12,PNP,","Eaton","Sensors & Switches","121.91","0","INDUCTIVE PROX,8MM,3WDC,M12,PNP,","https://www.eaton.com/content/dam/eaton/products/industrialcontrols-drives-automation-sensors/inductive-proximity-sensors-v8-t3-ca08100010e.pdf","{""Sensor Type"":""Inductive"",""Sensing Distance"":""0.079\"" (2mm)"",""Output Type"":""PNP - Open Collector, NO"",""Response Frequency"":""-"",""Shielding"":""Unshielded"",""Material - Body"":""Nickel-Plated Brass"",""Voltage - Supply"":""10V ~ 30V"",""Termination Style"":""-"",""Operating Temperature"":""-25°C ~ 70°C"",""Ingress Protection"":""IP67, IP69K"",""Indicator"":""LED"",""Package / Case"":""-"",""Series"":""E57""}"
"E57-08GS01-G","INDUCTIVE PROX,8MM,3WDC,CBL PNP","Eaton","Sensors & Switches","126.64","0","INDUCTIVE PROX,8MM,3WDC,CBL PNP","https://www.eaton.com/content/dam/eaton/products/industrialcontrols-drives-automation-sensors/inductive-proximity-sensors-v8-t3-ca08100010e.pdf","{""Sensor Type"":""Inductive"",""Sensing Distance"":""0.039\"" (1mm)"",""Output Type"":""PNP - Open Collector, NO"",""Response Frequency"":""-"",""Shielding"":""Unshielded"",""Material - Body"":""Nickel-Plated Brass"",""Voltage - Supply"":""10V ~ 30V"",""Termination Style"":""-"",""Operating Temperature"":""-25°C ~ 70°C"",""Ingress Protection"":""IP67, IP69K"",""Indicator"":""LED"",""Package / Case"":""-"",""Series"":""E57""}"
"ESR5-NZ-21-24VAC-DC","SAFETYMONITORINGRELAY, IN24VAC/D","Eaton","Safety","389.67","0","SAFETYMONITORINGRELAY, IN24VAC/D","https://www.eaton.com/us/en-us/skuPage.ESR5-NZ-21-24VAC-DC.pdf","{""Series"":""-"",""Pack Size"":""7""}"
"ESR5-NV3-30","SAFETY RELAY,5 A@240 VAC,2NO/2NC","Eaton","Safety","465.46","0","SAFETY RELAY,5 A@240 VAC,2NO/2NC","https://www.eaton.com/us/en-us/skuPage.ESR5-NV3-30.pdf","{""Series"":""-"",""Pack Size"":""6""}"
"ESR5-NO-31-UC","SAFETY RELAY,5 A@240 VAC,3NO/1NC","Eaton","Safety","880.04","0","SAFETY RELAY,5 A@240 VAC,3NO/1NC","https://www.eaton.com/us/en-us/skuPage.ESR5-NO-31-UC.pdf","{""Series"":""-"",""Pack Size"":""3""}"
"M22-PVL-K12-R","ILL E-STOP PUSH-PULL 12-30VAC/DC","Eaton","Safety","125.59","0","ILL E-STOP PUSH-PULL 12-30VAC/DC","https://www.eaton.com/us/en-us/skuPage.M22-PVL-K12-R-P.pdf","{""Mounting Type"":""Panel Mount, Front"",""Reset Operation"":""Pull"",""Circuit"":""3PST-2NC/1NO"",""Switch Function"":""On-Off, Off-On"",""Features"":""-"",""Current Rating (Amps)"":""6A (AC), 3A (DC)"",""Voltage Rating - AC"":""115 V"",""Voltage Rating - DC"":""24 V"",""Panel Cutout Dimensions"":""Circular - 22.50mm Dia"",""Termination Style"":""Screw Terminal"",""Ingress Protection"":""IP67/IP69K - Dust Tight, Water Resistant, Waterproof"",""Operating Temperature"":""-25°C ~ 70°C"",""Illumination Voltage (Nominal)"":""12 ~ 30 VAC/DC"",""Series"":""M22""}"
"M22-PVT-K01","E-STOP TWIST-RELEASE 1NC","Eaton","Safety","76.06","0","E-STOP TWIST-RELEASE 1NC","https://www.eaton.com/us/en-us/skuPage.M22-I1-PG.pdf","{""Mounting Type"":""Panel Mount, Front"",""Reset Operation"":""Twist"",""Circuit"":""SPST-NC"",""Switch Function"":""On-Off"",""Features"":""-"",""Current Rating (Amps)"":""6A (AC), 3A (DC)"",""Voltage Rating - DC"":""24 V"",""Panel Cutout Dimensions"":""Circular - 22.50mm Dia"",""Termination Style"":""Screw Terminal"",""Ingress Protection"":""IP67/IP69K - Dust Tight, Water Resistant, Waterproof"",""Operating Temperature"":""-25°C ~ 70°C"",""Illumination Voltage (Nominal)"":""-"",""Series"":""M22""}"
"M22-PVT-K02","E-STOP TWIST-RELEASE 2NC","Eaton","Safety","94.94","0","E-STOP TWIST-RELEASE 2NC","https://www.eaton.com/us/en-us/skuPage.M22-I1-PG.pdf","{""Mounting Type"":""Panel Mount, Front"",""Reset Operation"":""Twist"",""Circuit"":""DPST-NC"",""Switch Function"":""On-Off"",""Features"":""-"",""Current Rating (Amps)"":""6A (AC), 3A (DC)"",""Voltage Rating - AC"":""115 V"",""Voltage Rating - DC"":""24 V"",""Panel Cutout Dimensions"":""Circular - 22.50mm Dia"",""Termination Style"":""Screw Terminal"",""Ingress Protection"":""IP67/IP69K - Dust Tight, Water Resistant, Waterproof"",""Operating Temperature"":""-25°C ~ 70°C"",""Illumination Voltage (Nominal)"":""-"",""Series"":""M22""}"
"M22-PVL-K01-R","ILL E-STOP PUSH-PULL 12-30VAC/DC","Eaton","Safety","94.94","0","ILL E-STOP PUSH-PULL 12-30VAC/DC","https://www.eaton.com/us/en-us/skuPage.M22-PVL-K01-R.pdf","{""Mounting Type"":""Panel Mount, Front"",""Reset Operation"":""Pull"",""Circuit"":""SPST-NC"",""Switch Function"":""On-Off"",""Features"":""-"",""Current Rating (Amps)"":""6A (AC), 3A (DC)"",""Voltage Rating - AC"":""115 V"",""Voltage Rating - DC"":""24 V"",""Panel Cutout Dimensions"":""Circular - 22.50mm Dia"",""Termination Style"":""Screw Terminal"",""Ingress Protection"":""IP67/IP69K - Dust Tight, Water Resistant, Waterproof"",""Operating Temperature"":""-25°C ~ 70°C"",""Illumination Voltage (Nominal)"":""12 ~ 30 VAC/DC"",""Series"":""M22""}"
"M22-PVLT-K12-R","ILL E-STOP TWIST-RELEASE 12-30VA","Eaton","Safety","151.54","0","ILL E-STOP TWIST-RELEASE 12-30VA","https://www.eaton.com/us/en-us/skuPage.M22-I1-PG.pdf","{""Mounting Type"":""Panel Mount, Front"",""Reset Operation"":""Twist"",""Circuit"":""3PST-2NC/1NO"",""Switch Function"":""On-Off, Off-On"",""Features"":""-"",""Current Rating (Amps)"":""6A (AC), 3A (DC)"",""Voltage Rating - DC"":""24 V"",""Panel Cutout Dimensions"":""Circular - 22.50mm Dia"",""Termination Style"":""Screw Terminal"",""Ingress Protection"":""IP67/IP69K - Dust Tight, Water Resistant, Waterproof"",""Operating Temperature"":""-25°C ~ 70°C"",""Illumination Voltage (Nominal)"":""12 ~ 30 VAC/DC"",""Series"":""M22""}"
"M22-C1-M3H","CONTROL STATION TWIST-RELEASE E-","Eaton","Safety","172.99","0","CONTROL STATION TWIST-RELEASE E-","https://www.eaton.com/us/en-us/skuPage.M22-I1-PG.pdf","{""Mounting Type"":""Panel Mount, Front"",""Reset Operation"":""Twist"",""Circuit"":""SPST-NC"",""Switch Function"":""On-Off"",""Features"":""-"",""Current Rating (Amps)"":""6A (AC), 3A (DC)"",""Voltage Rating - DC"":""24 V"",""Panel Cutout Dimensions"":""Circular - 22.50mm Dia"",""Termination Style"":""Screw Terminal"",""Ingress Protection"":""IP66 - Dust Tight, Water Resistant"",""Operating Temperature"":""-25°C ~ 70°C"",""Illumination Voltage (Nominal)"":""-"",""Series"":""M22""}"
"10250T5B63-1X","EMERGNCYSTPPUSHBUTTN,NONILLM,RED","Eaton","Safety","225.93","0","EMERGNCYSTPPUSHBUTTN,NONILLM,RED","https://www.eaton.com/content/dam/eaton/products/industrialcontrols-drives-automation-sensors/pushbuttons-and-indicating-lights-v7-t1-ca08100008e.pdf","{""Mounting Type"":""Panel Mount, Front"",""Reset Operation"":""Push-Pull"",""Circuit"":""DPST-NO/NC"",""Switch Function"":""On-Off, Off-On"",""Features"":""-"",""Current Rating (Amps)"":""6A (AC), 550mA (DC)"",""Voltage Rating - AC"":""120 V"",""Voltage Rating - DC"":""125 V"",""Panel Cutout Dimensions"":""Circular - 30.50mm Dia"",""Termination Style"":""Screw Terminal"",""Ingress Protection"":""IP2X"",""Operating Temperature"":""-17°C ~ 66°C"",""Illumination Voltage (Nominal)"":""-"",""Series"":""10250T""}"
"M22-XBK1","LEGENDPLATE,EMERGENCYSTOP,BLK/YL","Eaton","Safety","9.41","0","LEGENDPLATE,EMERGENCYSTOP,BLK/YL","https://www.eaton.com/content/dam/eaton/products/industrialcontrols-drives-automation-sensors/pushbuttons-and-indicating-lights-v7-t1-ca08100008e.pdf","{""Accessory Type"":""Legend Plate"",""For Use With/Related Products"":""M22 Series"",""Series"":""M22""}"
"HT8SP13","LEGENDPLATE,EMERGENCYSTOP,WHT/BL","Eaton","Safety","9.48","0","LEGENDPLATE,EMERGENCYSTOP,WHT/BL","https://www.eaton.com/content/dam/eaton/products/industrialcontrols-drives-automation-sensors/pushbuttons-and-indicating-lights-v7-t1-ca08100008e.pdf","{""Accessory Type"":""Legend Plate"",""For Use With/Related Products"":""HT800 Series"",""Series"":""HT800""}"
"10250TRP79","LEGENDPLATE,EMERGENCYSTOP,RED/YL","Eaton","Safety","20.71","0","LEGENDPLATE,EMERGENCYSTOP,RED/YL","https://www.eaton.com/content/dam/eaton/products/industrialcontrols-drives-automation-sensors/pushbuttons-and-indicating-lights-v7-t1-ca08100008e.pdf","{""Accessory Type"":""Legend Plate"",""For Use With/Related Products"":""10250T Series"",""Series"":""10250T""}"
"M22-PV-K01","E-STOP PUSH-PULL 1NC","Eaton","Safety","50.46","0","E-STOP PUSH-PULL 1NC","https://www.eaton.com/us/en-us/skuPage.M22-I1-PG.pdf","{""Mounting Type"":""Panel Mount, Front"",""Reset Operation"":""Pull"",""Circuit"":""SPST-NC"",""Switch Function"":""On-Off"",""Features"":""-"",""Current Rating (Amps)"":""6A (AC), 3A (DC)"",""Voltage Rating - DC"":""24 V"",""Panel Cutout Dimensions"":""Circular - 22.50mm Dia"",""Termination Style"":""Screw Terminal"",""Ingress Protection"":""IP67/IP69K - Dust Tight, Water Resistant, Waterproof"",""Operating Temperature"":""-25°C ~ 70°C"",""Illumination Voltage (Nominal)"":""-"",""Series"":""M22""}"
"C22-PVT45P-K02","E-STOP TWIST-RELEASE, 45MM, 2NC","Eaton","Safety","96.27","0","E-STOP TWIST-RELEASE, 45MM, 2NC","https://www.eaton.com/us/en-us/skuPage.M22-I1-PG.pdf","{""Mounting Type"":""Panel Mount, Front"",""Reset Operation"":""Twist"",""Circuit"":""DPST-NC"",""Switch Function"":""On-Off"",""Features"":""-"",""Current Rating (Amps)"":""2A (AC), 3A (DC)"",""Voltage Rating - AC"":""110 V"",""Voltage Rating - DC"":""24 V"",""Panel Cutout Dimensions"":""Circular - 22.50mm Dia"",""Termination Style"":""Screw Terminal"",""Ingress Protection"":""IP66/IP69 - Dust Tight, Water Resistant, Waterproof"",""Operating Temperature"":""-25°C ~ 70°C"",""Illumination Voltage (Nominal)"":""-"",""Series"":""-""}"
"C22-PVT60P-K02","EMERGENCYSTOPPUSHBUTTON,NONILLUM","Eaton","Safety","96.27","0","EMERGENCYSTOPPUSHBUTTON,NONILLUM","https://www.eaton.com/content/dam/eaton/products/industrialcontrols-drives-automation-sensors/pushbuttons-and-indicating-lights-v7-t1-ca08100008e.pdf","{""Mounting Type"":""Panel Mount, Front"",""Reset Operation"":""Push-Pull"",""Circuit"":""DPST-NC"",""Switch Function"":""On-Off"",""Features"":""-"",""Current Rating (Amps)"":""2A (AC), 3A (DC)"",""Voltage Rating - AC"":""110 V"",""Voltage Rating - DC"":""24 V"",""Panel Cutout Dimensions"":""Circular - 22.50mm Dia"",""Termination Style"":""Screw Terminal"",""Ingress Protection"":""-"",""Operating Temperature"":""-25°C ~ 70°C"",""Illumination Voltage (Nominal)"":""-"",""Series"":""C22""}"
"M22-PVT-K12","E-STOP TWIST-RELEASE 1NO/2NC","Eaton","Safety","109.21","0","E-STOP TWIST-RELEASE 1NO/2NC","https://www.eaton.com/us/en-us/skuPage.M22-I1-PG.pdf","{""Mounting Type"":""Panel Mount, Rear"",""Reset Operation"":""Twist"",""Circuit"":""3PST-2NC/1NO"",""Switch Function"":""On-Off, Off-On"",""Features"":""-"",""Current Rating (Amps)"":""6A (AC), 3A (DC)"",""Voltage Rating - DC"":""24 V"",""Panel Cutout Dimensions"":""Circular - 22.50mm Dia"",""Termination Style"":""Screw Terminal"",""Ingress Protection"":""IP67/IP69K - Dust Tight, Water Resistant, Waterproof"",""Operating Temperature"":""-"",""Illumination Voltage (Nominal)"":""-"",""Series"":""M22""}"
"M22-PVL-K12-230R","ILL E-STOP PUSH-PULL 85-264VAC 1","Eaton","Safety","125.59","0","ILL E-STOP PUSH-PULL 85-264VAC 1","https://www.eaton.com/content/dam/eaton/products/industrialcontrols-drives-automation-sensors/pushbuttons-and-indicating-lights-v7-t1-ca08100008e.pdf","{""Mounting Type"":""Panel Mount, Front"",""Reset Operation"":""Twist"",""Circuit"":""3PST-2NC/1NO"",""Switch Function"":""On-Off, Off-On"",""Features"":""-"",""Current Rating (Amps)"":""6A (AC), 3A (DC)"",""Voltage Rating - AC"":""115 V"",""Voltage Rating - DC"":""24 V"",""Panel Cutout Dimensions"":""Circular - 22.50mm Dia"",""Termination Style"":""Screw Terminal"",""Ingress Protection"":""IP67/IP69K - Dust Tight, Water Resistant, Waterproof"",""Operating Temperature"":""-25°C ~ 70°C"",""Illumination Voltage (Nominal)"":""85 ~ 264 VAC"",""Series"":""M22""}"
"M22-PVS-K01","E-STOP KEY-RELEASE 1NC","Eaton","Safety","126.67","0","E-STOP KEY-RELEASE 1NC","https://www.eaton.com/us/en-us/skuPage.M22-I1-PG.pdf","{""Mounting Type"":""Panel Mount, Front"",""Reset Operation"":""Pull"",""Circuit"":""SPST-NC"",""Switch Function"":""On-Off"",""Features"":""-"",""Current Rating (Amps)"":""6A (AC), 3A (DC)"",""Voltage Rating - AC"":""115 V"",""Voltage Rating - DC"":""24 V"",""Panel Cutout Dimensions"":""Circular - 22.50mm Dia"",""Termination Style"":""Screw Terminal"",""Ingress Protection"":""IP67/IP69K - Dust Tight, Water Resistant, Waterproof"",""Operating Temperature"":""-25°C ~ 70°C"",""Illumination Voltage (Nominal)"":""-"",""Series"":""M22""}"
"M22-C1-M12H","CONTROL STATION PUSH-PULL E-STOP","Eaton","Safety","163.37","0","CONTROL STATION PUSH-PULL E-STOP","https://www.eaton.com/us/en-us/skuPage.M22-C1-M12H.pdf","{""Mounting Type"":""Panel Mount, Front"",""Reset Operation"":""Pull"",""Circuit"":""DPST-NC"",""Switch Function"":""On-Off"",""Features"":""-"",""Current Rating (Amps)"":""6A (AC), 3A (DC)"",""Voltage Rating - AC"":""115 V"",""Voltage Rating - DC"":""24 V"",""Panel Cutout Dimensions"":""Circular - 22.50mm Dia"",""Termination Style"":""Screw Terminal"",""Ingress Protection"":""IP40"",""Operating Temperature"":""-25°C ~ 70°C"",""Illumination Voltage (Nominal)"":""-"",""Series"":""M22""}"
"PSG480R24RM","REDUNDANT DC POWER SUPPLY,24VDC,","Eaton","Power Supplies","99.79","0","REDUNDANT DC POWER SUPPLY,24VDC,","https://www.eaton.com/us/en-us/skuPage.PSG480R24RM.pdf","{""Input Type"":""DC"",""Number of Outputs"":""1"",""AC Voltage - Input"":""-"",""DC Voltage - Input (Min)"":""22V"",""DC Voltage - Input (Max)"":""60V"",""Voltage - Output 1"":""24V"",""Voltage - Output 2"":""-"",""Voltage - Output 3"":""-"",""Voltage - Output 4"":""-"",""Voltage - Output 5"":""-"",""Voltage - Output 6"":""-"",""Current - Output (Max)"":""40A"",""Power (Watts)"":""960W"",""Applications"":""Industrial"",""Efficiency"":""-"",""Operating Temperature"":""-40°C ~ 80°C"",""Features"":""Universal Input"",""Size / Dimension"":""6.40\"" L x 6.60\"" W x 2.90\"" H (162.6mm x 167.6mm x 73.7mm)"",""Approval Agency"":""cCSAus, CE, CSA, cULus, cURus, EN, EX, GS, IEC"",""Standard Number"":""UL 508"",""Series"":""PSG""}"
"PSG75E24SPB","DC POWER SUPPLY,24VDC, 3.125 A,5","Eaton","Power Supplies","130.48","0","DC POWER SUPPLY,24VDC, 3.125 A,5","https://www.eaton.com/us/en-us/skuPage.PSG75E24SPB.pdf","{""Input Type"":""AC"",""Number of Outputs"":""1"",""AC Voltage - Input"":""100 ~ 240 VAC"",""DC Voltage - Input (Min)"":""-"",""DC Voltage - Input (Max)"":""-"",""Voltage - Output 1"":""24V"",""Voltage - Output 2"":""-"",""Voltage - Output 3"":""-"",""Voltage - Output 4"":""-"",""Voltage - Output 5"":""-"",""Voltage - Output 6"":""-"",""Current - Output (Max)"":""3.125A"",""Power (Watts)"":""75W"",""Applications"":""ITE (Commercial)"",""Efficiency"":""-"",""Operating Temperature"":""-"",""Features"":""Universal Input"",""Size / Dimension"":""19.80\"" L x 12.00\"" W x 7.40\"" H (502.9mm x 304.8mm x 188.0mm)"",""Approval Agency"":""cCSAus, CE, CSA, cULus, cUR, cURus, EN, GS, IEC"",""Standard Number"":""60950-1"",""Series"":""PSG""}"
"PSG60E24RM","DC POWER SUPPLY,24VDC,2.5A,50/60","Eaton","Power Supplies","131.12","0","DC POWER SUPPLY,24VDC,2.5A,50/60","https://www.eaton.com/us/en-us/skuPage.PSG60E24RM.pdf","{""Input Type"":""AC or DC"",""Number of Outputs"":""1"",""AC Voltage - Input"":""85 ~ 264 VAC"",""DC Voltage - Input (Min)"":""120V"",""DC Voltage - Input (Max)"":""375V"",""Voltage - Output 1"":""24V"",""Voltage - Output 2"":""-"",""Voltage - Output 3"":""-"",""Voltage - Output 4"":""-"",""Voltage - Output 5"":""-"",""Voltage - Output 6"":""-"",""Current - Output (Max)"":""2.5A"",""Power (Watts)"":""60W"",""Applications"":""Industrial, ITE (Commercial)"",""Efficiency"":""-"",""Operating Temperature"":""-20°C ~ 75°C"",""Features"":""Universal Input"",""Size / Dimension"":""6.20\"" L x 6.50\"" W x 2.10\"" H (157.5mm x 165.1mm x 53.3mm)"",""Approval Agency"":""CE, CSA"",""Standard Number"":""60950-1; UL 508"",""Series"":""PSG""}"
"PSG60F24RM","DC POWER SUPPLY,24VDC,2.50A,50/6","Eaton","Power Supplies","179.06","0","DC POWER SUPPLY,24VDC,2.50A,50/6","https://www.eaton.com/us/en-us/skuPage.PSG60F24RM.pdf","{""Input Type"":""AC"",""Number of Outputs"":""1"",""AC Voltage - Input"":""320 ~ 575 VAC"",""DC Voltage - Input (Min)"":""-"",""DC Voltage - Input (Max)"":""-"",""Voltage - Output 1"":""24V"",""Voltage - Output 2"":""-"",""Voltage - Output 3"":""-"",""Voltage - Output 4"":""-"",""Voltage - Output 5"":""-"",""Voltage - Output 6"":""-"",""Current - Output (Max)"":""2.5A"",""Power (Watts)"":""60W"",""Applications"":""Industrial"",""Efficiency"":""-"",""Operating Temperature"":""-25°C ~ 75°C"",""Features"":""Universal Input"",""Size / Dimension"":""7.00\"" L x 6.50\"" W x 3.00\"" H (177.8mm x 165.1mm x 76.2mm)"",""Approval Agency"":""cCSAus, CE, CSA, cULus, cURus, EN, EX, GS, IEC"",""Standard Number"":""UL 508"",""Series"":""PSG""}"
"PSG120E24RM","DC POWER SUPPLY,24VDC,5A,50/60 H","Eaton","Power Supplies","284.25","0","DC POWER SUPPLY,24VDC,5A,50/60 H","https://www.eaton.com/us/en-us/skuPage.PSG120E24RM.pdf","{""Input Type"":""AC"",""Number of Outputs"":""1"",""AC Voltage - Input"":""100 ~ 240 VAC"",""DC Voltage - Input (Min)"":""-"",""DC Voltage - Input (Max)"":""-"",""Voltage - Output 1"":""24V"",""Voltage - Output 2"":""-"",""Voltage - Output 3"":""-"",""Voltage - Output 4"":""-"",""Voltage - Output 5"":""-"",""Voltage - Output 6"":""-"",""Current - Output (Max)"":""5A"",""Power (Watts)"":""120W"",""Applications"":""Industrial, ITE (Commercial)"",""Efficiency"":""-"",""Operating Temperature"":""-20°C ~ 75°C"",""Features"":""Universal Input"",""Size / Dimension"":""3.86\"" L x 1.97\"" W x 3.00\"" H (98.0mm x 50.0mm x 76.2mm)"",""Approval Agency"":""cCSAus, CE, CSA, cULus, cURus, EN, EX, GS, IEC"",""Standard Number"":""60950-1; UL 508"",""Series"":""PSG""}"
"PSG240E24RM","DC POWER SUPPLY,24VDC,10A,50/60","Eaton","Power Supplies","411.6","0","DC POWER SUPPLY,24VDC,10A,50/60","https://www.eaton.com/us/en-us/skuPage.PSG240E24RM.pdf","{""Input Type"":""AC"",""Number of Outputs"":""1"",""AC Voltage - Input"":""100 ~ 240 VAC"",""DC Voltage - Input (Min)"":""-"",""DC Voltage - Input (Max)"":""-"",""Voltage - Output 1"":""24V"",""Voltage - Output 2"":""-"",""Voltage - Output 3"":""-"",""Voltage - Output 4"":""-"",""Voltage - Output 5"":""-"",""Voltage - Output 6"":""-"",""Current - Output (Max)"":""10A"",""Power (Watts)"":""240W"",""Applications"":""Industrial, ITE (Commercial)"",""Efficiency"":""-"",""Operating Temperature"":""-20°C ~ 75°C"",""Features"":""Universal Input"",""Size / Dimension"":""6.00\"" L x 5.90\"" W x 5.30\"" H (152.4mm x 149.9mm x 134.6mm)"",""Approval Agency"":""CSA"",""Standard Number"":""60950-1; UL 508"",""Series"":""PSG""}"
"PSG240F24RM","DC POWER SUPPLY,24VDC,10A,50/60","Eaton","Power Supplies","465.6","0","DC POWER SUPPLY,24VDC,10A,50/60","https://www.eaton.com/us/en-us/skuPage.PSG240F24RM.pdf","{""Input Type"":""AC"",""Number of Outputs"":""1"",""AC Voltage - Input"":""400 ~ 500 VAC"",""DC Voltage - Input (Min)"":""-"",""DC Voltage - Input (Max)"":""-"",""Voltage - Output 1"":""24V"",""Voltage - Output 2"":""-"",""Voltage - Output 3"":""-"",""Voltage - Output 4"":""-"",""Voltage - Output 5"":""-"",""Voltage - Output 6"":""-"",""Current - Output (Max)"":""10A"",""Power (Watts)"":""240W"",""Applications"":""ITE (Commercial)"",""Efficiency"":""-"",""Operating Temperature"":""-"",""Features"":""Universal Input"",""Size / Dimension"":""4.60\"" L x 4.76\"" W x 2.76\"" H (116.8mm x 120.9mm x 70.1mm)"",""Approval Agency"":""cULus"",""Standard Number"":""-"",""Series"":""PSG""}"
"PSG480E24RM","DC POWER SUPPLY,24VDC,20A,50/60","Eaton","Power Supplies","490.83","0","DC POWER SUPPLY,24VDC,20A,50/60","https://www.eaton.com/us/en-us/skuPage.PSG480E24RM.pdf","{""Input Type"":""AC"",""Number of Outputs"":""1"",""AC Voltage - Input"":""100 ~ 240 VAC"",""DC Voltage - Input (Min)"":""-"",""DC Voltage - Input (Max)"":""-"",""Voltage - Output 1"":""24V"",""Voltage - Output 2"":""-"",""Voltage - Output 3"":""-"",""Voltage - Output 4"":""-"",""Voltage - Output 5"":""-"",""Voltage - Output 6"":""-"",""Current - Output (Max)"":""20A"",""Power (Watts)"":""480W"",""Applications"":""Industrial, ITE (Commercial)"",""Efficiency"":""-"",""Operating Temperature"":""-20°C ~ 75°C"",""Features"":""Universal Input"",""Size / Dimension"":""6.50\"" L x 6.50\"" W x 3.00\"" H (165.1mm x 165.1mm x 76.2mm)"",""Approval Agency"":""CE, CSA"",""Standard Number"":""60950-1; UL 508"",""Series"":""PSG""}"
"PSG480F24RM","DC POWER SUPPLY,24VDC,20A,50/60","Eaton","Power Supplies","517.5","0","DC POWER SUPPLY,24VDC,20A,50/60","https://www.eaton.com/us/en-us/skuPage.PSG480F24RM.pdf","{""Input Type"":""AC"",""Number of Outputs"":""1"",""AC Voltage - Input"":""400 ~ 500 VAC"",""DC Voltage - Input (Min)"":""-"",""DC Voltage - Input (Max)"":""-"",""Voltage - Output 1"":""24V"",""Voltage - Output 2"":""-"",""Voltage - Output 3"":""-"",""Voltage - Output 4"":""-"",""Voltage - Output 5"":""-"",""Voltage - Output 6"":""-"",""Current - Output (Max)"":""20A"",""Power (Watts)"":""480W"",""Applications"":""Industrial"",""Efficiency"":""-"",""Operating Temperature"":""-25°C ~ 80°C"",""Features"":""Universal Input"",""Size / Dimension"":""7.00\"" L x 6.00\"" W x 7.00\"" H (177.8mm x 152.4mm x 177.8mm)"",""Approval Agency"":""CE, CSA"",""Standard Number"":""UL 508"",""Series"":""PSG""}"
"PSG480B24RM","DC POWER SUPPLY,24VDC,20A,50/60","Eaton","Power Supplies","520.28","0","DC POWER SUPPLY,24VDC,20A,50/60","https://www.eaton.com/us/en-us/skuPage.PSG480B24RM.pdf","{""Input Type"":""DC"",""Number of Outputs"":""1"",""AC Voltage - Input"":""-"",""DC Voltage - Input (Min)"":""22.8V"",""DC Voltage - Input (Max)"":""28.8V"",""Voltage - Output 1"":""24V"",""Voltage - Output 2"":""-"",""Voltage - Output 3"":""-"",""Voltage - Output 4"":""-"",""Voltage - Output 5"":""-"",""Voltage - Output 6"":""-"",""Current - Output (Max)"":""2.5A"",""Power (Watts)"":""60W"",""Applications"":""Industrial, ITE (Commercial)"",""Efficiency"":""-"",""Operating Temperature"":""-20°C ~ 75°C"",""Features"":""Universal Input"",""Size / Dimension"":""3.00\"" L x 6.50\"" W x 6.50\"" H (76.2mm x 165.1mm x 165.1mm)"",""Approval Agency"":""CSA"",""Standard Number"":""60950-1; UL 508"",""Series"":""PSG""}"
"PSG120F24RM","DC POWER SUPPLY,24VDC,5A,50/60 H","Eaton","Power Supplies","330.98","0","DC POWER SUPPLY,24VDC,5A,50/60 H","https://www.eaton.com/us/en-us/skuPage.PSG120F24RM.pdf","{""Input Type"":""AC"",""Number of Outputs"":""1"",""AC Voltage - Input"":""400 ~ 500 VAC"",""DC Voltage - Input (Min)"":""-"",""DC Voltage - Input (Max)"":""-"",""Voltage - Output 1"":""24V"",""Voltage - Output 2"":""-"",""Voltage - Output 3"":""-"",""Voltage - Output 4"":""-"",""Voltage - Output 5"":""-"",""Voltage - Output 6"":""-"",""Current - Output (Max)"":""5A"",""Power (Watts)"":""120W"",""Applications"":""ITE (Commercial)"",""Efficiency"":""-"",""Operating Temperature"":""-25°C ~ 75°C"",""Features"":""Universal Input"",""Size / Dimension"":""6.00\"" L x 6.50\"" W x 2.50\"" H (152.4mm x 165.1mm x 63.5mm)"",""Approval Agency"":""CSA"",""Standard Number"":""-"",""Series"":""PSG""}"
"PSG60N24RP","DC POWER SUPPLY,24VDC,2.50A,50/6","Eaton","Power Supplies","197.04","0","DC POWER SUPPLY,24VDC,2.50A,50/6","https://www.eaton.com/us/en-us/skuPage.PSG60N24RP.pdf","{""Input Type"":""AC"",""Number of Outputs"":""1"",""AC Voltage - Input"":""100 ~ 240 VAC"",""DC Voltage - Input (Min)"":""-"",""DC Voltage - Input (Max)"":""-"",""Voltage - Output 1"":""24V"",""Voltage - Output 2"":""-"",""Voltage - Output 3"":""-"",""Voltage - Output 4"":""-"",""Voltage - Output 5"":""-"",""Voltage - Output 6"":""-"",""Current - Output (Max)"":""2.5A"",""Power (Watts)"":""60W"",""Applications"":""Industrial, ITE (Commercial)"",""Efficiency"":""-"",""Operating Temperature"":""-"",""Features"":""Universal Input"",""Size / Dimension"":""4.75\"" L x 1.26\"" W x 4.70\"" H (120.6mm x 32.0mm x 119.3mm)"",""Approval Agency"":""CE, CSA"",""Standard Number"":""60950-1; UL 508"",""Series"":""PSG""}"
"PSG120E24SMB","DC POWER SUPPLY,24VDC,5A,50/60 H","Eaton","Power Supplies","260.86","0","DC POWER SUPPLY,24VDC,5A,50/60 H","https://www.eaton.com/us/en-us/skuPage.PSG120E24SMB.pdf","{""Input Type"":""AC"",""Number of Outputs"":""1"",""AC Voltage - Input"":""100 ~ 240 VAC"",""DC Voltage - Input (Min)"":""-"",""DC Voltage - Input (Max)"":""-"",""Voltage - Output 1"":""24V"",""Voltage - Output 2"":""-"",""Voltage - Output 3"":""-"",""Voltage - Output 4"":""-"",""Voltage - Output 5"":""-"",""Voltage - Output 6"":""-"",""Current - Output (Max)"":""5A"",""Power (Watts)"":""120W"",""Applications"":""ITE (Commercial)"",""Efficiency"":""-"",""Operating Temperature"":""-"",""Features"":""Universal Input"",""Size / Dimension"":""45.98\"" L x 118.11\"" W x 4.87\"" H (1168.0mm x 3000.0mm x 123.7mm)"",""Approval Agency"":""CE, cUR, EN, IEC"",""Standard Number"":""60950-1"",""Series"":""PSG""}"
"PSG240E24SMB","DC POWER SUPPLY,24VDC,10A,50/60","Eaton","Power Supplies","403.25","0","DC POWER SUPPLY,24VDC,10A,50/60","https://www.eaton.com/us/en-us/skuPage.PSG240E24SMB.pdf","{""Input Type"":""AC"",""Number of Outputs"":""1"",""AC Voltage - Input"":""100 ~ 240 VAC"",""DC Voltage - Input (Min)"":""-"",""DC Voltage - Input (Max)"":""-"",""Voltage - Output 1"":""24V"",""Voltage - Output 2"":""-"",""Voltage - Output 3"":""-"",""Voltage - Output 4"":""-"",""Voltage - Output 5"":""-"",""Voltage - Output 6"":""-"",""Current - Output (Max)"":""10A"",""Power (Watts)"":""240W"",""Applications"":""ITE (Commercial)"",""Efficiency"":""-"",""Operating Temperature"":""-"",""Features"":""Universal Input"",""Size / Dimension"":""7.50\"" L x 7.00\"" W x 1.70\"" H (190.5mm x 177.8mm x 43.2mm)"",""Approval Agency"":""CE, cUR, EN, IEC"",""Standard Number"":""60950-1"",""Series"":""PSG""}"
"PSG960F24RM","DC POWER SUPPLY,24VDC,40A,50/60","Eaton","Power Supplies","622.26","0","DC POWER SUPPLY,24VDC,40A,50/60","https://www.eaton.com/us/en-us/skuPage.PSG960F24RM.pdf","{""Input Type"":""AC"",""Number of Outputs"":""1"",""AC Voltage - Input"":""400 ~ 500 VAC"",""DC Voltage - Input (Min)"":""-"",""DC Voltage - Input (Max)"":""-"",""Voltage - Output 1"":""24V"",""Voltage - Output 2"":""-"",""Voltage - Output 3"":""-"",""Voltage - Output 4"":""-"",""Voltage - Output 5"":""-"",""Voltage - Output 6"":""-"",""Current - Output (Max)"":""40A"",""Power (Watts)"":""960W"",""Applications"":""Industrial, ITE (Commercial)"",""Efficiency"":""-"",""Operating Temperature"":""-20°C ~ 75°C"",""Features"":""Universal Input"",""Size / Dimension"":""6.50\"" L x 6.25\"" W x 8.00\"" H (165.1mm x 158.8mm x 203.2mm)"",""Approval Agency"":""CE, CSA"",""Standard Number"":""60950-1; UL 508"",""Series"":""PSG""}"
"PSG960R24RM","REDUNDANT DC POWER SUPPLY,24VDC,","Eaton","Power Supplies","138.85","0","REDUNDANT DC POWER SUPPLY,24VDC,","https://www.eaton.com/us/en-us/skuPage.PSG960R24RM.pdf","{""Input Type"":""DC"",""Number of Outputs"":""1"",""AC Voltage - Input"":""-"",""DC Voltage - Input (Min)"":""22V"",""DC Voltage - Input (Max)"":""60V"",""Voltage - Output 1"":""24V"",""Voltage - Output 2"":""-"",""Voltage - Output 3"":""-"",""Voltage - Output 4"":""-"",""Voltage - Output 5"":""-"",""Voltage - Output 6"":""-"",""Current - Output (Max)"":""40A"",""Power (Watts)"":""960W"",""Applications"":""Industrial"",""Efficiency"":""-"",""Operating Temperature"":""-40°C ~ 80°C"",""Features"":""Universal Input"",""Size / Dimension"":""6.50\"" L x 3.00\"" W x 6.50\"" H (165.1mm x 76.2mm x 165.1mm)"",""Approval Agency"":""cCSAus, CE, CSA, cULus, cUR, cURus, EN, GS, IEC"",""Standard Number"":""UL 508"",""Series"":""PSG"",""Pack Size"":""17""}"
"PSG480E24SMB","DC POWER SUPPLY,24VDC,20A,50/60","Eaton","Power Supplies","0","0","DC POWER SUPPLY,24VDC,20A,50/60","https://www.eaton.com/us/en-us/skuPage.PSG480E24SMB.pdf","{""Input Type"":""AC"",""Number of Outputs"":""1"",""AC Voltage - Input"":""100 ~ 240 VAC"",""DC Voltage - Input (Min)"":""-"",""DC Voltage - Input (Max)"":""-"",""Voltage - Output 1"":""24V"",""Voltage - Output 2"":""-"",""Voltage - Output 3"":""-"",""Voltage - Output 4"":""-"",""Voltage - Output 5"":""-"",""Voltage - Output 6"":""-"",""Current - Output (Max)"":""20A"",""Power (Watts)"":""480W"",""Applications"":""ITE (Commercial)"",""Efficiency"":""-"",""Operating Temperature"":""-"",""Features"":""Universal Input"",""Size / Dimension"":""4.60\"" L x 2.20\"" W x 4.87\"" H (116.8mm x 55.9mm x 123.7mm)"",""Approval Agency"":""CE, cUR, EN, IEC"",""Standard Number"":""60950-1"",""Series"":""PSG""}"
"D7PF2AT1","DPDT RELAY - 24 VDC COIL","Eaton","Relays & Timers","23.32","0","DPDT RELAY - 24 VDC COIL","https://www.eaton.com/us/en-us/skuPage.D7PF2AT1.pdf","{""Mounting Type"":""Socketable"",""Coil Voltage"":""24VDC"",""Contact Form"":""DPDT (2 Form C)"",""Contact Rating (Current)"":""15 A"",""Switching Voltage"":""300VAC - Max"",""Load - Max Switching"":""4500VA"",""Coil Current"":""37 mA"",""Coil Type"":""Non Latching"",""Features"":""Lighted Indicator, Mechanical Indicator"",""Termination Style"":""Plug In, Quick Connect - 0.187\"" (4.7mm)"",""Seal Rating"":""-"",""Coil Insulation"":""-"",""Must Operate Voltage"":""19.2 VDC"",""Must Release Voltage"":""2.4 VDC"",""Operate Time"":""20 ms"",""Operating Temperature"":""-40°C ~ 55°C"",""Contact Material"":""Silver Alloy, Gold (Au)"",""Approval Agency"":""CE, CSA, cURus, UL"",""Relay Type"":""General Purpose"",""Grade"":""-"",""Qualification"":""-"",""Series"":""D7""}"
"D4PR1A","SPDT RELAY 120VAC COIL","Eaton","Relays & Timers","18.05","0","SPDT RELAY 120VAC COIL","https://www.eaton.com/us/en-us/skuPage.D4PR1A.pdf","{""Mounting Type"":""Socketable"",""Coil Voltage"":""120VAC"",""Contact Form"":""SPDT (1 Form C)"",""Contact Rating (Current)"":""10 A"",""Switching Voltage"":""250VAC, 30VDC - Max"",""Load - Max Switching"":""2500VA, 300W"",""Coil Type"":""Non Latching"",""Features"":""-"",""Termination Style"":""Plug In"",""Seal Rating"":""-"",""Coil Insulation"":""-"",""Must Operate Voltage"":""96 VAC"",""Must Release Voltage"":""36 VAC"",""Operating Temperature"":""-"",""Contact Material"":""Silver Alloy"",""Approval Agency"":""CE, CSA, UR"",""Relay Type"":""General Purpose"",""Grade"":""-"",""Qualification"":""-"",""Series"":""D4""}"
"D4PA21","D4 RELAY SOCKET","Eaton","Relays & Timers","18.44","0","D4 RELAY SOCKET","https://www.eaton.com/us/en-us/skuPage.D4PA21.pdf","{""Series"":""-""}"
"D4PR2T","DPDT RELAY 24VAC COIL","Eaton","Relays & Timers","20.36","0","DPDT RELAY 24VAC COIL","https://www.eaton.com/us/en-us/skuPage.D4PR2T.pdf","{""Mounting Type"":""Socketable"",""Coil Voltage"":""24VAC"",""Contact Form"":""DPDT (2 Form C)"",""Contact Rating (Current)"":""5 A"",""Switching Voltage"":""250VAC, 30VDC - Max"",""Load - Max Switching"":""1250VA, 150W"",""Coil Type"":""Non Latching"",""Features"":""-"",""Termination Style"":""Plug In, Quick Connect - 0.102\"" (2.6mm)"",""Seal Rating"":""-"",""Coil Insulation"":""-"",""Must Operate Voltage"":""19.2 VAC"",""Must Release Voltage"":""7.2 VAC"",""Operating Temperature"":""-"",""Contact Material"":""Silver Alloy"",""Approval Agency"":""CE, CSA, UR"",""Relay Type"":""General Purpose"",""Grade"":""-"",""Qualification"":""-"",""Series"":""D4""}"
"D4PR2A","DPDT RELAY 120VAC COIL","Eaton","Relays & Timers","20.36","0","DPDT RELAY 120VAC COIL","https://www.eaton.com/us/en-us/skuPage.D4PR2A.pdf","{""Mounting Type"":""Socketable"",""Coil Voltage"":""120VAC"",""Contact Form"":""DPDT (2 Form C)"",""Contact Rating (Current)"":""5 A"",""Switching Voltage"":""250VAC, 30VDC - Max"",""Load - Max Switching"":""1250VA, 150W"",""Coil Type"":""Non Latching"",""Features"":""-"",""Termination Style"":""Plug In, Quick Connect - 0.102\"" (2.6mm)"",""Seal Rating"":""-"",""Coil Insulation"":""-"",""Must Operate Voltage"":""96 VAC"",""Must Release Voltage"":""36 VAC"",""Operating Temperature"":""-"",""Contact Material"":""Silver Alloy"",""Approval Agency"":""CE, CSA, UR"",""Relay Type"":""General Purpose"",""Grade"":""-"",""Qualification"":""-"",""Series"":""D4""}"
"D4PR11T","SPDT RELAY W/ IND LIGHT 24VAC CO","Eaton","Relays & Timers","22.14","0","SPDT RELAY W/ IND LIGHT 24VAC CO","https://www.eaton.com/us/en-us/skuPage.D4PR11T.pdf","{""Mounting Type"":""Socketable"",""Coil Voltage"":""24VAC"",""Contact Form"":""SPDT (1 Form C)"",""Contact Rating (Current)"":""10 A"",""Switching Voltage"":""250VAC, 30VDC - Max"",""Load - Max Switching"":""2500VA, 300W"",""Coil Type"":""Non Latching"",""Features"":""-"",""Termination Style"":""Plug In"",""Seal Rating"":""-"",""Coil Insulation"":""-"",""Must Operate Voltage"":""19.2 VAC"",""Must Release Voltage"":""7.2 VAC"",""Operating Temperature"":""-"",""Contact Material"":""Silver Alloy"",""Approval Agency"":""CE, CSA, UR"",""Relay Type"":""General Purpose"",""Grade"":""-"",""Qualification"":""-"",""Series"":""D4""}"
"D4PR11A","SPDT RELAY W/ IND LIGHT 120VAC C","Eaton","Relays & Timers","22.14","0","SPDT RELAY W/ IND LIGHT 120VAC C","https://www.eaton.com/us/en-us/skuPage.D4PR11A.pdf","{""Mounting Type"":""Socketable"",""Coil Voltage"":""120VAC"",""Contact Form"":""SPDT (1 Form C)"",""Contact Rating (Current)"":""10 A"",""Switching Voltage"":""250VAC, 30VDC - Max"",""Load - Max Switching"":""2500VA, 300W"",""Coil Type"":""Non Latching"",""Features"":""-"",""Termination Style"":""Plug In"",""Seal Rating"":""-"",""Coil Insulation"":""-"",""Must Operate Voltage"":""96 VAC"",""Must Release Voltage"":""36 VAC"",""Operating Temperature"":""-"",""Contact Material"":""Silver Alloy"",""Approval Agency"":""CE, CSA, UR"",""Relay Type"":""General Purpose"",""Grade"":""-"",""Qualification"":""-"",""Series"":""D4""}"
"D2RF2T1","D2 RELAY DPDT 12A 12A, COIL","Eaton","Relays & Timers","22.68","0","D2 RELAY DPDT 12A 12A, COIL","https://www.eaton.com/us/en-us/skuPage.D2RF2T1.pdf","{""Mounting Type"":""Socketable"",""Coil Voltage"":""24VDC"",""Contact Form"":""DPDT (2 Form C)"",""Contact Rating (Current)"":""12 A"",""Switching Voltage"":""300VAC - Max"",""Load - Max Switching"":""3600VA"",""Coil Current"":""36.4 mA"",""Coil Type"":""Non Latching"",""Features"":""Lighted Indicator, Mechanical Indicator, Test Button"",""Termination Style"":""Plug In"",""Seal Rating"":""-"",""Coil Insulation"":""-"",""Must Operate Voltage"":""19.2 VDC"",""Must Release Voltage"":""2.4 VDC"",""Operate Time"":""20 ms"",""Operating Temperature"":""-40°C ~ 55°C"",""Contact Material"":""Silver Alloy"",""Approval Agency"":""CE, UL"",""Relay Type"":""General Purpose"",""Grade"":""-"",""Qualification"":""-"",""Series"":""D2""}"
"XRR1D24","TB RELAY 24VDC - SPDT","Eaton","Relays & Timers","22.92","0","TB RELAY 24VDC - SPDT","//mm.digikey.com/Volume0/opasdata/d220001/medias/docus/8899/XRR1D24.pdf","{""Mounting Type"":""DIN Rail"",""Coil Voltage"":""24VDC"",""Contact Form"":""SPDT (1 Form C)"",""Contact Rating (Current)"":""6 A"",""Switching Voltage"":""250VAC, 250VDC - Max"",""Load - Max Switching"":""1500VA, 1500W"",""Coil Current"":""9 mA"",""Coil Type"":""Non Latching"",""Features"":""Diode"",""Termination Style"":""Screw Terminal"",""Seal Rating"":""-"",""Coil Insulation"":""-"",""Must Operate Voltage"":""-"",""Must Release Voltage"":""-"",""Operate Time"":""5 ms"",""Release Time"":""8 ms"",""Operating Temperature"":""-20°C ~ 60°C"",""Contact Material"":""Silver Tin Oxide (AgSnO), Gold (Au)"",""Approval Agency"":""CSA, UL"",""Relay Type"":""General Purpose"",""Grade"":""-"",""Qualification"":""-"",""Series"":""XR""}"
"D4PR21T","DPDT RELAY W/ IND LIGHT 24VAC CO","Eaton","Relays & Timers","24.97","0","DPDT RELAY W/ IND LIGHT 24VAC CO","https://www.eaton.com/us/en-us/skuPage.D4PR21T.pdf","{""Mounting Type"":""Socketable"",""Coil Voltage"":""24VAC"",""Contact Form"":""DPDT (2 Form C)"",""Contact Rating (Current)"":""5 A"",""Switching Voltage"":""250VAC, 30VDC - Max"",""Load - Max Switching"":""1250VA, 150W"",""Coil Type"":""Non Latching"",""Features"":""-"",""Termination Style"":""Plug In, Quick Connect - 0.102\"" (2.6mm)"",""Seal Rating"":""-"",""Coil Insulation"":""-"",""Must Operate Voltage"":""19.2 VAC"",""Must Release Voltage"":""7.2 VAC"",""Operating Temperature"":""-"",""Contact Material"":""Silver Alloy"",""Approval Agency"":""CE, CSA, UR"",""Relay Type"":""General Purpose"",""Grade"":""-"",""Qualification"":""-"",""Series"":""D4""}"
"D3RF2A","ICE CUBE RL,DPDT,OCTAL BASE,10A,","Eaton","Relays & Timers","29.63","0","ICE CUBE RL,DPDT,OCTAL BASE,10A,","https://www.eaton.com/us/en-us/skuPage.D3RF2A.pdf","{""Mounting Type"":""Socketable"",""Coil Voltage"":""120VAC"",""Contact Form"":""DPDT (2 Form C)"",""Contact Rating (Current)"":""10 A"",""Switching Voltage"":""300VAC - Max"",""Load - Max Switching"":""3000VA"",""Coil Current"":""70.6 mA"",""Coil Type"":""Non Latching"",""Features"":""Lighted Indicator, Mechanical Indicator, Test Button"",""Termination Style"":""Plug In, 8 Pin (Octal)"",""Seal Rating"":""-"",""Coil Insulation"":""-"",""Must Operate Voltage"":""102 VAC"",""Must Release Voltage"":""18 VAC"",""Operate Time"":""20 ms"",""Operating Temperature"":""-40°C ~ 55°C"",""Contact Material"":""Silver Alloy"",""Approval Agency"":""CE, CSA, UL"",""Relay Type"":""General Purpose"",""Grade"":""-"",""Qualification"":""-"",""Series"":""D3""}"
"D7PF4AT1","4PDT RELAY - 24 VDC COIL","Eaton","Relays & Timers","35.24","0","4PDT RELAY - 24 VDC COIL","https://www.eaton.com/us/en-us/skuPage.D7PF4AT1.pdf","{""Mounting Type"":""Socketable"",""Coil Voltage"":""24VDC"",""Contact Form"":""4PDT (4 Form C)"",""Contact Rating (Current)"":""15 A"",""Switching Voltage"":""300VAC - Max"",""Load - Max Switching"":""4500VA"",""Coil Current"":""61.9 mA"",""Coil Type"":""Non Latching"",""Features"":""Lighted Indicator, Mechanical Indicator, Test Button"",""Termination Style"":""Plug In, Quick Connect - 0.187\"" (4.7mm)"",""Seal Rating"":""-"",""Coil Insulation"":""-"",""Must Operate Voltage"":""19.2 VDC"",""Must Release Voltage"":""2.4 VDC"",""Operate Time"":""20 ms"",""Operating Temperature"":""-40°C ~ 55°C"",""Contact Material"":""Silver Alloy"",""Approval Agency"":""CE, CSA, cURus, UL"",""Relay Type"":""General Purpose"",""Grade"":""-"",""Qualification"":""-"",""Series"":""D7""}"
"XRU1D12","SCREW TBR  6A SPDT - 12VDC","Eaton","Relays & Timers","47.41","0","SCREW TBR  6A SPDT - 12VDC","https://www.eaton.com/us/en-us/skuPage.XRU1D12.pdf","{""Mounting Type"":""DIN Rail"",""Coil Voltage"":""12VDC"",""Contact Form"":""SPDT (1 Form C)"",""Contact Rating (Current)"":""6 A"",""Switching Voltage"":""250VAC, 250VDC - Max"",""Load - Max Switching"":""1500VA, 1500W"",""Coil Current"":""15.3 mA"",""Coil Type"":""Non Latching"",""Features"":""Diode"",""Termination Style"":""Screw Terminal"",""Seal Rating"":""-"",""Coil Insulation"":""-"",""Must Operate Voltage"":""-"",""Must Release Voltage"":""-"",""Operate Time"":""5 ms"",""Release Time"":""8 ms"",""Operating Temperature"":""-20°C ~ 60°C"",""Contact Material"":""Silver Tin Oxide (AgSnO)"",""Approval Agency"":""CSA, UL"",""Relay Type"":""General Purpose"",""Grade"":""-"",""Qualification"":""-"",""Series"":""XR""}"
"XRU1D24","SCREW TBR  6A SPDT - 24VDC","Eaton","Relays & Timers","47.41","0","SCREW TBR  6A SPDT - 24VDC","//mm.digikey.com/Volume0/opasdata/d220001/medias/docus/8899/XRU1D24.pdf","{""Mounting Type"":""DIN Rail"",""Coil Voltage"":""24VDC"",""Contact Form"":""SPDT (1 Form C)"",""Contact Rating (Current)"":""6 A"",""Switching Voltage"":""250VAC, 250VDC - Max"",""Load - Max Switching"":""1500VA, 1500W"",""Coil Current"":""9 mA"",""Coil Type"":""Non Latching"",""Features"":""Diode"",""Termination Style"":""Screw Terminal"",""Seal Rating"":""-"",""Coil Insulation"":""-"",""Must Operate Voltage"":""-"",""Must Release Voltage"":""-"",""Operate Time"":""5 ms"",""Release Time"":""8 ms"",""Operating Temperature"":""-20°C ~ 60°C"",""Contact Material"":""Silver Tin Oxide (AgSnO)"",""Approval Agency"":""CSA, UL"",""Relay Type"":""General Purpose"",""Grade"":""-"",""Qualification"":""-"",""Series"":""XR""}"
"XRU1D120U","SCREW TBR  6A SPDT - 120VAC/110V","Eaton","Relays & Timers","62.46","0","SCREW TBR  6A SPDT - 120VAC/110V","//mm.digikey.com/Volume0/opasdata/d220001/medias/docus/8899/XRU1D120U.pdf","{""Mounting Type"":""DIN Rail"",""Coil Voltage"":""120VAC, 110VDC"",""Contact Form"":""SPDT (1 Form C)"",""Contact Rating (Current)"":""6 A"",""Switching Voltage"":""250VAC, 250VDC - Max"",""Load - Max Switching"":""1500VA, 1500W"",""Coil Current"":""3.5 mA"",""Coil Type"":""Non Latching"",""Features"":""-"",""Termination Style"":""Screw Terminal"",""Seal Rating"":""-"",""Coil Insulation"":""-"",""Must Operate Voltage"":""-"",""Must Release Voltage"":""-"",""Operate Time"":""6 ms"",""Release Time"":""15 ms"",""Operating Temperature"":""-20°C ~ 60°C"",""Contact Material"":""Silver Tin Oxide (AgSnO)"",""Approval Agency"":""CSA, UL"",""Relay Type"":""General Purpose"",""Grade"":""-"",""Qualification"":""-"",""Series"":""XR""}"
"XRU1H24","SCREW TBR  10A SPDT - 24VDC","Eaton","Relays & Timers","68.06","0","SCREW TBR  10A SPDT - 24VDC","//mm.digikey.com/Volume0/opasdata/d220001/medias/docus/8899/XRU1H24.pdf","{""Mounting Type"":""DIN Rail"",""Coil Voltage"":""24VDC"",""Contact Form"":""SPDT (1 Form C)"",""Contact Rating (Current)"":""6 A"",""Switching Voltage"":""250VAC, 250VDC - Max"",""Load - Max Switching"":""1500VA, 1500W"",""Coil Current"":""18 mA"",""Coil Type"":""Non Latching"",""Features"":""Diode"",""Termination Style"":""Screw Terminal"",""Seal Rating"":""-"",""Coil Insulation"":""-"",""Must Operate Voltage"":""-"",""Must Release Voltage"":""-"",""Operate Time"":""8 ms"",""Release Time"":""10 ms"",""Operating Temperature"":""-20°C ~ 60°C"",""Contact Material"":""Silver Nickel (AgNi)"",""Approval Agency"":""CSA, UL"",""Relay Type"":""General Purpose"",""Grade"":""-"",""Qualification"":""-"",""Series"":""XR""}"
"XRU1H24U","SCREW TBR  10A SPDT - 24VAC/DC","Eaton","Relays & Timers","70.68","0","SCREW TBR  10A SPDT - 24VAC/DC","https://www.eaton.com/us/en-us/skuPage.XRU1H24U.pdf","{""Mounting Type"":""DIN Rail"",""Coil Voltage"":""24VAC/DC"",""Contact Form"":""SPDT (1 Form C)"",""Contact Rating (Current)"":""6 A"",""Switching Voltage"":""250VAC, 250VDC - Max"",""Load - Max Switching"":""1500VA, 1500W"",""Coil Current"":""17.5 mA"",""Coil Type"":""Non Latching"",""Features"":""-"",""Termination Style"":""Screw Terminal"",""Seal Rating"":""-"",""Coil Insulation"":""-"",""Must Operate Voltage"":""-"",""Must Release Voltage"":""-"",""Operate Time"":""8 ms"",""Release Time"":""10 ms"",""Operating Temperature"":""-20°C ~ 60°C"",""Contact Material"":""Silver Nickel (AgNi)"",""Approval Agency"":""CSA, UL"",""Relay Type"":""General Purpose"",""Grade"":""-"",""Qualification"":""-"",""Series"":""XR""}"
"XRU2D24","SCREW TBR  6A DPDT - 24VDC","Eaton","Relays & Timers","75.29","0","SCREW TBR  6A DPDT - 24VDC","//mm.digikey.com/Volume0/opasdata/d220001/medias/docus/8899/XRU2D24.pdf","{""Mounting Type"":""DIN Rail"",""Coil Voltage"":""24VAC/DC"",""Contact Form"":""DPDT (2 Form C)"",""Contact Rating (Current)"":""6 A"",""Switching Voltage"":""250VAC, 250VDC - Max"",""Load - Max Switching"":""1500VA, 1500W"",""Coil Current"":""18 mA"",""Coil Type"":""Non Latching"",""Features"":""Diode"",""Termination Style"":""Screw Terminal"",""Seal Rating"":""-"",""Coil Insulation"":""-"",""Must Operate Voltage"":""-"",""Must Release Voltage"":""-"",""Operate Time"":""8 ms"",""Release Time"":""10 ms"",""Operating Temperature"":""-20°C ~ 60°C"",""Contact Material"":""Silver Nickel (AgNi)"",""Approval Agency"":""CSA, UL"",""Relay Type"":""General Purpose"",""Grade"":""-"",""Qualification"":""-"",""Series"":""XR""}"
"XRU2D12","SCREW TBR  6A DPDT - 12VDC","Eaton","Relays & Timers","75.29","0","SCREW TBR  6A DPDT - 12VDC","https://www.eaton.com/us/en-us/skuPage.XRU2D12.pdf","{""Mounting Type"":""DIN Rail"",""Coil Voltage"":""12VDC"",""Contact Form"":""DPDT (2 Form C)"",""Contact Rating (Current)"":""6 A"",""Switching Voltage"":""250VAC, 250VDC - Max"",""Load - Max Switching"":""1500VA, 1500W"",""Coil Current"":""33 mA"",""Coil Type"":""Non Latching"",""Features"":""Diode"",""Termination Style"":""Screw Terminal"",""Seal Rating"":""-"",""Coil Insulation"":""-"",""Must Operate Voltage"":""-"",""Must Release Voltage"":""-"",""Operate Time"":""8 ms"",""Release Time"":""10 ms"",""Operating Temperature"":""-20°C ~ 60°C"",""Contact Material"":""Silver Nickel (AgNi)"",""Approval Agency"":""CSA, UL"",""Relay Type"":""General Purpose"",""Grade"":""-"",""Qualification"":""-"",""Series"":""XR""}"
"XRU1H120U","SCREW TBR  10A SPDT - 120VAC/110","Eaton","Relays & Timers","83.74","0","SCREW TBR  10A SPDT - 120VAC/110","//mm.digikey.com/Volume0/opasdata/d220001/medias/docus/8899/XRU1H120U.pdf","{""Mounting Type"":""DIN Rail"",""Coil Voltage"":""120VAC, 110VDC"",""Contact Form"":""SPDT (1 Form C)"",""Contact Rating (Current)"":""6 A"",""Switching Voltage"":""250VAC, 250VDC - Max"",""Load - Max Switching"":""1500VA, 1500W"",""Coil Current"":""4.5 mA"",""Coil Type"":""Non Latching"",""Features"":""-"",""Termination Style"":""Screw Terminal"",""Seal Rating"":""-"",""Coil Insulation"":""-"",""Must Operate Voltage"":""-"",""Must Release Voltage"":""-"",""Operate Time"":""7 ms"",""Release Time"":""10 ms"",""Operating Temperature"":""-20°C ~ 60°C"",""Contact Material"":""Silver Nickel (AgNi)"",""Approval Agency"":""CSA, UL"",""Relay Type"":""General Purpose"",""Grade"":""-"",""Qualification"":""-"",""Series"":""XR""}"
"CSDS4","CONNECTOR,FIELD WIRING,M12F,STR,","Eaton","Cables & Connectors","52.01","0","CONNECTOR,FIELD WIRING,M12F,STR,","https://ecat.eaton.com/flip-cat/CA_SENS1_EN/blaetterkatalog/pdf/complete.pdf","{""Connector Type"":""Plug, Female Sockets"",""Number of Positions"":""4"",""Grade"":""-"",""Qualification"":""-"",""Shell Size - Insert"":""M12-4"",""Shell Size, MIL"":""-"",""Mounting Type"":""Free Hanging (In-Line)"",""Mounting Feature"":""-"",""Termination"":""Screw"",""Fastening Type"":""Threaded"",""Orientation"":""Keyed"",""Primary Material"":""-"",""Shell Material"":""-"",""Shell Finish"":""-"",""Contact Finish - Mating"":""-"",""Color"":""Black, Silver"",""Ingress Protection"":""IP67 - Dust Tight, Waterproof"",""Material Flammability Rating"":""-"",""Features"":""Backshell, Coupling Nut"",""Shielding"":""Unshielded"",""Current Rating (Amps)"":""1A"",""Voltage Rating"":""24V"",""Cable Opening"":""-"",""Operating Temperature"":""-40°C ~ 85°C"",""Series"":""-""}"
"CSAS3F3CY2202","CORDSET,PLUG,3 PIN,FEMALE","Eaton","Cables & Connectors","52.62","0","CORDSET,PLUG,3 PIN,FEMALE","https://www.eaton.com/content/dam/eaton/products/industrialcontrols-drives-automation-sensors/connectivity-soutions-ca08100010e.pdf","{""1st Connector Type"":""Plug"",""1st Connector Gender"":""Female Sockets"",""1st Connector Number of Positions"":""3"",""1st Connector Number of Positions Loaded"":""All"",""1st Connector Shell Size - Insert"":""M12"",""1st Connector Orientation"":""-"",""1st Connector Mounting Type"":""Free Hanging (In-Line)"",""2nd Connector Type"":""Wire Leads"",""2nd Connector Gender"":""-"",""2nd Connector Number of Positions"":""-"",""2nd Connector Number of Positions Loaded"":""-"",""2nd Connector Shell Size - Insert"":""-"",""2nd Connector Orientation"":""-"",""2nd Connector Mounting Type"":""-"",""Length"":""6.56' (2.00m)"",""Assembly Configuration"":""Standard"",""Cable Type"":""Round"",""Cable Material"":""Polyvinyl Chloride (PVC)"",""Color"":""Yellow"",""Shielding"":""Unshielded"",""Ingress Protection"":""IP67 - Dust Tight, Waterproof"",""Usage"":""Industrial Environments"",""Series"":""CSA""}"
"CSDS4A3RY2205","CORDSET,PLUG,4 PIN,FEMALE","Eaton","Cables & Connectors","59.21","0","CORDSET,PLUG,4 PIN,FEMALE","https://www.eaton.com/us/en-us/skuPage.CSDS4A3RY2205.pdf","{""1st Connector Type"":""Plug"",""1st Connector Gender"":""Female Sockets"",""1st Connector Number of Positions"":""4"",""1st Connector Number of Positions Loaded"":""All"",""1st Connector Shell Size - Insert"":""M12"",""1st Connector Orientation"":""-"",""1st Connector Mounting Type"":""Free Hanging (In-Line)"",""2nd Connector Type"":""Wire Leads"",""2nd Connector Gender"":""-"",""2nd Connector Number of Positions"":""-"",""2nd Connector Number of Positions Loaded"":""-"",""2nd Connector Shell Size - Insert"":""-"",""2nd Connector Orientation"":""-"",""2nd Connector Mounting Type"":""-"",""Length"":""16.40' (5.00m)"",""Assembly Configuration"":""Standard"",""Cable Type"":""Round"",""Cable Material"":""Polyurethane (PUR)"",""Color"":""Yellow"",""Shielding"":""Unshielded"",""Ingress Protection"":""IP67 - Dust Tight, Waterproof"",""Usage"":""Industrial Environments"",""Series"":""CSD""}"
"CSAS5A5CY2202","CORDSET,PLUG,5 PIN,FEMALE","Eaton","Cables & Connectors","63.59","0","CORDSET,PLUG,5 PIN,FEMALE","https://www.eaton.com/content/dam/eaton/products/industrialcontrols-drives-automation-sensors/connectivity-soutions-ca08100010e.pdf","{""1st Connector Type"":""Plug"",""1st Connector Gender"":""Female Sockets"",""1st Connector Number of Positions"":""5"",""1st Connector Number of Positions Loaded"":""All"",""1st Connector Shell Size - Insert"":""M12"",""1st Connector Orientation"":""-"",""1st Connector Mounting Type"":""Free Hanging (In-Line)"",""2nd Connector Type"":""Wire Leads"",""2nd Connector Gender"":""-"",""2nd Connector Number of Positions"":""-"",""2nd Connector Number of Positions Loaded"":""-"",""2nd Connector Shell Size - Insert"":""-"",""2nd Connector Orientation"":""-"",""2nd Connector Mounting Type"":""-"",""Length"":""6.56' (2.00m)"",""Assembly Configuration"":""Standard"",""Cable Type"":""Round"",""Cable Material"":""Polyvinyl Chloride (PVC)"",""Color"":""Yellow"",""Shielding"":""Unshielded"",""Ingress Protection"":""IP67 - Dust Tight, Waterproof"",""Usage"":""Industrial Environments"",""Series"":""CSA""}"
"CSDS5A5CY2202-DR","CORDSET,DUAL M12,ST M,RA F,5P,2M","Eaton","Cables & Connectors","76.9","0","CORDSET,DUAL M12,ST M,RA F,5P,2M","https://www.eaton.com/us/en-us/skuPage.CSDS5A5CY2202-DR.pdf","{""1st Connector Type"":""Plug"",""1st Connector Gender"":""Female Sockets"",""1st Connector Number of Positions"":""5"",""1st Connector Number of Positions Loaded"":""All"",""1st Connector Shell Size - Insert"":""M12"",""1st Connector Orientation"":""-"",""1st Connector Mounting Type"":""Free Hanging (In-Line)"",""2nd Connector Type"":""Plug"",""2nd Connector Gender"":""Female Sockets"",""2nd Connector Number of Positions"":""5"",""2nd Connector Number of Positions Loaded"":""All"",""2nd Connector Shell Size - Insert"":""M12"",""2nd Connector Orientation"":""-"",""2nd Connector Mounting Type"":""Free Hanging (In-Line)"",""Length"":""6.56' (2.00m)"",""Assembly Configuration"":""Standard"",""Cable Type"":""Round"",""Cable Material"":""Polyvinyl Chloride (PVC)"",""Color"":""Yellow"",""Shielding"":""Unshielded"",""Ingress Protection"":""IP67 - Dust Tight, Waterproof"",""Usage"":""Industrial Environments"",""Series"":""-""}"
"CSDS8A8CB2402","CORDSET,PLUG,8 PIN,FEMALE","Eaton","Cables & Connectors","77.99","0","CORDSET,PLUG,8 PIN,FEMALE","https://www.eaton.com/content/dam/eaton/products/industrialcontrols-drives-automation-sensors/connectivity-soutions-ca08100010e.pdf","{""1st Connector Type"":""Plug"",""1st Connector Gender"":""Female Sockets"",""1st Connector Number of Positions"":""8"",""1st Connector Number of Positions Loaded"":""All"",""1st Connector Shell Size - Insert"":""M12"",""1st Connector Orientation"":""-"",""1st Connector Mounting Type"":""Free Hanging (In-Line)"",""2nd Connector Type"":""Wire Leads"",""2nd Connector Gender"":""-"",""2nd Connector Number of Positions"":""-"",""2nd Connector Number of Positions Loaded"":""-"",""2nd Connector Shell Size - Insert"":""-"",""2nd Connector Orientation"":""-"",""2nd Connector Mounting Type"":""-"",""Length"":""6.56' (2.00m)"",""Assembly Configuration"":""Standard"",""Cable Type"":""Round"",""Cable Material"":""Polyvinyl Chloride (PVC)"",""Color"":""Black"",""Shielding"":""Unshielded"",""Ingress Protection"":""IP67 - Dust Tight, Waterproof"",""Usage"":""Industrial Environments"",""Series"":""CSD""}"
"CSDS5A5CY2202","CORDSET,PLUG,5 PIN,FEMALE","Eaton","Cables & Connectors","38.08","0","CORDSET,PLUG,5 PIN,FEMALE","https://www.eaton.com/us/en-us/skuPage.CSDS5A5CY2202.pdf","{""1st Connector Type"":""Plug"",""1st Connector Gender"":""Female Sockets"",""1st Connector Number of Positions"":""5"",""1st Connector Number of Positions Loaded"":""All"",""1st Connector Shell Size - Insert"":""M12"",""1st Connector Orientation"":""-"",""1st Connector Mounting Type"":""Free Hanging (In-Line)"",""2nd Connector Type"":""Wire Leads"",""2nd Connector Gender"":""-"",""2nd Connector Number of Positions"":""-"",""2nd Connector Number of Positions Loaded"":""-"",""2nd Connector Shell Size - Insert"":""-"",""2nd Connector Orientation"":""-"",""2nd Connector Mounting Type"":""-"",""Length"":""6.56' (2.00m)"",""Assembly Configuration"":""Standard"",""Cable Type"":""Round"",""Cable Material"":""Polyvinyl Chloride (PVC)"",""Color"":""Yellow"",""Shielding"":""Unshielded"",""Ingress Protection"":""IP67 - Dust Tight, Waterproof"",""Usage"":""Industrial Environments"",""Series"":""CSD"",""Pack Size"":""62""}"
"CSDS5A5CY2205","CORDSET,PLUG,5 PIN,FEMALE","Eaton","Cables & Connectors","51.65","0","CORDSET,PLUG,5 PIN,FEMALE","https://www.eaton.com/us/en-us/skuPage.CSDS5A5CY2205.pdf","{""1st Connector Type"":""Plug"",""1st Connector Gender"":""Female Sockets"",""1st Connector Number of Positions"":""5"",""1st Connector Number of Positions Loaded"":""All"",""1st Connector Shell Size - Insert"":""M12"",""1st Connector Orientation"":""-"",""1st Connector Mounting Type"":""Free Hanging (In-Line)"",""2nd Connector Type"":""Wire Leads"",""2nd Connector Gender"":""-"",""2nd Connector Number of Positions"":""-"",""2nd Connector Number of Positions Loaded"":""-"",""2nd Connector Shell Size - Insert"":""-"",""2nd Connector Orientation"":""-"",""2nd Connector Mounting Type"":""-"",""Length"":""16.40' (5.00m)"",""Assembly Configuration"":""Standard"",""Cable Type"":""Round"",""Cable Material"":""Polyvinyl Chloride (PVC)"",""Color"":""Yellow"",""Shielding"":""Unshielded"",""Ingress Protection"":""IP67 - Dust Tight, Waterproof"",""Usage"":""Industrial Environments"",""Series"":""CSD"",""Pack Size"":""46""}"
"CSDS5A5CY2210","CORDSET,PLUG,5 PIN,FEMALE","Eaton","Cables & Connectors","72.04","0","CORDSET,PLUG,5 PIN,FEMALE","https://www.eaton.com/us/en-us/skuPage.CSDS5A5CY2210.pdf","{""1st Connector Type"":""Plug"",""1st Connector Gender"":""Female Sockets"",""1st Connector Number of Positions"":""5"",""1st Connector Number of Positions Loaded"":""All"",""1st Connector Shell Size - Insert"":""M12"",""1st Connector Orientation"":""-"",""1st Connector Mounting Type"":""Free Hanging (In-Line)"",""2nd Connector Type"":""Wire Leads"",""2nd Connector Gender"":""-"",""2nd Connector Number of Positions"":""-"",""2nd Connector Number of Positions Loaded"":""-"",""2nd Connector Shell Size - Insert"":""-"",""2nd Connector Orientation"":""-"",""2nd Connector Mounting Type"":""-"",""Length"":""32.8' (10.00m)"",""Assembly Configuration"":""Standard"",""Cable Type"":""Round"",""Cable Material"":""Polyvinyl Chloride (PVC)"",""Color"":""Yellow"",""Shielding"":""Unshielded"",""Ingress Protection"":""IP67 - Dust Tight, Waterproof"",""Usage"":""Industrial Environments"",""Series"":""CSD"",""Pack Size"":""33""}"
"CSAS3F3RY2202","CORDSET,PLUG,3 PIN,FEMALE","Eaton","Cables & Connectors","0","0","CORDSET,PLUG,3 PIN,FEMALE","https://www.eaton.com/us/en-us/skuPage.CSAS3F3RY2202.pdf","{""1st Connector Type"":""Plug"",""1st Connector Gender"":""Female Sockets"",""1st Connector Number of Positions"":""3"",""1st Connector Number of Positions Loaded"":""All"",""1st Connector Shell Size - Insert"":""M12"",""1st Connector Orientation"":""-"",""1st Connector Mounting Type"":""Free Hanging (In-Line)"",""2nd Connector Type"":""Wire Leads"",""2nd Connector Gender"":""-"",""2nd Connector Number of Positions"":""-"",""2nd Connector Number of Positions Loaded"":""-"",""2nd Connector Shell Size - Insert"":""-"",""2nd Connector Orientation"":""-"",""2nd Connector Mounting Type"":""-"",""Length"":""6.56' (2.00m)"",""Assembly Configuration"":""Standard"",""Cable Type"":""Round"",""Cable Material"":""Polyurethane (PUR)"",""Color"":""Yellow"",""Shielding"":""Unshielded"",""Ingress Protection"":""IP67 - Dust Tight, Waterproof"",""Usage"":""Industrial Environments"",""Series"":""CSA""}"
"M22-K10","CONTACT BLOCK 1NO SCREW TERM","Eaton","Cables & Connectors","16.41","0","CONTACT BLOCK 1NO SCREW TERM","https://www.eaton.com/us/en-us/skuPage.M22-K10.pdf","{""Circuit"":""SPST-NO"",""Requires"":""Switch Body"",""Termination Style"":""Screw Terminal"",""Contact Rating @ Voltage"":""6A @ 115VAC, 3A @ 24VDC"",""(Select First, Then Apply Filters) Compatible Series"":""Eaton, M22"",""Series"":""M22""}"
"M22-K01","CONTACT BLOCK 1NC SCREW TERM","Eaton","Cables & Connectors","16.41","0","CONTACT BLOCK 1NC SCREW TERM","https://www.eaton.com/us/en-us/skuPage.M22-K01.pdf","{""Circuit"":""SPST-NC"",""Requires"":""Switch Body"",""Termination Style"":""Screw Terminal"",""Contact Rating @ Voltage"":""6A @ 115VAC, 3A @ 24VDC"",""(Select First, Then Apply Filters) Compatible Series"":""Eaton, M22"",""Series"":""M22""}"
"M22-KC01","CONTACT BLOCK 1NC SCREW TERM BAS","Eaton","Cables & Connectors","16.41","0","CONTACT BLOCK 1NC SCREW TERM BAS","https://www.eaton.com/us/en-us/skuPage.M22-KC01.pdf","{""Circuit"":""SPST-NC"",""Requires"":""Switch Body"",""Termination Style"":""Screw Terminal"",""Contact Rating @ Voltage"":""6A @ 240VAC, 3A @ 24V DC"",""(Select First, Then Apply Filters) Compatible Series"":""Eaton, M22 and M22M"",""Series"":""M22""}"
"M22-CK20","CONTACT BLOCK 2NO CAGE CLAMP","Eaton","Cables & Connectors","42.34","0","CONTACT BLOCK 2NO CAGE CLAMP","https://www.eaton.com/us/en-us/skuPage.M22-CK20.pdf","{""Circuit"":""SPST-NO x 2"",""Requires"":""Switch Body"",""Termination Style"":""Spring Terminal"",""Contact Rating @ Voltage"":""6A @ 240VAC, 3A @ 24V DC"",""(Select First, Then Apply Filters) Compatible Series"":""Eaton, M22 and M22M"",""Series"":""M22""}"
"XBAES15C","END STOP 15MM RAIL SCREW MOUNT","Eaton","Cables & Connectors","2.62","0","END STOP 15MM RAIL SCREW MOUNT","https://www.eaton.com/content/dam/eaton/products/industrialcontrols-drives-automation-sensors/terminal-blocks-fuse-blocks-and-fuse-holders-v7-t8-ca08100008e.pdf","{""Type"":""End Stop"",""Number of Positions"":""1"",""For Use With/Related Products"":""Barrier Blocks"",""Color"":""-"",""Series"":""Magnum® X""}"
"XBPT25PE","5.2MM SPRING CLIP GROUND TB 28-1","Eaton","Cables & Connectors","15.14","0","5.2MM SPRING CLIP GROUND TB 28-1","https://www.eaton.com/content/dam/eaton/products/industrialcontrols-drives-automation-sensors/terminal-blocks-fuse-blocks-and-fuse-holders-v7-t8-ca08100008e.pdf","{""Type"":""Ground, Earth"",""Disconnect Type"":""-"",""Number of Positions"":""2"",""Number of Levels"":""1"",""Terminal - Width"":""5.2mm"",""Termination Style"":""Push In, Spring"",""Voltage - IEC"":""-"",""Voltage - UL"":""-"",""Wire Gauge or Range - AWG"":""12-26 AWG"",""Wire Gauge or Range - mm²"":""4mm²"",""Features"":""-"",""Color"":""Green, Yellow"",""Fuse Type"":""-"",""Series"":""XB""}"
"XBUT4PE","6.2MM GROUND BLOCK 26-8AWG","Eaton","Cables & Connectors","15.33","0","6.2MM GROUND BLOCK 26-8AWG","https://www.eaton.com/content/dam/eaton/products/industrialcontrols-drives-automation-sensors/terminal-blocks-fuse-blocks-and-fuse-holders-v7-t8-ca08100008e.pdf","{""Type"":""Ground, Earth"",""Disconnect Type"":""-"",""Number of Positions"":""2"",""Number of Levels"":""1"",""Terminal - Width"":""6.2mm"",""Termination Style"":""Screw"",""Voltage - IEC"":""-"",""Voltage - UL"":""-"",""Wire Gauge or Range - AWG"":""10-26 AWG"",""Wire Gauge or Range - mm²"":""4mm²"",""Features"":""-"",""Color"":""Green, Yellow"",""Fuse Type"":""-"",""Series"":""XB""}"
"XBPT35","16MM SPRING CLIP TB 14-2AWG","Eaton","Cables & Connectors","60.03","0","16MM SPRING CLIP TB 14-2AWG","https://www.eaton.com/content/dam/eaton/products/industrialcontrols-drives-automation-sensors/terminal-blocks-fuse-blocks-and-fuse-holders-v7-t8-ca08100008e.pdf","{""Type"":""Feed Through"",""Disconnect Type"":""-"",""Number of Positions"":""2"",""Number of Levels"":""1"",""Terminal - Width"":""16.0mm"",""Termination Style"":""Push In, Spring"",""Current - IEC"":""125 A"",""Voltage - IEC"":""800V"",""Current - UL"":""115 A"",""Voltage - UL"":""600V"",""Wire Gauge or Range - AWG"":""2-14 AWG"",""Wire Gauge or Range - mm²"":""35mm²"",""Features"":""-"",""Color"":""Gray"",""Fuse Type"":""-"",""Series"":""XB""}"
"MSH6-0A","THERMAL UNIT, TRIP CLASS 20, THE","Eaton","Temperature Controllers","43.12","0","THERMAL UNIT, TRIP CLASS 20, THE","https://www.eaton.com/content/dam/eaton/products/industrialcontrols-drives-automation-sensors/freedom-nema-motor-control/manual-motor-control-v10-t11-ca08100012e.pdf","{""Accessory Type"":""Heater"",""For Use With/Related Products"":""MS Series"",""Usage"":""Control"",""Specifications"":""4.8A ~ 5.26A"",""Series"":""MS""}"
"FH24","THERMAL UNIT, TRIP CLASS 20, THE","Eaton","Temperature Controllers","102.28","0","THERMAL UNIT, TRIP CLASS 20, THE","https://www.eaton.com/content/dam/eaton/products/industrialcontrols-drives-automation-sensors/manual-motor-starters-/nema_manual_starters.pdf","{""Accessory Type"":""Heater"",""For Use With/Related Products"":""-"",""Usage"":""Control"",""Specifications"":""-"",""Series"":""-""}"
"FH27","THERMAL UNIT, TRIP CLASS 20, THE","Eaton","Temperature Controllers","102.28","0","THERMAL UNIT, TRIP CLASS 20, THE","https://www.eaton.com/content/dam/eaton/products/industrialcontrols-drives-automation-sensors/manual-motor-starters-/nema_manual_starters.pdf","{""Accessory Type"":""Heater"",""For Use With/Related Products"":""-"",""Usage"":""Control"",""Specifications"":""-"",""Series"":""-""}"
"FH33","THERMAL UNIT, TRIP CLASS 20, THE","Eaton","Temperature Controllers","102.28","0","THERMAL UNIT, TRIP CLASS 20, THE","https://www.eaton.com/content/dam/eaton/products/industrialcontrols-drives-automation-sensors/manual-motor-starters-/nema_manual_starters.pdf","{""Accessory Type"":""Heater"",""For Use With/Related Products"":""-"",""Usage"":""Control"",""Specifications"":""-"",""Series"":""-""}"
"FH23","THERMAL UNIT, TRIP CLASS 20, THE","Eaton","Temperature Controllers","102.28","0","THERMAL UNIT, TRIP CLASS 20, THE","https://www.eaton.com/content/dam/eaton/products/industrialcontrols-drives-automation-sensors/manual-motor-starters-/nema_manual_starters.pdf","{""Accessory Type"":""Heater"",""For Use With/Related Products"":""-"",""Usage"":""Control"",""Specifications"":""-"",""Series"":""-""}"
"FH40","THERMAL UNIT, TRIP CLASS 20, THE","Eaton","Temperature Controllers","102.28","0","THERMAL UNIT, TRIP CLASS 20, THE","https://www.eaton.com/us/en-us/skuPage.FH40.pdf","{""Accessory Type"":""Heater"",""For Use With/Related Products"":""-"",""Usage"":""Control"",""Specifications"":""-"",""Series"":""-""}"
"FH22","THERMAL UNIT, TRIP CLASS 20, THE","Eaton","Temperature Controllers","102.28","0","THERMAL UNIT, TRIP CLASS 20, THE","https://www.eaton.com/us/en-us/skuPage.FH22.pdf","{""Accessory Type"":""Heater"",""For Use With/Related Products"":""-"",""Usage"":""Control"",""Specifications"":""-"",""Series"":""-""}"
"FH38","THERMAL UNIT, TRIP CLASS 20, THE","Eaton","Temperature Controllers","102.28","0","THERMAL UNIT, TRIP CLASS 20, THE","https://www.eaton.com/us/en-us/skuPage.FH38.pdf","{""Accessory Type"":""Heater"",""For Use With/Related Products"":""-"",""Usage"":""Control"",""Specifications"":""-"",""Series"":""-""}"
"FH41","THERMAL UNIT, TRIP CLASS 20, THE","Eaton","Temperature Controllers","102.28","0","THERMAL UNIT, TRIP CLASS 20, THE","https://www.eaton.com/us/en-us/skuPage.FH41.pdf","{""Accessory Type"":""Heater"",""For Use With/Related Products"":""-"",""Usage"":""Control"",""Specifications"":""-"",""Series"":""-""}"
"FH17","THERMAL UNIT, TRIP CLASS 20, THE","Eaton","Temperature Controllers","102.28","0","THERMAL UNIT, TRIP CLASS 20, THE","https://www.eaton.com/content/dam/eaton/products/industrialcontrols-drives-automation-sensors/manual-motor-starters-/nema_manual_starters.pdf","{""Accessory Type"":""Heater"",""For Use With/Related Products"":""-"",""Usage"":""Control"",""Specifications"":""-"",""Series"":""-""}"
"FH16","THERMAL UNIT, TRIP CLASS 20, THE","Eaton","Temperature Controllers","102.28","0","THERMAL UNIT, TRIP CLASS 20, THE","https://www.eaton.com/content/dam/eaton/products/industrialcontrols-drives-automation-sensors/manual-motor-starters-/nema_manual_starters.pdf","{""Accessory Type"":""Heater"",""For Use With/Related Products"":""-"",""Usage"":""Control"",""Specifications"":""-"",""Series"":""-""}"
"FH55","THERMAL UNIT, TRIP CLASS 20, THE","Eaton","Temperature Controllers","102.28","0","THERMAL UNIT, TRIP CLASS 20, THE","https://www.eaton.com/content/dam/eaton/products/industrialcontrols-drives-automation-sensors/manual-motor-starters-/nema_manual_starters.pdf","{""Accessory Type"":""Heater"",""For Use With/Related Products"":""-"",""Usage"":""Control"",""Specifications"":""-"",""Series"":""-""}"
"FH53","THERMAL UNIT, TRIP CLASS 20, THE","Eaton","Temperature Controllers","102.28","0","THERMAL UNIT, TRIP CLASS 20, THE","https://www.eaton.com/us/en-us/skuPage.FH53.pdf","{""Accessory Type"":""Heater"",""For Use With/Related Products"":""-"",""Usage"":""Control"",""Specifications"":""-"",""Series"":""-""}"
"FH42","THERMAL UNIT, TRIP CLASS 20, THE","Eaton","Temperature Controllers","102.28","0","THERMAL UNIT, TRIP CLASS 20, THE","https://www.eaton.com/content/dam/eaton/products/industrialcontrols-drives-automation-sensors/manual-motor-starters-/nema_manual_starters.pdf","{""Accessory Type"":""Heater"",""For Use With/Related Products"":""-"",""Usage"":""Control"",""Specifications"":""-"",""Series"":""-""}"
"FH43","THERMAL UNIT, TRIP CLASS 20, THE","Eaton","Temperature Controllers","102.28","0","THERMAL UNIT, TRIP CLASS 20, THE","https://www.eaton.com/content/dam/eaton/products/industrialcontrols-drives-automation-sensors/manual-motor-starters-/nema_manual_starters.pdf","{""Accessory Type"":""Heater"",""For Use With/Related Products"":""-"",""Usage"":""Control"",""Specifications"":""-"",""Series"":""-""}"
"FH10","THERMAL UNIT, TRIP CLASS 20, THE","Eaton","Temperature Controllers","102.28","0","THERMAL UNIT, TRIP CLASS 20, THE","https://www.eaton.com/content/dam/eaton/products/industrialcontrols-drives-automation-sensors/manual-motor-starters-/nema_manual_starters.pdf","{""Accessory Type"":""Heater"",""For Use With/Related Products"":""-"",""Usage"":""Control"",""Specifications"":""-"",""Series"":""-""}"
"FH49","THERMAL UNIT, TRIP CLASS 20, THE","Eaton","Temperature Controllers","102.28","0","THERMAL UNIT, TRIP CLASS 20, THE","https://www.eaton.com/content/dam/eaton/products/industrialcontrols-drives-automation-sensors/manual-motor-starters-/nema_manual_starters.pdf","{""Accessory Type"":""Heater"",""For Use With/Related Products"":""-"",""Usage"":""Control"",""Specifications"":""-"",""Series"":""-""}"
"FH51","THERMAL UNIT, TRIP CLASS 20, THE","Eaton","Temperature Controllers","102.28","0","THERMAL UNIT, TRIP CLASS 20, THE","https://www.eaton.com/content/dam/eaton/products/industrialcontrols-drives-automation-sensors/manual-motor-starters-/nema_manual_starters.pdf","{""Accessory Type"":""Heater"",""For Use With/Related Products"":""-"",""Usage"":""Control"",""Specifications"":""-"",""Series"":""-""}"
"FH29","THERMAL UNIT, TRIP CLASS 20, THE","Eaton","Temperature Controllers","102.28","0","THERMAL UNIT, TRIP CLASS 20, THE","https://www.eaton.com/us/en-us/skuPage.FH29.pdf","{""Accessory Type"":""Heater"",""For Use With/Related Products"":""-"",""Usage"":""Control"",""Specifications"":""-"",""Series"":""-""}"
"FH19","THERMAL UNIT, TRIP CLASS 20, THE","Eaton","Temperature Controllers","102.28","0","THERMAL UNIT, TRIP CLASS 20, THE","https://www.eaton.com/us/en-us/skuPage.FH19.pdf","{""Accessory Type"":""Heater"",""For Use With/Related Products"":""-"",""Usage"":""Control"",""Specifications"":""-"",""Series"":""-""}"
"CPX-8DE","INPUT MODULE 8 DIGITAL 18-30V","Festo","I/O Modules","159.71","0","INPUT MODULE 8 DIGITAL 18-30V","https://www.festo.com/us/en/a/download-document/datasheet/195750","{""Type"":""Input Module"",""For Use With/Related Products"":""-"",""Number of Inputs and Type"":""8 - Digital"",""Number of Outputs and Type"":""-"",""Voltage - Supply"":""18 ~ 30VDC"",""Mounting Type"":""Chassis Mount"",""Termination Style"":""-"",""Features"":""-"",""Series"":""CPX""}"
"CPX-8DA","OUTPUT MODULE 8 DIGITAL 18-30V","Festo","I/O Modules","268.97","0","OUTPUT MODULE 8 DIGITAL 18-30V","https://www.festo.com/us/en/a/download-document/datasheet/541482","{""Type"":""Output Module"",""For Use With/Related Products"":""-"",""Number of Inputs and Type"":""-"",""Number of Outputs and Type"":""8 - Digital"",""Voltage - Supply"":""18 ~ 30VDC"",""Mounting Type"":""Chassis Mount"",""Termination Style"":""-"",""Features"":""-"",""Series"":""CPX""}"
"CPX-4AE-U-I","CTRL MOD 4 ANALOG 18-30V","Festo","PLC & Controllers","648.13","0","CTRL MOD 4 ANALOG 18-30V","https://www.festo.com/us/en/a/download-document/datasheet/573710","{""Type"":""Control Module"",""For Use With/Related Products"":""-"",""Number of Inputs and Type"":""4 - Analog"",""Number of Outputs and Type"":""-"",""Voltage - Supply"":""18 ~ 30VDC"",""Mounting Type"":""Chassis Mount"",""Termination Style"":""-"",""Features"":""-"",""Series"":""CPX""}"
"GSBE-PLC1-P","8233401","Festo","PLC & Controllers","131.48","0","8233401","https://www.festo.com/modules/fox/bff/occ/v2/fox_hk/articles/8233401/datasheet?lang=en_HK","{""Series"":""*""}"
"CPX-4DE","INPUT MODULE 4 DIGITAL 18-30V","Festo","I/O Modules","165.04","0","INPUT MODULE 4 DIGITAL 18-30V","https://www.festo.com/us/en/a/download-document/datasheet/195752","{""Type"":""Input Module"",""For Use With/Related Products"":""-"",""Number of Inputs and Type"":""4 - Digital"",""Number of Outputs and Type"":""-"",""Voltage - Supply"":""18 ~ 30VDC"",""Mounting Type"":""Chassis Mount"",""Termination Style"":""-"",""Features"":""-"",""Series"":""CPX""}"
"CPX-CM-HPP-EN","DESCRIPTION","Festo","PLC & Controllers","177.68","0","DESCRIPTION","https://www.festo.com/us/en/a/download-document/datasheet/568684","{""Series"":""*""}"
"GSBE-PLC2-P","8233402","Festo","PLC & Controllers","185.91","0","8233402","https://www.festo.com/modules/fox/bff/occ/v2/fox_hk/articles/8233402/datasheet?lang=en_HK","{""Series"":""*""}"
"CPX-4DA","OUTPUT MODULE 4 DIGITAL 18-30V","Festo","I/O Modules","196.33","0","OUTPUT MODULE 4 DIGITAL 18-30V","https://www.festo.com/us/en/a/download-document/datasheet/195754","{""Type"":""Output Module"",""For Use With/Related Products"":""-"",""Number of Inputs and Type"":""-"",""Number of Outputs and Type"":""4 - Digital"",""Voltage - Supply"":""18 ~ 30VDC"",""Mounting Type"":""Chassis Mount"",""Termination Style"":""-"",""Features"":""-"",""Series"":""CPX""}"
"GSBE-PLC3-P","8233403","Festo","PLC & Controllers","204.06","0","8233403","https://www.festo.com/modules/fox/bff/occ/v2/fox_hk/articles/8233403/datasheet?lang=en_HK","{""Series"":""*""}"
"CPX-8NDE","INPUT MODULE 8 DIGITAL 18-30V","Festo","I/O Modules","230.72","0","INPUT MODULE 8 DIGITAL 18-30V","https://www.festo.com/us/en/a/download-document/datasheet/543813","{""Type"":""Input Module"",""For Use With/Related Products"":""-"",""Number of Inputs and Type"":""8 - Digital"",""Number of Outputs and Type"":""-"",""Voltage - Supply"":""18 ~ 30VDC"",""Mounting Type"":""Chassis Mount"",""Termination Style"":""-"",""Features"":""-"",""Series"":""CPX""}"
"GSBE-PLC4-P","8233404","Festo","PLC & Controllers","231.26","0","8233404","https://www.festo.com/modules/fox/bff/occ/v2/fox_hk/articles/8233404/datasheet?lang=en_HK","{""Series"":""*"",""Pack Size"":""11""}"
"VMPAL-EPL-CPX","END PLATE","Festo","PLC & Controllers","296.06","0","END PLATE","https://www.festo.com/us/en/a/download-document/datasheet/570783","{""Type"":""Plate"",""For Use With/Related Products"":""Valves"",""Series"":""-""}"
"CPX-16DE","INPUT MODULE 16 DIGITAL 18-30V","Festo","I/O Modules","297.63","0","INPUT MODULE 16 DIGITAL 18-30V","https://www.festo.com/us/en/a/download-document/datasheet/543815","{""Type"":""Input Module"",""For Use With/Related Products"":""-"",""Number of Inputs and Type"":""16 - Digital"",""Number of Outputs and Type"":""-"",""Voltage - Supply"":""18 ~ 30VDC"",""Mounting Type"":""Chassis Mount"",""Termination Style"":""-"",""Features"":""Display"",""Series"":""CPX""}"
"CPX-L-16DE-16-KL-3POL","INPUT MODULE 16 DIGITAL 18-30V","Festo","I/O Modules","315.85","0","INPUT MODULE 16 DIGITAL 18-30V","https://www.festo.com/us/en/a/download-document/datasheet/572606","{""Type"":""Input Module"",""For Use With/Related Products"":""-"",""Number of Inputs and Type"":""16 - Digital"",""Number of Outputs and Type"":""-"",""Voltage - Supply"":""18 ~ 30VDC"",""Mounting Type"":""Chassis Mount"",""Termination Style"":""-"",""Features"":""Display"",""Series"":""CPX""}"
"CPX-8DE-D","INPUT MODULE 8 DIGITAL 18-30V","Festo","I/O Modules","330.64","0","INPUT MODULE 8 DIGITAL 18-30V","https://www.festo.com/us/en/a/download-document/datasheet/541480","{""Type"":""Input Module"",""For Use With/Related Products"":""-"",""Number of Inputs and Type"":""-"",""Number of Outputs and Type"":""8 - Digital"",""Voltage - Supply"":""18 ~ 30VDC"",""Mounting Type"":""Chassis Mount"",""Termination Style"":""-"",""Features"":""-"",""Series"":""CPX""}"
"CPX-L-8DE-8DA-16-KL-3POL","I/O MODULE 8 DIG 8 DIG 18-30V","Festo","I/O Modules","344.09","0","I/O MODULE 8 DIG 8 DIG 18-30V","https://www.festo.com/us/en/a/download-document/datasheet/572607","{""Type"":""Input, Output (I/O) Module"",""For Use With/Related Products"":""-"",""Number of Inputs and Type"":""8 - Digital"",""Number of Outputs and Type"":""8 - Digital"",""Voltage - Supply"":""18 ~ 30VDC"",""Mounting Type"":""Chassis Mount"",""Termination Style"":""-"",""Features"":""-"",""Series"":""CPX"",""Pack Size"":""7""}"
"CPX-8DA-H","OUTPUT MODULE 8 DIGITAL 18-30V","Festo","I/O Modules","357.4","0","OUTPUT MODULE 8 DIGITAL 18-30V","https://www.festo.com/us/en/a/download-document/datasheet/550204","{""Type"":""Output Module"",""For Use With/Related Products"":""-"",""Number of Inputs and Type"":""-"",""Number of Outputs and Type"":""8 - Digital"",""Voltage - Supply"":""18 ~ 30VDC"",""Mounting Type"":""Chassis Mount"",""Termination Style"":""-"",""Features"":""-"",""Series"":""CPX""}"
"CPX-8DE-8DA","I/O MODULE 8 DIG 8 DIG 18-30V","Festo","I/O Modules","361.1","0","I/O MODULE 8 DIG 8 DIG 18-30V","https://www.festo.com/us/en/a/download-document/datasheet/526257","{""Type"":""Input, Output (I/O) Module"",""For Use With/Related Products"":""-"",""Number of Inputs and Type"":""8 - Digital"",""Number of Outputs and Type"":""8 - Digital"",""Voltage - Supply"":""18 ~ 30VDC"",""Mounting Type"":""Chassis Mount"",""Termination Style"":""-"",""Features"":""-"",""Series"":""CPX"",""Pack Size"":""7""}"
"CPX-2AE-U-I","CTRL MOD 2 ANALOG 18-30V","Festo","PLC & Controllers","462.36","0","CTRL MOD 2 ANALOG 18-30V","https://www.festo.com/us/en/a/download-document/datasheet/526168","{""Type"":""Control Module"",""For Use With/Related Products"":""-"",""Number of Inputs and Type"":""2 - Analog"",""Number of Outputs and Type"":""-"",""Voltage - Supply"":""18 ~ 30VDC"",""Mounting Type"":""Chassis Mount"",""Termination Style"":""-"",""Features"":""-"",""Series"":""CPX"",""Pack Size"":""6""}"
"CPX-E-1CI","CTRL MOD 4 DIGITAL 24V","Festo","PLC & Controllers","467.56","0","CTRL MOD 4 DIGITAL 24V","https://www.festo.com/us/en/a/download-document/datasheet/4827505","{""Type"":""Control Module"",""For Use With/Related Products"":""-"",""Number of Inputs and Type"":""4 - Digital"",""Number of Outputs and Type"":""-"",""Voltage - Supply"":""24VDC"",""Mounting Type"":""Chassis Mount"",""Termination Style"":""-"",""Features"":""-"",""Series"":""CPX""}"
"CPX-E-4IOL","LINK MODULE 8 DIGITAL 24V","Festo","PLC & Controllers","482","0","LINK MODULE 8 DIGITAL 24V","https://www.festo.com/us/en/a/download-document/datasheet/4080495","{""Type"":""Link Module"",""For Use With/Related Products"":""-"",""Number of Inputs and Type"":""-"",""Number of Outputs and Type"":""8 - Digital"",""Voltage - Supply"":""24VDC"",""Mounting Type"":""Chassis Mount"",""Termination Style"":""-"",""Features"":""-"",""Series"":""CPX""}"
"CPX-2AA-U-I","CTRL MOD 2 ANALOG 18-30V","Festo","PLC & Controllers","509.58","0","CTRL MOD 2 ANALOG 18-30V","https://www.festo.com/us/en/a/download-document/datasheet/526170","{""Type"":""Control Module"",""For Use With/Related Products"":""-"",""Number of Inputs and Type"":""-"",""Number of Outputs and Type"":""2 - Analog"",""Voltage - Supply"":""18 ~ 30VDC"",""Mounting Type"":""Chassis Mount"",""Termination Style"":""-"",""Features"":""-"",""Series"":""CPX""}"
"CPX-E-4AO-U-I","OUTPUT MODULE 4 DIGITAL 24V","Festo","I/O Modules","602.51","0","OUTPUT MODULE 4 DIGITAL 24V","https://www.festo.com/us/en/a/download-document/datasheet/4080494","{""Type"":""Output Module"",""For Use With/Related Products"":""-"",""Number of Inputs and Type"":""-"",""Number of Outputs and Type"":""4 - Digital"",""Voltage - Supply"":""24VDC"",""Mounting Type"":""Chassis Mount"",""Termination Style"":""-"",""Features"":""-"",""Series"":""CPX""}"
"CPX-E-4AI-U-I","INPUT MODULE 4 ANALOG 24V","Festo","I/O Modules","602.51","0","INPUT MODULE 4 ANALOG 24V","https://www.festo.com/us/en/a/download-document/datasheet/4080493","{""Type"":""Input Module"",""For Use With/Related Products"":""-"",""Number of Inputs and Type"":""4 - Analog"",""Number of Outputs and Type"":""-"",""Voltage - Supply"":""24VDC"",""Mounting Type"":""Chassis Mount"",""Termination Style"":""-"",""Features"":""-"",""Series"":""CPX""}"
"CPX-CTEL-2-M12-5POL-LK","INTERFACE MODULE 18-30V","Festo","PLC & Controllers","622.82","0","INTERFACE MODULE 18-30V","https://www.festo.com/us/en/a/download-document/datasheet/2900543","{""Type"":""Interface Module"",""For Use With/Related Products"":""-"",""Number of Inputs and Type"":""-"",""Number of Outputs and Type"":""-"",""Voltage - Supply"":""18 ~ 30VDC"",""Mounting Type"":""Chassis Mount"",""Termination Style"":""-"",""Features"":""-"",""Series"":""CPX""}"
"CPX-CTEL-4-M12-5POL","INTERFACE MODULE 18-30V","Festo","PLC & Controllers","629.06","0","INTERFACE MODULE 18-30V","https://www.festo.com/us/en/a/download-document/datasheet/1577012","{""Type"":""Interface Module"",""For Use With/Related Products"":""-"",""Number of Inputs and Type"":""-"",""Number of Outputs and Type"":""-"",""Voltage - Supply"":""18 ~ 30VDC"",""Mounting Type"":""Chassis Mount"",""Termination Style"":""-"",""Features"":""-"",""Series"":""CPX"",""Pack Size"":""4""}"
"CPX-CMIX-M1-1","POWER MEASUREMENT MODULE 18-30V","Festo","PLC & Controllers","671.46","0","POWER MEASUREMENT MODULE 18-30V","https://www.festo.com/us/en/a/download-document/datasheet/567417","{""Type"":""Power Measurement Module"",""For Use With/Related Products"":""-"",""Number of Inputs and Type"":""-"",""Number of Outputs and Type"":""-"",""Voltage - Supply"":""18 ~ 30VDC"",""Mounting Type"":""Chassis Mount"",""Termination Style"":""-"",""Features"":""-"",""Series"":""CPX""}"
"CPX-E-PB","BUS MODULE","Festo","PLC & Controllers","674.79","0","BUS MODULE","https://www.festo.com/us/en/a/download-document/datasheet/4080496","{""Type"":""Control Module"",""For Use With/Related Products"":""-"",""Number of Inputs and Type"":""-"",""Number of Outputs and Type"":""-"",""Voltage - Supply"":""24VDC"",""Mounting Type"":""DIN Rail"",""Termination Style"":""D-Sub"",""Features"":""-"",""Series"":""CPX""}"
"CPX-CP-4-FB","ELECTRICAL INTERFACE","Festo","PLC & Controllers","678.35","0","ELECTRICAL INTERFACE","https://www.festo.com/us/en/a/download-document/datasheet/526705","{""Type"":""Interface Module"",""For Use With/Related Products"":""-"",""Number of Inputs and Type"":""-"",""Number of Outputs and Type"":""-"",""Voltage - Supply"":""-"",""Mounting Type"":""Chassis Mount"",""Termination Style"":""-"",""Features"":""-"",""Series"":""CPX""}"
"CPX-4AE-I","CTRL MOD 4 ANALOG 18-30V","Festo","PLC & Controllers","727.77","0","CTRL MOD 4 ANALOG 18-30V","https://www.festo.com/us/en/a/download-document/datasheet/541484","{""Type"":""Control Module"",""For Use With/Related Products"":""-"",""Number of Inputs and Type"":""4 - Analog"",""Number of Outputs and Type"":""-"",""Voltage - Supply"":""18 ~ 30VDC"",""Mounting Type"":""Chassis Mount"",""Termination Style"":""-"",""Features"":""-"",""Series"":""CPX""}"
"CPX-4AE-T","CTRL MOD 4 ANALOG 18-30V","Festo","PLC & Controllers","727.77","0","CTRL MOD 4 ANALOG 18-30V","https://www.festo.com/us/en/a/download-document/datasheet/541486","{""Type"":""Control Module"",""For Use With/Related Products"":""-"",""Number of Inputs and Type"":""4 - Analog"",""Number of Outputs and Type"":""-"",""Voltage - Supply"":""18 ~ 30VDC"",""Mounting Type"":""Chassis Mount"",""Termination Style"":""-"",""Features"":""-"",""Series"":""CPX""}"
"CPX-CM-HPP","CONTROL BLOCK","Festo","PLC & Controllers","728.38","0","CONTROL BLOCK","https://www.festo.com/us/en/a/download-document/datasheet/562214","{""Type"":""Control Module"",""For Use With/Related Products"":""-"",""Number of Inputs and Type"":""-"",""Number of Outputs and Type"":""-"",""Voltage - Supply"":""18 ~ 30VDC"",""Mounting Type"":""Chassis Mount"",""Termination Style"":""-"",""Features"":""Display"",""Series"":""CPX""}"
"CPX-4AE-TC","INPUT MODULE 4 ANALOG 18-30V","Festo","I/O Modules","744.61","0","INPUT MODULE 4 ANALOG 18-30V","https://www.festo.com/us/en/a/download-document/datasheet/553594","{""Type"":""Input Module"",""For Use With/Related Products"":""-"",""Number of Inputs and Type"":""4 - Analog"",""Number of Outputs and Type"":""-"",""Voltage - Supply"":""18 ~ 30VDC"",""Mounting Type"":""Chassis Mount"",""Termination Style"":""-"",""Features"":""Display"",""Series"":""CPX""}"
"CPX-CMPX-C-1-H1","END-POSITION CONTROLLER","Festo","PLC & Controllers","810.92","0","END-POSITION CONTROLLER","https://www.festo.com/us/en/a/download-document/datasheet/548931","{""Type"":""Control Module"",""For Use With/Related Products"":""-"",""Number of Inputs and Type"":""-"",""Number of Outputs and Type"":""-"",""Voltage - Supply"":""18 ~ 30VDC"",""Mounting Type"":""Chassis Mount"",""Termination Style"":""-"",""Features"":""Display"",""Series"":""CPX""}"
"CPX-AP-I-4DI4DO-M12-5P","DIGITAL INPUT/OUTPUT MODULE","Festo","I/O Modules","247.1","0","DIGITAL INPUT/OUTPUT MODULE","https://www.festo.com/us/en/a/download-document/datasheet/8086603","{""Accessory Type"":""Input, Output Unit"",""Color"":""White"",""Features"":""4 Connector Opening, Dust Tight, Waterproof"",""For Use With/Related Products"":""Circular Connectors"",""Material"":""Nickel Plated, Polyamide (PA), Polycarbonate (PC), Zinc Die Cast"",""Shell Size - Insert"":""M8, M12"",""Series"":""CPX""}"
"CPX-AP-I-4DI4DO-M8-3P","DIGITAL INPUT/OUTPUT MODULE","Festo","I/O Modules","247.1","0","DIGITAL INPUT/OUTPUT MODULE","https://www.festo.com/us/en/a/download-document/datasheet/8086601","{""Accessory Type"":""Input, Output Unit"",""Color"":""White"",""Features"":""8 Connector Opening, Dust Tight, Waterproof"",""For Use With/Related Products"":""Circular Connectors"",""Material"":""Nickel Plated, Polyamide (PA), Polycarbonate (PC), Zinc Die Cast"",""Shell Size - Insert"":""M8"",""Series"":""CPX""}"
"CPX-AP-A-8DI-M12-5P","DIGITAL INPUT MODULE","Festo","I/O Modules","296.84","0","DIGITAL INPUT MODULE","https://www.festo.com/us/en/a/download-document/datasheet/8129109","{""Accessory Type"":""Input, Output Unit"",""Color"":""Silver Gray"",""Features"":""4 Connector Opening"",""For Use With/Related Products"":""Circular Connectors"",""Material"":""Polycarbonate (PC)"",""Shell Size - Insert"":""M12"",""Series"":""CPX""}"
"CPX-AP-A-8DO-M12-5P","DIGITAL OUTPUT MODULE","Festo","I/O Modules","346.74","0","DIGITAL OUTPUT MODULE","https://www.festo.com/us/en/a/download-document/datasheet/8129110","{""Accessory Type"":""Input, Output Unit"",""Color"":""Silver Gray"",""Features"":""4 Connector Opening"",""For Use With/Related Products"":""Circular Connectors"",""Material"":""Polycarbonate (PC)"",""Shell Size - Insert"":""M12"",""Series"":""CPX""}"
"CPX-AP-A-12DI4DO-M12-5P","DIGITAL INPUT/OUTPUT MODULE","Festo","I/O Modules","373.41","0","DIGITAL INPUT/OUTPUT MODULE","https://www.festo.com/us/en/a/download-document/datasheet/8129111","{""Accessory Type"":""Input, Output Unit"",""Color"":""Silver Gray"",""Features"":""8 Connector Opening"",""For Use With/Related Products"":""Circular Connectors"",""Material"":""Polycarbonate (PC)"",""Shell Size - Insert"":""M12"",""Series"":""CPX"",""Pack Size"":""7""}"
"CPX-AP-A-16DI-D-M12-5P","DIGITAL INPUT MODULE","Festo","I/O Modules","400.09","0","DIGITAL INPUT MODULE","https://www.festo.com/us/en/a/download-document/datasheet/8129112","{""Accessory Type"":""Input, Output Unit"",""Color"":""Silver Gray"",""Features"":""8 Connector Opening"",""For Use With/Related Products"":""Circular Connectors"",""Material"":""Polycarbonate (PC)"",""Shell Size - Insert"":""M12"",""Series"":""CPX"",""Pack Size"":""6""}"
"CDSB-A1","OPERATOR UNIT","Festo","HMI & Visualization","179.92","0","OPERATOR UNIT","https://www.festo.com/us/en/a/download-document/datasheet/8070984","{""Type"":""Operator Panel"",""Size - Display"":""1.8\"""",""Display Type"":""Color"",""Case Color"":""White"",""Operating Temperature"":""0°C ~ 60°C"",""Ingress Protection"":""IP20"",""Voltage - Supply"":""4.5 ~ 5.5VDC"",""Features"":""Expansion Interface"",""For Use With/Related Products"":""Multiple Manufacturer, Multiple Product"",""Series"":""CDSB""}"
"HMIZF-E03-DA25","INSTALLATION KIT","Festo","HMI & Visualization","102.66","0","INSTALLATION KIT","https://www.festo.com/us/en/a/download-document/datasheet/539371","{""Accessory Type"":""Installation Kit"",""For Use With/Related Products"":""-"",""Series"":""HMIZF"",""Pack Size"":""23""}"
"HMIZF-E03-DA18","INSTALLATION KIT","Festo","HMI & Visualization","102.66","0","INSTALLATION KIT","https://www.festo.com/us/en/a/download-document/datasheet/539370","{""Accessory Type"":""Installation Kit"",""For Use With/Related Products"":""-"",""Series"":""HMIZF"",""Pack Size"":""23""}"
"HMIO-AP-1","INSTALLATION KIT","Festo","HMI & Visualization","108.97","0","INSTALLATION KIT","https://www.festo.com/us/en/a/download-document/datasheet/539366","{""Accessory Type"":""Installation Kit"",""For Use With/Related Products"":""-"",""Series"":""HMIO"",""Pack Size"":""22""}"
"HMIZB-E03","INSTALLATION KIT","Festo","HMI & Visualization","108.97","0","INSTALLATION KIT","https://www.festo.com/us/en/a/download-document/datasheet/539365","{""Accessory Type"":""Installation Kit"",""For Use With/Related Products"":""-"",""Series"":""HMIZB""}"
"HMIO-AP-2","INSTALLATION KIT","Festo","HMI & Visualization","108.97","0","INSTALLATION KIT","https://www.festo.com/us/en/a/download-document/datasheet/540121","{""Accessory Type"":""Installation Kit"",""For Use With/Related Products"":""-"",""Series"":""HMIO""}"
"HMIM-LP","INSTALLATION KIT","Festo","HMI & Visualization","118.77","0","INSTALLATION KIT","https://www.festo.com/us/en/a/download-document/datasheet/539364","{""Accessory Type"":""Installation Kit"",""For Use With/Related Products"":""-"",""Series"":""HMIM""}"
"HMIYF-RF/DL25","INSTALLATION KIT","Festo","HMI & Visualization","141.29","0","INSTALLATION KIT","https://www.festo.com/us/en/a/download-document/datasheet/539659","{""Accessory Type"":""Installation Kit"",""For Use With/Related Products"":""-"",""Series"":""HMIYF""}"
"HMIZW-E05/E07-DL40/63","MOUNTING KIT","Festo","HMI & Visualization","145.05","0","MOUNTING KIT","https://www.festo.com/us/en/a/download-document/datasheet/566877","{""Accessory Type"":""Mounting Kit"",""For Use With/Related Products"":""-"",""Series"":""HMIZW""}"
"HMID-LP","INSTALLATION KIT","Festo","HMI & Visualization","151.12","0","INSTALLATION KIT","https://www.festo.com/us/en/a/download-document/datasheet/539363","{""Accessory Type"":""Installation Kit"",""For Use With/Related Products"":""-"",""Series"":""HMID""}"
"HMIXB-RP/FP","INSTALLATION KIT","Festo","HMI & Visualization","157.13","0","INSTALLATION KIT","https://www.festo.com/us/en/a/download-document/datasheet/539654","{""Accessory Type"":""Installation Kit"",""For Use With/Related Products"":""-"",""Series"":""HMIXB""}"
"HMIYF-RF/DL40","INSTALLATION KIT","Festo","HMI & Visualization","173.02","0","INSTALLATION KIT","https://www.festo.com/us/en/a/download-document/datasheet/539660","{""Accessory Type"":""Installation Kit"",""For Use With/Related Products"":""-"",""Series"":""HMIYF""}"
"HMIZF-E03/E05/E07-DA40","INSTALLATION KIT","Festo","HMI & Visualization","179.33","0","INSTALLATION KIT","https://www.festo.com/us/en/a/download-document/datasheet/566895","{""Accessory Type"":""Installation Kit"",""For Use With/Related Products"":""-"",""Series"":""HMIZF"",""Pack Size"":""14""}"
"HMIXB-RP/FP-2","INSTALLATION KIT","Festo","HMI & Visualization","256.61","0","INSTALLATION KIT","https://www.festo.com/us/en/a/download-document/datasheet/566893","{""Accessory Type"":""Installation Kit"",""For Use With/Related Products"":""-"",""Series"":""HMIXB"",""Pack Size"":""10""}"
"CDPX-SL-C3","SOFTWARE LICENSE","Festo","HMI & Visualization","313.46","0","SOFTWARE LICENSE","https://www.festo.com/us/en/a/download-document/datasheet/576045","{""Accessory Type"":""Software"",""For Use With/Related Products"":""Multiple Series"",""Specifications"":""Programming"",""Series"":""CDPX""}"
"CDPX-EA-V2","INPUT/OUTPUT MODULE","Festo","HMI & Visualization","658.97","0","INPUT/OUTPUT MODULE","https://www.festo.com/us/en/a/download-document/datasheet/8023321","{""Accessory Type"":""Remote IO Module"",""For Use With/Related Products"":""-"",""Specifications"":""Digital (8)"",""Series"":""CDPX""}"
"HMIX-RP/FP-E07/E10","INSTALLATION KIT","Festo","HMI & Visualization","813.93","0","INSTALLATION KIT","https://www.festo.com/us/en/a/download-document/datasheet/566891","{""Accessory Type"":""Installation Kit"",""For Use With/Related Products"":""-"",""Series"":""HMIX""}"
"HMIY-LP-E07","INSTALLATION KIT","Festo","HMI & Visualization","1182.64","0","INSTALLATION KIT","https://www.festo.com/us/en/a/download-document/datasheet/566886","{""Accessory Type"":""Installation Kit"",""For Use With/Related Products"":""-"",""Series"":""HMIY""}"
"CDPX-X-B-W-4","OPERATOR UNIT","Festo","HMI & Visualization","1216.47","0","OPERATOR UNIT","https://www.festo.com/us/en/a/download-document/datasheet/8155213","{""Type"":""Touchscreen"",""Size - Display"":""4.3\"""",""Display Type"":""Color"",""Case Color"":""Black"",""Operating Temperature"":""0°C ~ 50°C"",""Ingress Protection"":""IP66 - Dust Tight, Water Resistant"",""Voltage - Supply"":""24VDC"",""Features"":""Expansion Interface"",""For Use With/Related Products"":""Multiple Manufacturer, Multiple Product"",""Series"":""CDPX"",""Pack Size"":""2""}"
"CRVZS-20","AIR RESERVOIR","Festo","Servo & Motion","1117.5","0","AIR RESERVOIR","https://www.festo.com/us/en/a/download-document/datasheet/534845","{""Type"":""Air Motor Assembly"",""For Use With/Related Products"":""Valves"",""Series"":""CRVZS""}"
"EMMT-AS-60-S-LS-RM","SERVO MOTOR","Festo","Servo & Motion","1143.54","0","SERVO MOTOR","https://www.festo.com/us/en/a/download-document/datasheet/5242197","{""Type"":""DC Motor"",""Function"":""Servomotor"",""Motor Type"":""-"",""Voltage - Rated"":""325VDC"",""RPM"":""3000 RPM"",""Torque - Rated (oz-in / mNm)"":""90.65 / 640"",""Power - Rated"":""200W"",""Encoder Type"":""Absolute"",""Size / Dimension"":""Square - 2.441\"" x 2.441\"" (62.00mm x 62.00mm)"",""Diameter - Shaft"":""0.591\"" (15.00mm)"",""Length - Shaft and Bearing"":""1.181\"" (30.00mm)"",""Mounting Hole Spacing"":""2.756\"" (70.00mm)"",""Termination Style"":""Connector"",""Features"":""-"",""Gear Reduction Ratio"":""-"",""Torque - Max Momentary (oz-in / mNm)"":""226.6 / 1600"",""Operating Temperature"":""-15°C ~ 40°C"",""Series"":""EMMT""}"
"EMMT-AS-60-M-LS-RM","SERVO MOTOR","Festo","Servo & Motion","1229.54","0","SERVO MOTOR","https://www.festo.com/us/en/a/download-document/datasheet/5242205","{""Type"":""DC Motor"",""Function"":""Servomotor"",""Motor Type"":""-"",""Voltage - Rated"":""325VDC"",""RPM"":""3000 RPM"",""Torque - Rated (oz-in / mNm)"":""155.8 / 1100"",""Power - Rated"":""350W"",""Encoder Type"":""Absolute"",""Size / Dimension"":""Square - 2.441\"" x 2.441\"" (62.00mm x 62.00mm)"",""Diameter - Shaft"":""0.591\"" (15.00mm)"",""Length - Shaft and Bearing"":""1.181\"" (30.00mm)"",""Mounting Hole Spacing"":""2.756\"" (70.00mm)"",""Termination Style"":""Connector"",""Features"":""-"",""Gear Reduction Ratio"":""-"",""Torque - Max Momentary (oz-in / mNm)"":""481.5 / 3400"",""Operating Temperature"":""-15°C ~ 40°C"",""Series"":""EMMT""}"
"EMMT-AS-60-L-LS-RM","SERVO MOTOR","Festo","Servo & Motion","1299.48","0","SERVO MOTOR","https://www.festo.com/us/en/a/download-document/datasheet/5242213","{""Type"":""DC Motor"",""Function"":""Servomotor"",""Motor Type"":""-"",""Voltage - Rated"":""325VDC"",""RPM"":""3000 RPM"",""Torque - Rated (oz-in / mNm)"":""184.1 / 1300"",""Power - Rated"":""440W"",""Encoder Type"":""Absolute"",""Size / Dimension"":""Square - 2.441\"" x 2.441\"" (62.00mm x 62.00mm)"",""Diameter - Shaft"":""0.591\"" (15.00mm)"",""Length - Shaft and Bearing"":""1.181\"" (30.00mm)"",""Mounting Hole Spacing"":""2.756\"" (70.00mm)"",""Termination Style"":""Connector"",""Features"":""-"",""Gear Reduction Ratio"":""-"",""Torque - Max Momentary (oz-in / mNm)"":""793 / 5600"",""Operating Temperature"":""-15°C ~ 40°C"",""Series"":""EMMT""}"
"EMMT-AS-60-S-LS-RMB","SERVO MOTOR","Festo","Servo & Motion","1443.43","0","SERVO MOTOR","https://www.festo.com/us/en/a/download-document/datasheet/5242199","{""Type"":""DC Motor"",""Function"":""Servomotor"",""Motor Type"":""-"",""Voltage - Rated"":""325VDC"",""RPM"":""3000 RPM"",""Torque - Rated (oz-in / mNm)"":""84.99 / 600"",""Power - Rated"":""190W"",""Encoder Type"":""Absolute"",""Size / Dimension"":""Square - 2.441\"" x 2.441\"" (62.00mm x 62.00mm)"",""Diameter - Shaft"":""0.591\"" (15.00mm)"",""Length - Shaft and Bearing"":""1.181\"" (30.00mm)"",""Mounting Hole Spacing"":""2.756\"" (70.00mm)"",""Termination Style"":""Connector"",""Features"":""Brake"",""Gear Reduction Ratio"":""-"",""Torque - Max Momentary (oz-in / mNm)"":""226.6 / 1600"",""Operating Temperature"":""-15°C ~ 40°C"",""Series"":""EMMT""}"
"CMMT-AS-C2-3A-MP-S1","SERVO DRIVE","Festo","Servo & Motion","1494.98","0","SERVO DRIVE","https://www.festo.com/us/en/a/download-document/datasheet/8143163","{""Type"":""Module"",""Motor Type"":""Servo"",""Control / Drive Type"":""Servo AC"",""Number of Motors"":""1"",""Voltage - Load"":""0 ~ 230V"",""Current - Output"":""12A"",""Voltage - Supply"":""100 ~ 230VAC"",""Interface"":""CAN, EtherCat, PWM"",""Mounting Type"":""Chassis Mount"",""Operating Temperature"":""0°C ~ 50°C"",""Features"":""-"",""For Use With/Related Products"":""-"",""Series"":""CMMT""}"
"EMMT-AS-60-M-LS-RMB","SERVO MOTOR","Festo","Servo & Motion","1529.4","0","SERVO MOTOR","https://www.festo.com/us/en/a/download-document/datasheet/5242207","{""Type"":""DC Motor"",""Function"":""Servomotor"",""Motor Type"":""-"",""Voltage - Rated"":""325VDC"",""RPM"":""3000 RPM"",""Torque - Rated (oz-in / mNm)"":""141.64 / 1000"",""Power - Rated"":""310W"",""Encoder Type"":""Absolute"",""Size / Dimension"":""Square - 2.441\"" x 2.441\"" (62.00mm x 62.00mm)"",""Diameter - Shaft"":""0.591\"" (15.00mm)"",""Length - Shaft and Bearing"":""1.181\"" (30.00mm)"",""Mounting Hole Spacing"":""2.756\"" (70.00mm)"",""Termination Style"":""Connector"",""Features"":""Brake"",""Gear Reduction Ratio"":""-"",""Torque - Max Momentary (oz-in / mNm)"":""481.5 / 3400"",""Operating Temperature"":""-15°C ~ 40°C"",""Series"":""EMMT""}"
"EMMT-AS-60-L-LS-RMB","SERVO MOTOR","Festo","Servo & Motion","1599.35","0","SERVO MOTOR","https://www.festo.com/us/en/a/download-document/datasheet/5242215","{""Type"":""DC Motor"",""Function"":""Servomotor"",""Motor Type"":""-"",""Voltage - Rated"":""325VDC"",""RPM"":""3000 RPM"",""Torque - Rated (oz-in / mNm)"":""184.1 / 1300"",""Power - Rated"":""410W"",""Encoder Type"":""Absolute"",""Size / Dimension"":""Square - 2.441\"" x 2.441\"" (62.00mm x 62.00mm)"",""Diameter - Shaft"":""0.591\"" (15.00mm)"",""Length - Shaft and Bearing"":""1.181\"" (30.00mm)"",""Mounting Hole Spacing"":""2.756\"" (70.00mm)"",""Termination Style"":""Connector"",""Features"":""Brake"",""Gear Reduction Ratio"":""-"",""Torque - Max Momentary (oz-in / mNm)"":""793 / 5600"",""Operating Temperature"":""-15°C ~ 40°C"",""Series"":""EMMT""}"
"CMMT-AS-C4-3A-MP-S1","SERVO DRIVE","Festo","Servo & Motion","1665.68","0","SERVO DRIVE","https://www.festo.com/us/en/a/download-document/datasheet/8143164","{""Type"":""Module"",""Motor Type"":""Servo"",""Control / Drive Type"":""Servo AC"",""Number of Motors"":""1"",""Voltage - Load"":""0 ~ 230V"",""Current - Output"":""5.1A"",""Voltage - Supply"":""100 ~ 230VAC"",""Interface"":""CAN, EtherCat, PWM"",""Mounting Type"":""Chassis Mount"",""Operating Temperature"":""0°C ~ 50°C"",""Features"":""-"",""For Use With/Related Products"":""-"",""Series"":""CMMT""}"
"CRVZS-2","AIR RESERVOIR","Festo","Servo & Motion","235.07","0","AIR RESERVOIR","https://www.festo.com/us/en/a/download-document/datasheet/160236","{""Type"":""Air Motor Assembly"",""For Use With/Related Products"":""Air Preparation"",""Series"":""CRVZS""}"
"EMMH-AS-68-MA-HS-S1M-T","8215341","Festo","Servo & Motion","2814.45","0","8215341","https://www.festo.com/modules/fox/bff/occ/v2/fox_hk/articles/8215341/datasheet?lang=en_HK","{""Type"":""DC Motor"",""Function"":""Servomotor"",""Motor Type"":""Servo"",""Voltage - Rated"":""680VDC"",""RPM"":""3100 RPM"",""Torque - Rated (oz-in / mNm)"":""92.06 / 650"",""Power - Rated"":""210W"",""Encoder Type"":""Absolute"",""Size / Dimension"":""Round - 2.677\"" Dia (68.00mm)"",""Diameter - Shaft"":""0.551\"" (14.00mm)"",""Length - Shaft and Bearing"":""1.181\"" (30.00mm)"",""Mounting Hole Spacing"":""2.047\"" (52.00mm)"",""Termination Style"":""Connector"",""Features"":""-"",""Gear Reduction Ratio"":""-"",""Torque - Max Momentary (oz-in / mNm)"":""-"",""Operating Temperature"":""-30°C ~ 40°C"",""Series"":""-""}"
"EMMH-AS-68-MA-HS-S1MB-T","8215343","Festo","Servo & Motion","3060.72","0","8215343","https://www.festo.com/modules/fox/bff/occ/v2/fox_hk/articles/8215343/datasheet?lang=en_HK","{""Type"":""DC Motor"",""Function"":""Servomotor"",""Motor Type"":""Servo"",""Voltage - Rated"":""680VDC"",""RPM"":""3100 RPM"",""Torque - Rated (oz-in / mNm)"":""84.99 / 600"",""Power - Rated"":""195W"",""Encoder Type"":""Absolute"",""Size / Dimension"":""Round - 2.677\"" Dia (68.00mm)"",""Diameter - Shaft"":""0.551\"" (14.00mm)"",""Length - Shaft and Bearing"":""1.181\"" (30.00mm)"",""Mounting Hole Spacing"":""2.047\"" (52.00mm)"",""Termination Style"":""Connector"",""Features"":""-"",""Gear Reduction Ratio"":""-"",""Torque - Max Momentary (oz-in / mNm)"":""-"",""Operating Temperature"":""-30°C ~ 40°C"",""Series"":""-""}"
"EMMH-AS-68-HA-HS-S1M-T","8215345","Festo","Servo & Motion","3236.62","0","8215345","https://www.festo.com/modules/fox/bff/occ/v2/fox_hk/articles/8215345/datasheet?lang=en_HK","{""Type"":""DC Motor"",""Function"":""Servomotor"",""Motor Type"":""Servo"",""Voltage - Rated"":""680VDC"",""RPM"":""3100 RPM"",""Torque - Rated (oz-in / mNm)"":""162.9 / 1150"",""Power - Rated"":""375W"",""Encoder Type"":""Absolute"",""Size / Dimension"":""Round - 2.677\"" Dia (68.00mm)"",""Diameter - Shaft"":""0.551\"" (14.00mm)"",""Length - Shaft and Bearing"":""1.181\"" (30.00mm)"",""Mounting Hole Spacing"":""2.047\"" (52.00mm)"",""Termination Style"":""Connector"",""Features"":""-"",""Gear Reduction Ratio"":""-"",""Torque - Max Momentary (oz-in / mNm)"":""-"",""Operating Temperature"":""-30°C ~ 40°C"",""Series"":""-""}"
"EMMH-AS-88-MA-HS-S1M-T","8215349","Festo","Servo & Motion","3377.34","0","8215349","https://www.festo.com/modules/fox/bff/occ/v2/fox_hk/articles/8215349/datasheet?lang=en_HK","{""Type"":""DC Motor"",""Function"":""Servomotor"",""Motor Type"":""Servo"",""Voltage - Rated"":""680VDC"",""RPM"":""3100 RPM"",""Torque - Rated (oz-in / mNm)"":""169.9 / 1200"",""Power - Rated"":""390W"",""Encoder Type"":""Absolute"",""Size / Dimension"":""Round - 3.465\"" Dia (88.00mm)"",""Diameter - Shaft"":""0.748\"" (19.00mm)"",""Length - Shaft and Bearing"":""1.378\"" (35.00mm)"",""Mounting Hole Spacing"":""2.559\"" (65.00mm)"",""Termination Style"":""Connector"",""Features"":""-"",""Gear Reduction Ratio"":""-"",""Torque - Max Momentary (oz-in / mNm)"":""-"",""Operating Temperature"":""-30°C ~ 40°C"",""Series"":""-""}"
"EMMH-AS-68-HA-HS-S1MB-T","8215347","Festo","Servo & Motion","3482.88","0","8215347","https://www.festo.com/modules/fox/bff/occ/v2/fox_hk/articles/8215347/datasheet?lang=en_HK","{""Type"":""DC Motor"",""Function"":""Servomotor"",""Motor Type"":""Servo"",""Voltage - Rated"":""680VDC"",""RPM"":""3100 RPM"",""Torque - Rated (oz-in / mNm)"":""113.3 / 800"",""Power - Rated"":""260W"",""Encoder Type"":""Absolute"",""Size / Dimension"":""Round - 2.677\"" Dia (68.00mm)"",""Diameter - Shaft"":""0.551\"" (14.00mm)"",""Length - Shaft and Bearing"":""1.181\"" (30.00mm)"",""Mounting Hole Spacing"":""2.047\"" (52.00mm)"",""Termination Style"":""Connector"",""Features"":""-"",""Gear Reduction Ratio"":""-"",""Torque - Max Momentary (oz-in / mNm)"":""-"",""Operating Temperature"":""-30°C ~ 40°C"",""Series"":""-""}"
"EMMH-AS-88-MA-HS-S1MB-T","8215351","Festo","Servo & Motion","3623.62","0","8215351","https://www.festo.com/modules/fox/bff/occ/v2/fox_hk/articles/8215351/datasheet?lang=en_HK","{""Type"":""DC Motor"",""Function"":""Servomotor"",""Motor Type"":""Servo"",""Voltage - Rated"":""680VDC"",""RPM"":""3100 RPM"",""Torque - Rated (oz-in / mNm)"":""169.9 / 1200"",""Power - Rated"":""390W"",""Encoder Type"":""Absolute"",""Size / Dimension"":""Round - 3.465\"" Dia (88.00mm)"",""Diameter - Shaft"":""0.748\"" (19.00mm)"",""Length - Shaft and Bearing"":""1.378\"" (35.00mm)"",""Mounting Hole Spacing"":""2.559\"" (65.00mm)"",""Termination Style"":""Connector"",""Features"":""-"",""Gear Reduction Ratio"":""-"",""Torque - Max Momentary (oz-in / mNm)"":""-"",""Operating Temperature"":""-30°C ~ 40°C"",""Series"":""-""}"
"EMMH-AS-88-HA-HS-S1M-T","8215353","Festo","Servo & Motion","3940.24","0","8215353","https://www.festo.com/modules/fox/bff/occ/v2/fox_hk/articles/8215353/datasheet?lang=en_HK","{""Type"":""DC Motor"",""Function"":""Servomotor"",""Motor Type"":""Servo"",""Voltage - Rated"":""680VDC"",""RPM"":""3100 RPM"",""Torque - Rated (oz-in / mNm)"":""269.1 / 1900"",""Power - Rated"":""620W"",""Encoder Type"":""Absolute"",""Size / Dimension"":""Round - 3.465\"" Dia (88.00mm)"",""Diameter - Shaft"":""0.748\"" (19.00mm)"",""Length - Shaft and Bearing"":""1.378\"" (35.00mm)"",""Mounting Hole Spacing"":""2.559\"" (65.00mm)"",""Termination Style"":""Connector"",""Features"":""-"",""Gear Reduction Ratio"":""-"",""Torque - Max Momentary (oz-in / mNm)"":""-"",""Operating Temperature"":""-30°C ~ 40°C"",""Series"":""-""}"
"EMMH-AS-88-HA-HS-S1MB-T","8215355","Festo","Servo & Motion","4186.5","0","8215355","https://www.festo.com/modules/fox/bff/occ/v2/fox_hk/articles/8215355/datasheet?lang=en_HK","{""Type"":""DC Motor"",""Function"":""Servomotor"",""Motor Type"":""Servo"",""Voltage - Rated"":""680VDC"",""RPM"":""3100 RPM"",""Torque - Rated (oz-in / mNm)"":""254.9 / 1800"",""Power - Rated"":""580W"",""Encoder Type"":""Absolute"",""Size / Dimension"":""Round - 3.465\"" Dia (88.00mm)"",""Diameter - Shaft"":""0.748\"" (19.00mm)"",""Length - Shaft and Bearing"":""1.378\"" (35.00mm)"",""Mounting Hole Spacing"":""2.559\"" (65.00mm)"",""Termination Style"":""Connector"",""Features"":""-"",""Gear Reduction Ratio"":""-"",""Torque - Max Momentary (oz-in / mNm)"":""-"",""Operating Temperature"":""-30°C ~ 40°C"",""Series"":""-""}"
"EMMH-AS-108-MA-HS-S1M-T","8215357","Festo","Servo & Motion","4221.68","0","8215357","https://www.festo.com/modules/fox/bff/occ/v2/fox_hk/articles/8215357/datasheet?lang=en_HK","{""Type"":""DC Motor"",""Function"":""Servomotor"",""Motor Type"":""Servo"",""Voltage - Rated"":""680VDC"",""RPM"":""2000 RPM"",""Torque - Rated (oz-in / mNm)"":""566.4 / 4000"",""Power - Rated"":""840W"",""Encoder Type"":""Absolute"",""Size / Dimension"":""Round - 4.252\"" Dia (108.00mm)"",""Diameter - Shaft"":""0.748\"" (19.00mm)"",""Length - Shaft and Bearing"":""1.575\"" (40.00mm)"",""Mounting Hole Spacing"":""3.150\"" (80.00mm)"",""Termination Style"":""Connector"",""Features"":""-"",""Gear Reduction Ratio"":""-"",""Torque - Max Momentary (oz-in / mNm)"":""-"",""Operating Temperature"":""-30°C ~ 40°C"",""Series"":""-""}"
"CMMT-ST-MP-SK","STARTER KIT","Festo","Motor Control","1064.22","0","STARTER KIT","https://www.festo.com/media/catalog/202643_documentation.pdf","{""Series"":""-"",""Pack Size"":""3""}"
"SME-8M-DS-24V-K-0,3-M8D","SENSOR REED SWITCH NO WIRE LEADS","Festo","Sensors & Switches","44.2","0","SENSOR REED SWITCH NO WIRE LEADS","https://www.festo.com/us/en/a/download-document/datasheet/543861","{""Type"":""Reed Switch"",""Output Type"":""NO"",""Actuator Material"":""Magnet"",""Termination Style"":""Wire Leads"",""Voltage - Supply"":""5V ~ 30V"",""Must Operate"":""-"",""Must Release"":""-"",""Operating Temperature"":""-40°C ~ 70°C"",""Package / Case"":""Module"",""Series"":""-""}"
"SMT-8M-A-PS-24V-E-0,3-M8D","SENSOR SWITCH PNP-NO WIRE LEADS","Festo","Sensors & Switches","49.23","0","SENSOR SWITCH PNP-NO WIRE LEADS","https://www.festo.com/us/en/a/download-document/datasheet/574334","{""Type"":""Switch"",""Output Type"":""PNP-NO"",""Actuator Material"":""Magnet"",""Termination Style"":""Wire Leads"",""Frequency"":""180 Hz"",""Voltage - Supply"":""5V ~ 30V"",""Must Operate"":""-"",""Must Release"":""-"",""Operating Temperature"":""-40°C ~ 85°C"",""Package / Case"":""Module"",""Series"":""-""}"
"SMT-10M-PS-24V-E-0,3-L-M8D","SENSOR SWITCH PNP-NO WIRE LEADS","Festo","Sensors & Switches","61.96","0","SENSOR SWITCH PNP-NO WIRE LEADS","https://www.festo.com/us/en/a/download-document/datasheet/551375","{""Type"":""Switch"",""Output Type"":""PNP-NO"",""Actuator Material"":""Magnet"",""Termination Style"":""Wire Leads"",""Frequency"":""150 Hz"",""Voltage - Supply"":""5V ~ 30V"",""Must Operate"":""-"",""Must Release"":""-"",""Operating Temperature"":""-40°C ~ 70°C"",""Package / Case"":""Module"",""Series"":""-""}"
"SMT-8M-A-NS-24V-E-2,5-OE","SENSOR SWITCH NPN-NO WIRE LEADS","Festo","Sensors & Switches","50.97","0","SENSOR SWITCH NPN-NO WIRE LEADS","https://www.festo.com/us/en/a/download-document/datasheet/574338","{""Type"":""Switch"",""Output Type"":""NPN-NO"",""Actuator Material"":""Magnet"",""Termination Style"":""Wire Leads"",""Frequency"":""180 Hz"",""Voltage - Supply"":""5V ~ 30V"",""Must Operate"":""-"",""Must Release"":""-"",""Operating Temperature"":""-40°C ~ 85°C"",""Package / Case"":""Module"",""Series"":""-""}"
"SMT-8M-A-ZS-24V-E-5,0-OE","PROXIMITY SWITCH","Festo","Sensors & Switches","53.64","0","PROXIMITY SWITCH","https://www.festo.com/us/en/a/download-document/datasheet/8165237","{""Sensor Type"":""Inductive"",""Sensing Distance"":""-"",""Output Type"":""NO, 2-Wire"",""Response Frequency"":""-"",""Shielding"":""Unshielded"",""Material - Body"":""Polyamide (PA), Stainless Steel"",""Voltage - Supply"":""7V ~ 30V"",""Termination Style"":""Cable Leads"",""Operating Temperature"":""-40°C ~ 85°C"",""Ingress Protection"":""IP65, IP68, IP69K"",""Indicator"":""LED"",""Package / Case"":""Module"",""Series"":""SMT""}"
"SDBT-MS-20NL-ZN-E-5-LE-EX6","PROXIMITY SWITCH","Festo","Sensors & Switches","78.69","0","PROXIMITY SWITCH","https://www.festo.com/us/en/a/download-document/datasheet/579071","{""Sensor Type"":""Inductive"",""Sensing Distance"":""-"",""Output Type"":""Namur, 2-Wire"",""Response Frequency"":""-"",""Shielding"":""Unshielded"",""Material - Body"":""Polyamide (PA), Stainless Steel"",""Voltage - Supply"":""7.5V ~ 18V"",""Termination Style"":""Cable Leads"",""Operating Temperature"":""-40°C ~ 85°C"",""Ingress Protection"":""IP65, IP68"",""Indicator"":""LED"",""Package / Case"":""Module"",""Series"":""SDBT""}"
"SDBT-MS-20NL-ZN-E-10-LE-EX6","PROXIMITY SWITCH","Festo","Sensors & Switches","89.96","0","PROXIMITY SWITCH","https://www.festo.com/us/en/a/download-document/datasheet/579072","{""Sensor Type"":""Inductive"",""Sensing Distance"":""-"",""Output Type"":""Namur, 2-Wire"",""Response Frequency"":""-"",""Shielding"":""Unshielded"",""Material - Body"":""Polyamide (PA), Stainless Steel"",""Voltage - Supply"":""7.5V ~ 18V"",""Termination Style"":""Cable Leads"",""Operating Temperature"":""-40°C ~ 85°C"",""Ingress Protection"":""IP65, IP68"",""Indicator"":""LED"",""Package / Case"":""Module"",""Series"":""SDBT""}"
"SMT-8M-A-PS-24V-E-2,5-OE","SENSOR SWITCH PNP-NO WIRE LEADS","Festo","Sensors & Switches","47.45","0","SENSOR SWITCH PNP-NO WIRE LEADS","https://www.festo.com/us/en/a/download-document/datasheet/574335","{""Type"":""Switch"",""Output Type"":""PNP-NO"",""Actuator Material"":""Magnet"",""Termination Style"":""Wire Leads"",""Frequency"":""180 Hz"",""Voltage - Supply"":""5V ~ 30V"",""Must Operate"":""-"",""Must Release"":""-"",""Operating Temperature"":""-40°C ~ 85°C"",""Package / Case"":""Module"",""Series"":""-""}"
"SMT-8M-A-PS-24V-E-5,0-OE","SENSOR SWITCH PNP-NO WIRE LEADS","Festo","Sensors & Switches","51.87","0","SENSOR SWITCH PNP-NO WIRE LEADS","https://www.festo.com/us/en/a/download-document/datasheet/574336","{""Type"":""Switch"",""Output Type"":""PNP-NO"",""Actuator Material"":""Magnet"",""Termination Style"":""Wire Leads"",""Frequency"":""180 Hz"",""Voltage - Supply"":""5V ~ 30V"",""Must Operate"":""-"",""Must Release"":""-"",""Operating Temperature"":""-40°C ~ 85°C"",""Package / Case"":""Module"",""Series"":""-""}"
"SDBT-MSX-1L-PU-E-0.3-N-M8","SENSOR HALL EFFECT NPN/PNP CABLE","Festo","Sensors & Switches","61.68","0","SENSOR HALL EFFECT NPN/PNP CABLE","https://www.festo.com/us/en/a/download-document/datasheet/8059120","{""Type"":""Hall Effect"",""Output Type"":""NPN, PNP"",""Actuator Material"":""Magnet"",""Termination Style"":""Cable with Connector"",""Frequency"":""200 Hz"",""Voltage - Supply"":""10V ~ 30V"",""Must Operate"":""-"",""Must Release"":""-"",""Operating Temperature"":""-40°C ~ 85°C"",""Package / Case"":""Module"",""Series"":""SDBT-MSX""}"
"SIEN-M8B-PS-S-L","SENSOR PROX INDUCTIVE 1.5MM MOD","Festo","Sensors & Switches","98.51","0","SENSOR PROX INDUCTIVE 1.5MM MOD","https://www.festo.com/us/en/a/download-document/datasheet/150387","{""Sensor Type"":""Inductive"",""Sensing Distance"":""0.059\"" (1.5mm)"",""Output Type"":""PNP-NO"",""Response Frequency"":""-"",""Shielding"":""Unshielded"",""Material - Body"":""Brass, Polyamide (PA), Stainless Steel"",""Voltage - Supply"":""10V ~ 30V"",""Termination Style"":""Wire Leads"",""Operating Temperature"":""-25°C ~ 70°C (TA)"",""Ingress Protection"":""IP65, IP67"",""Indicator"":""LED"",""Package / Case"":""Module"",""Series"":""-""}"
"SME-8M-DS-24V-K-5,0-OE","SENSOR REED SWITCH NO CONNECTOR","Festo","Sensors & Switches","47.65","0","SENSOR REED SWITCH NO CONNECTOR","https://www.festo.com/us/en/a/download-document/datasheet/543863","{""Type"":""Reed Switch"",""Output Type"":""NO"",""Actuator Material"":""Magnet"",""Termination Style"":""Connector"",""Voltage - Supply"":""5V ~ 30V"",""Must Operate"":""-"",""Must Release"":""-"",""Operating Temperature"":""-40°C ~ 70°C"",""Package / Case"":""Module"",""Series"":""-""}"
"SME-10M-DS-24V-E-2,5-L-OE","SENSOR REED SWITCH NO CONNECTOR","Festo","Sensors & Switches","48.01","0","SENSOR REED SWITCH NO CONNECTOR","https://www.festo.com/us/en/a/download-document/datasheet/551365","{""Type"":""Reed Switch"",""Output Type"":""NO"",""Actuator Material"":""Magnet"",""Termination Style"":""Connector"",""Frequency"":""50 Hz"",""Voltage - Supply"":""5V ~ 30V"",""Must Operate"":""-"",""Must Release"":""-"",""Operating Temperature"":""-40°C ~ 70°C"",""Package / Case"":""Module"",""Series"":""-""}"
"SME-10M-ZS-24V-E-2,5-L-OE","SENSOR REED SWITCH NO WIRE LEADS","Festo","Sensors & Switches","48.01","0","SENSOR REED SWITCH NO WIRE LEADS","https://www.festo.com/us/en/a/download-document/datasheet/551369","{""Type"":""Reed Switch"",""Output Type"":""NO"",""Actuator Material"":""Magnet"",""Termination Style"":""Wire Leads"",""Frequency"":""50 Hz"",""Voltage - Supply"":""5V ~ 30V"",""Must Operate"":""-"",""Must Release"":""-"",""Operating Temperature"":""-40°C ~ 70°C"",""Package / Case"":""Module"",""Series"":""-""}"
"SME-10M-DS-24V-E-0,3-L-M8D","SENSOR REED SWITCH WIRE LEADS","Festo","Sensors & Switches","50.28","0","SENSOR REED SWITCH WIRE LEADS","https://www.festo.com/us/en/a/download-document/datasheet/551367","{""Type"":""Reed Switch"",""Output Type"":""-"",""Actuator Material"":""Magnet"",""Termination Style"":""Wire Leads"",""Frequency"":""50 Hz"",""Voltage - Supply"":""5V ~ 30V"",""Must Operate"":""-"",""Must Release"":""-"",""Operating Temperature"":""-40°C ~ 70°C"",""Package / Case"":""Module"",""Series"":""-""}"
"SMT-8M-A-PS-24V-E-0,3-M12","SENSOR SWITCH PNP-NO WIRE LEADS","Festo","Sensors & Switches","50.97","0","SENSOR SWITCH PNP-NO WIRE LEADS","https://www.festo.com/us/en/a/download-document/datasheet/574337","{""Type"":""Switch"",""Output Type"":""PNP-NO"",""Actuator Material"":""Magnet"",""Termination Style"":""Wire Leads"",""Frequency"":""180 Hz"",""Voltage - Supply"":""5V ~ 30V"",""Must Operate"":""-"",""Must Release"":""-"",""Operating Temperature"":""-40°C ~ 85°C"",""Package / Case"":""Module"",""Series"":""-""}"
"SMT-8M-A-NS-24V-E-0,3-M8D","SENSOR SWITCH NPN-NO CONNECTOR","Festo","Sensors & Switches","52.76","0","SENSOR SWITCH NPN-NO CONNECTOR","https://www.festo.com/us/en/a/download-document/datasheet/574339","{""Type"":""Switch"",""Output Type"":""NPN-NO"",""Actuator Material"":""Magnet"",""Termination Style"":""Connector"",""Frequency"":""180 Hz"",""Voltage - Supply"":""5V ~ 30V"",""Must Operate"":""-"",""Must Release"":""-"",""Operating Temperature"":""-40°C ~ 85°C"",""Package / Case"":""Module"",""Series"":""-""}"
"SME-8M-DO-24V-K-7,5-OE","SENSOR REED SWITCH NC WIRE LEADS","Festo","Sensors & Switches","58.15","0","SENSOR REED SWITCH NC WIRE LEADS","https://www.festo.com/us/en/a/download-document/datasheet/546799","{""Type"":""Reed Switch"",""Output Type"":""NC"",""Actuator Material"":""Magnet"",""Termination Style"":""Wire Leads"",""Voltage - Supply"":""5V ~ 30V"",""Must Operate"":""-"",""Must Release"":""-"",""Operating Temperature"":""-40°C ~ 70°C"",""Package / Case"":""Module"",""Series"":""-""}"
"SMT-10M-PS-24V-E-2,5-L-OE","SENSOR SWITCH PNP-NO WIRE LEADS","Festo","Sensors & Switches","60.25","0","SENSOR SWITCH PNP-NO WIRE LEADS","https://www.festo.com/us/en/a/download-document/datasheet/551373","{""Type"":""Switch"",""Output Type"":""PNP-NO"",""Actuator Material"":""Magnet"",""Termination Style"":""Wire Leads"",""Frequency"":""150 Hz"",""Voltage - Supply"":""5V ~ 30V"",""Must Operate"":""-"",""Must Release"":""-"",""Operating Temperature"":""-40°C ~ 70°C"",""Package / Case"":""Module"",""Series"":""-""}"
"SMT-10M-NS-24V-E-2,5-L-OE","SENSOR SWITCH NPN-NO CONNECTOR","Festo","Sensors & Switches","63.6","0","SENSOR SWITCH NPN-NO CONNECTOR","https://www.festo.com/us/en/a/download-document/datasheet/551377","{""Type"":""Switch"",""Output Type"":""NPN-NO"",""Actuator Material"":""Magnet"",""Termination Style"":""Connector"",""Frequency"":""150 Hz"",""Voltage - Supply"":""5V ~ 30V"",""Must Operate"":""-"",""Must Release"":""-"",""Operating Temperature"":""-40°C ~ 70°C"",""Package / Case"":""Module"",""Series"":""-""}"
"CACN-3A-1-5-G2","FIXED POWER SUPPLY","Festo","Power Supplies","292.85","0","FIXED POWER SUPPLY","https://www.festo.com/us/en/a/download-document/datasheet/8149580","{""Series"":""-""}"
"CACN-3A-1-10-G2","FIXED POWER SUPPLY","Festo","Power Supplies","446.82","0","FIXED POWER SUPPLY","https://www.festo.com/us/en/a/download-document/datasheet/8149581","{""Series"":""-""}"
"CACN-3A-7-5-G2","FIXED POWER SUPPLY","Festo","Power Supplies","583.17","0","FIXED POWER SUPPLY","https://www.festo.com/us/en/a/download-document/datasheet/8149583","{""Input Type"":""AC"",""Number of Outputs"":""1"",""AC Voltage - Input"":""100 ~ 240 VAC"",""DC Voltage - Input (Min)"":""-"",""DC Voltage - Input (Max)"":""-"",""Voltage - Output 1"":""48V"",""Voltage - Output 2"":""-"",""Voltage - Output 3"":""-"",""Voltage - Output 4"":""-"",""Voltage - Output 5"":""-"",""Voltage - Output 6"":""-"",""Current - Output (Max)"":""5A"",""Power (Watts)"":""240W"",""Applications"":""ITE (Commercial)"",""Efficiency"":""-"",""Operating Temperature"":""-25°C ~ 70°C"",""Features"":""IP20"",""Size / Dimension"":""6.30\"" L x 1.65\"" W x 5.12\"" H (160.0mm x 42.0mm x 130.0mm)"",""Approval Agency"":""cULus"",""Standard Number"":""-"",""Series"":""-""}"
"CACN-H-1-PE-EX2","FIXED POWER SUPPLY","Festo","Power Supplies","617.18","0","FIXED POWER SUPPLY","https://www.festo.com/us/en/a/download-document/datasheet/8155227","{""Input Type"":""DC"",""Number of Outputs"":""1"",""AC Voltage - Input"":""-"",""DC Voltage - Input (Min)"":""18V"",""DC Voltage - Input (Max)"":""32V"",""Voltage - Output 1"":""54V"",""Voltage - Output 2"":""-"",""Voltage - Output 3"":""-"",""Voltage - Output 4"":""-"",""Voltage - Output 5"":""-"",""Voltage - Output 6"":""-"",""Current - Output (Max)"":""2A"",""Power (Watts)"":""108W"",""Applications"":""ITE (Commercial)"",""Efficiency"":""-"",""Operating Temperature"":""-20°C ~ 55°C"",""Features"":""IP20"",""Size / Dimension"":""3.15\"" L x 1.10\"" W x 4.72\"" H (80.0mm x 28.0mm x 120.0mm)"",""Approval Agency"":""cULus, RCM"",""Standard Number"":""-"",""Series"":""-""}"
"CACN-3A-1-20-G2","FIXED POWER SUPPLY","Festo","Power Supplies","757.36","0","FIXED POWER SUPPLY","https://www.festo.com/us/en/a/download-document/datasheet/8149582","{""Series"":""-""}"
"CACN-3A-7-10-G2","FIXED POWER SUPPLY","Festo","Power Supplies","883.61","0","FIXED POWER SUPPLY","https://www.festo.com/us/en/a/download-document/datasheet/8149584","{""Series"":""-""}"
"CACN-11A-7-20-G2","FIXED POWER SUPPLY","Festo","Power Supplies","1464.24","0","FIXED POWER SUPPLY","https://www.festo.com/us/en/a/download-document/datasheet/8149585","{""Series"":""-""}"
"CPX-IOT","GATEWAY","Festo","Industrial Networking","1550.53","0","GATEWAY","https://www.festo.com/us/en/a/download-document/datasheet/8069773","{""Accessory Type"":""Gateway"",""For Use With/Related Products"":""-"",""Series"":""CPX""}"
"CDSU-1","IO-LINK MASTER USB","Festo","Industrial Networking","799.68","0","IO-LINK MASTER USB","https://www.festo.com/us/en/a/download-document/datasheet/8091509","{""Accessory Type"":""USB Connector"",""For Use With/Related Products"":""Sensors"",""Series"":""CDSU""}"
"CPX-AP-I-4IOL-M12","IO-LINK MASTER","Festo","Industrial Networking","411.83","0","IO-LINK MASTER","https://www.festo.com/us/en/a/download-document/datasheet/8086604","{""Accessory Type"":""Actuator Box"",""Color"":""White"",""Features"":""4 Connector Opening, Dust Tight, Waterproof"",""For Use With/Related Products"":""Circular Connectors"",""Material"":""Nickel Plated, Polyamide (PA), Polycarbonate (PC), Zinc Die Cast"",""Shell Size - Insert"":""M8, M12"",""Series"":""CPX""}"
"CPX-AP-A-4IOL-M12","IO-LINK MASTER","Festo","Industrial Networking","565.45","0","IO-LINK MASTER","https://www.festo.com/us/en/a/download-document/datasheet/8129114","{""Accessory Type"":""Input, Output Unit"",""Color"":""Silver Gray"",""Features"":""4 Connector Opening"",""For Use With/Related Products"":""Circular Connectors"",""Material"":""Polycarbonate (PC)"",""Shell Size - Insert"":""M12"",""Series"":""CPX""}"
"CPX-AP-I-PN-M12","PROFINET INTERFACE","Festo","Industrial Networking","617.74","0","PROFINET INTERFACE","https://www.festo.com/us/en/a/download-document/datasheet/8086607","{""Accessory Type"":""Actuator Box"",""Color"":""White"",""Features"":""2 Connector Opening, Dust Tight, Waterproof"",""For Use With/Related Products"":""Circular Connectors"",""Material"":""Nickel Plated, Polyamide (PA), Polycarbonate (PC), Zinc Die Cast"",""Shell Size - Insert"":""M8, M12"",""Series"":""CPX""}"
"NECB-S-M12G5-C2","PLUG","Festo","Cables & Connectors","14.54","0","PLUG","https://www.festo.com/us/en/a/download-document/datasheet/8162296","{""Connector Type"":""Plug, Male Pins"",""Number of Positions"":""5"",""Grade"":""-"",""Qualification"":""-"",""Shell Size - Insert"":""M12-5"",""Shell Size, MIL"":""-"",""Mounting Type"":""Free Hanging (In-Line)"",""Mounting Feature"":""-"",""Termination"":""Screw"",""Fastening Type"":""Threaded"",""Orientation"":""A"",""Primary Material"":""Metal"",""Shell Material"":""Zinc Die Cast"",""Shell Finish"":""Nickel"",""Contact Finish - Mating"":""Nickel-Gold"",""Color"":""Silver"",""Ingress Protection"":""IP65/IP67 - Dust Tight, Water Resistant, Waterproof"",""Material Flammability Rating"":""-"",""Features"":""Backshell"",""Shielding"":""Unshielded"",""Current Rating (Amps)"":""4A"",""Voltage Rating"":""48VAC, 60VDC"",""Cable Opening"":""0.083\"" ~ 0.276\"" (2.10mm ~ 7.00mm)"",""Operating Temperature"":""-25°C ~ 90°C"",""Series"":""NECB""}"
"FBA-2-M12-5POL","BUS CONNECTION","Festo","Cables & Connectors","39.4","0","BUS CONNECTION","https://www.festo.com/modules/fox/bff/occ/v2/fox_us/articles/525632/datasheet?lang=en_US","{""Type"":""Module Connector"",""For Use With/Related Products"":""Valves"",""Series"":""FBA""}"
"NECU-M-S-D12G4-C2-ET","PLUG","Festo","Cables & Connectors","58.43","0","PLUG","https://www.festo.com/us/en/a/download-document/datasheet/543109","{""Connector Type"":""Plug, Male Pins"",""Number of Positions"":""4"",""Grade"":""-"",""Qualification"":""-"",""Shell Size - Insert"":""M12-4"",""Shell Size, MIL"":""-"",""Mounting Type"":""Free Hanging (In-Line)"",""Mounting Feature"":""-"",""Termination"":""Screw"",""Fastening Type"":""Threaded"",""Orientation"":""D"",""Primary Material"":""Metal"",""Shell Material"":""Zinc Die Cast"",""Shell Finish"":""Nickel"",""Contact Finish - Mating"":""Gold"",""Color"":""Silver"",""Ingress Protection"":""IP67 - Dust Tight, Waterproof"",""Material Flammability Rating"":""-"",""Features"":""Backshell, Coupling Nut"",""Shielding"":""Shielded"",""Current Rating (Amps)"":""-"",""Voltage Rating"":""250VAC/DC"",""Cable Opening"":""0.236\"" ~ 0.315\"" (6.00mm ~ 8.00mm)"",""Operating Temperature"":""-25°C ~ 85°C"",""Series"":""NECU""}"
"NECB-S-M12G4-C2","PLUG","Festo","Cables & Connectors","13.68","0","PLUG","https://www.festo.com/us/en/a/download-document/datasheet/8162294","{""Connector Type"":""Plug, Male Pins"",""Number of Positions"":""4"",""Grade"":""-"",""Qualification"":""-"",""Shell Size - Insert"":""M12-4"",""Shell Size, MIL"":""-"",""Mounting Type"":""Free Hanging (In-Line)"",""Mounting Feature"":""-"",""Termination"":""Screw"",""Fastening Type"":""Threaded"",""Orientation"":""A"",""Primary Material"":""Metal"",""Shell Material"":""Zinc Die Cast"",""Shell Finish"":""Nickel"",""Contact Finish - Mating"":""Nickel-Gold"",""Color"":""Silver"",""Ingress Protection"":""IP65/IP67 - Dust Tight, Water Resistant, Waterproof"",""Material Flammability Rating"":""-"",""Features"":""Backshell"",""Shielding"":""Unshielded"",""Current Rating (Amps)"":""4A"",""Voltage Rating"":""48VAC, 60VDC"",""Cable Opening"":""0.083\"" ~ 0.276\"" (2.10mm ~ 7.00mm)"",""Operating Temperature"":""-25°C ~ 90°C"",""Series"":""NECB""}"
"NECB-M12G5-C2","PLUG SOCKET","Festo","Cables & Connectors","15.41","0","PLUG SOCKET","https://www.festo.com/us/en/a/download-document/datasheet/8162291","{""Connector Type"":""Plug, Female Sockets"",""Number of Positions"":""5"",""Grade"":""-"",""Qualification"":""-"",""Shell Size - Insert"":""M12-5"",""Shell Size, MIL"":""-"",""Mounting Type"":""Free Hanging (In-Line)"",""Mounting Feature"":""-"",""Termination"":""Screw"",""Fastening Type"":""Threaded"",""Orientation"":""A"",""Primary Material"":""Metal"",""Shell Material"":""Zinc Die Cast"",""Shell Finish"":""Nickel"",""Contact Finish - Mating"":""Nickel-Gold"",""Color"":""Silver"",""Ingress Protection"":""IP65/IP67 - Dust Tight, Water Resistant, Waterproof"",""Material Flammability Rating"":""-"",""Features"":""Backshell"",""Shielding"":""Unshielded"",""Current Rating (Amps)"":""4A"",""Voltage Rating"":""48VAC, 60VDC"",""Cable Opening"":""0.150\"" ~ 0.354\"" (3.80mm ~ 9.00mm)"",""Operating Temperature"":""-25°C ~ 90°C"",""Series"":""NECB""}"
"NECB-M12W4-C2","ANGLED PLUG SOCKET","Festo","Cables & Connectors","15.41","0","ANGLED PLUG SOCKET","https://www.festo.com/us/en/a/download-document/datasheet/8162292","{""Connector Type"":""Plug, Female Sockets"",""Number of Positions"":""4"",""Grade"":""-"",""Qualification"":""-"",""Shell Size - Insert"":""M12-4"",""Shell Size, MIL"":""-"",""Mounting Type"":""Free Hanging (In-Line), Right Angle"",""Mounting Feature"":""-"",""Termination"":""Screw"",""Fastening Type"":""Threaded"",""Orientation"":""A"",""Primary Material"":""Metal"",""Shell Material"":""Zinc Die Cast"",""Shell Finish"":""Nickel"",""Contact Finish - Mating"":""Nickel-Gold"",""Color"":""Silver"",""Ingress Protection"":""IP65/IP67 - Dust Tight, Water Resistant, Waterproof"",""Material Flammability Rating"":""-"",""Features"":""Backshell"",""Shielding"":""Unshielded"",""Current Rating (Amps)"":""4A"",""Voltage Rating"":""48VAC, 60VDC"",""Cable Opening"":""0.150\"" ~ 0.354\"" (3.80mm ~ 9.00mm)"",""Operating Temperature"":""-25°C ~ 90°C"",""Series"":""NECB"",""Pack Size"":""178""}"
"NECB-M12W5-C2","SOCKET","Festo","Cables & Connectors","15.41","0","SOCKET","https://www.festo.com/media/catalog/214074_documentation.pdf","{""Connector Type"":""Plug, Female Sockets"",""Number of Positions"":""5"",""Grade"":""-"",""Qualification"":""-"",""Shell Size - Insert"":""M12-5"",""Shell Size, MIL"":""-"",""Mounting Type"":""Free Hanging (In-Line), Right Angle"",""Mounting Feature"":""-"",""Termination"":""Screw"",""Fastening Type"":""Threaded"",""Orientation"":""A"",""Primary Material"":""Metal"",""Shell Material"":""Zinc Die Cast"",""Shell Finish"":""Nickel"",""Contact Finish - Mating"":""Gold, Nickel"",""Color"":""Silver"",""Ingress Protection"":""IP65/IP67 - Dust Tight, Water Resistant, Waterproof"",""Material Flammability Rating"":""-"",""Features"":""Backshell, Coupling Nut"",""Shielding"":""Unshielded"",""Current Rating (Amps)"":""4A"",""Voltage Rating"":""48VAC, 60VDC"",""Cable Opening"":""0.150\"" ~ 0.354\"" (3.80mm ~ 9.00mm)"",""Operating Temperature"":""-25°C ~ 90°C"",""Series"":""NECB""}"
"NECB-M12G4-C2","SOCKET","Festo","Cables & Connectors","15.41","0","SOCKET","https://www.festo.com/media/catalog/214074_documentation.pdf","{""Connector Type"":""Plug, Female Sockets"",""Number of Positions"":""4"",""Grade"":""-"",""Qualification"":""-"",""Shell Size - Insert"":""M12-4"",""Shell Size, MIL"":""-"",""Mounting Type"":""Free Hanging (In-Line)"",""Mounting Feature"":""-"",""Termination"":""Screw"",""Fastening Type"":""Threaded"",""Orientation"":""A"",""Primary Material"":""Metal"",""Shell Material"":""Zinc Die Cast"",""Shell Finish"":""Nickel"",""Contact Finish - Mating"":""Gold, Nickel"",""Color"":""Silver"",""Ingress Protection"":""IP65/IP67 - Dust Tight, Water Resistant, Waterproof"",""Material Flammability Rating"":""-"",""Features"":""Backshell, Coupling Nut"",""Shielding"":""Unshielded"",""Current Rating (Amps)"":""4A"",""Voltage Rating"":""48VAC, 60VDC"",""Cable Opening"":""0.150\"" ~ 0.354\"" (3.80mm ~ 9.00mm)"",""Operating Temperature"":""-25°C ~ 90°C"",""Series"":""NECB""}"
"NECB-S-M12G4-C2-D","PLUG","Festo","Cables & Connectors","17.15","0","PLUG","https://www.festo.com/us/en/a/download-document/datasheet/8162295","{""Connector Type"":""Plug, Male Pins"",""Number of Positions"":""4"",""Grade"":""-"",""Qualification"":""-"",""Shell Size - Insert"":""M12-4"",""Shell Size, MIL"":""-"",""Mounting Type"":""Free Hanging (In-Line)"",""Mounting Feature"":""-"",""Termination"":""Screw"",""Fastening Type"":""Threaded"",""Orientation"":""A"",""Primary Material"":""Metal"",""Shell Material"":""Zinc Die Cast"",""Shell Finish"":""Nickel"",""Contact Finish - Mating"":""Nickel-Gold"",""Color"":""Silver"",""Ingress Protection"":""IP65/IP67 - Dust Tight, Water Resistant, Waterproof"",""Material Flammability Rating"":""-"",""Features"":""Backshell"",""Shielding"":""Unshielded"",""Current Rating (Amps)"":""4A"",""Voltage Rating"":""48VAC, 60VDC"",""Cable Opening"":""0.083\"" ~ 0.220\"" (2.10mm ~ 5.60mm)"",""Operating Temperature"":""-25°C ~ 90°C"",""Series"":""NECB"",""Pack Size"":""160""}"
"NECB-S-M12G5-C2-D","PLUG","Festo","Cables & Connectors","17.15","0","PLUG","https://www.festo.com/us/en/a/download-document/datasheet/8162297","{""Connector Type"":""Plug, Male Pins"",""Number of Positions"":""5"",""Grade"":""-"",""Qualification"":""-"",""Shell Size - Insert"":""M12-5"",""Shell Size, MIL"":""-"",""Mounting Type"":""Free Hanging (In-Line)"",""Mounting Feature"":""-"",""Termination"":""Screw"",""Fastening Type"":""Threaded"",""Orientation"":""A"",""Primary Material"":""Metal"",""Shell Material"":""Zinc Die Cast"",""Shell Finish"":""Nickel"",""Contact Finish - Mating"":""Nickel-Gold"",""Color"":""Silver"",""Ingress Protection"":""IP65/IP67 - Dust Tight, Water Resistant, Waterproof"",""Material Flammability Rating"":""-"",""Features"":""Backshell"",""Shielding"":""Unshielded"",""Current Rating (Amps)"":""4A"",""Voltage Rating"":""48VAC, 60VDC"",""Cable Opening"":""0.083\"" ~ 0.220\"" (2.10mm ~ 5.60mm)"",""Operating Temperature"":""-25°C ~ 90°C"",""Series"":""NECB""}"
"NECU-S-M12G4-P1-IS","PLUG","Festo","Cables & Connectors","19.19","0","PLUG","https://www.festo.com/us/en/a/download-document/datasheet/570953","{""Connector Type"":""Plug, Male Pins"",""Number of Positions"":""4"",""Grade"":""-"",""Qualification"":""-"",""Shell Size - Insert"":""M12-4"",""Shell Size, MIL"":""-"",""Mounting Type"":""Free Hanging (In-Line)"",""Mounting Feature"":""-"",""Termination"":""Screw"",""Fastening Type"":""Threaded"",""Orientation"":""A"",""Primary Material"":""Plastic"",""Shell Material"":""Polyamide (PA), Nylon"",""Shell Finish"":""-"",""Contact Finish - Mating"":""-"",""Color"":""Black"",""Ingress Protection"":""IP65/IP67 - Dust Tight, Water Resistant, Waterproof"",""Material Flammability Rating"":""-"",""Features"":""Backshell, Coupling Nut"",""Shielding"":""Unshielded"",""Current Rating (Amps)"":""4A"",""Voltage Rating"":""30VDC"",""Cable Opening"":""0.157\"" ~ 0.236\"" (4.00mm ~ 6.00mm)"",""Operating Temperature"":""-25°C ~ 85°C"",""Series"":""NECU""}"
"NECU-S-M12G4-P1-Q6-IS","PLUG","Festo","Cables & Connectors","19.19","0","PLUG","https://www.festo.com/us/en/a/download-document/datasheet/570955","{""Connector Type"":""Plug, Male Pins"",""Number of Positions"":""4"",""Grade"":""-"",""Qualification"":""-"",""Shell Size - Insert"":""M12-4"",""Shell Size, MIL"":""-"",""Mounting Type"":""Free Hanging (In-Line)"",""Mounting Feature"":""-"",""Termination"":""Screw"",""Fastening Type"":""Threaded"",""Orientation"":""A"",""Primary Material"":""Plastic"",""Shell Material"":""Polyamide (PA), Nylon"",""Shell Finish"":""-"",""Contact Finish - Mating"":""-"",""Color"":""Black"",""Ingress Protection"":""IP65/IP67 - Dust Tight, Water Resistant, Waterproof"",""Material Flammability Rating"":""-"",""Features"":""Backshell, Coupling Nut"",""Shielding"":""Unshielded"",""Current Rating (Amps)"":""4A"",""Voltage Rating"":""30VDC"",""Cable Opening"":""0.098\"" ~ 0.114\"" (2.50mm ~ 2.90mm)"",""Operating Temperature"":""-25°C ~ 85°C"",""Series"":""NECU""}"
"NECU-S-M12G3-HX","PLUG","Festo","Cables & Connectors","22.54","0","PLUG","https://www.festo.com/us/en/a/download-document/datasheet/562027","{""Connector Type"":""Plug, Male Pins"",""Number of Positions"":""3"",""Grade"":""-"",""Qualification"":""-"",""Shell Size - Insert"":""M12-3"",""Shell Size, MIL"":""-"",""Mounting Type"":""Free Hanging (In-Line)"",""Mounting Feature"":""-"",""Termination"":""Screw"",""Fastening Type"":""Threaded"",""Orientation"":""A"",""Primary Material"":""Metal"",""Shell Material"":""Zinc Die Cast"",""Shell Finish"":""Nickel"",""Contact Finish - Mating"":""Gold"",""Color"":""Silver"",""Ingress Protection"":""IP65/IP67 - Dust Tight, Water Resistant, Waterproof"",""Material Flammability Rating"":""-"",""Features"":""Backshell"",""Shielding"":""Unshielded"",""Current Rating (Amps)"":""4A"",""Voltage Rating"":""32VAC/DC"",""Cable Opening"":""0.114\"" ~ 0.201\"" (2.90mm ~ 5.10mm)"",""Operating Temperature"":""-25°C ~ 85°C"",""Series"":""NECU""}"
"NECU-S-M12G4-HX","PLUG","Festo","Cables & Connectors","23.59","0","PLUG","https://www.festo.com/us/en/a/download-document/datasheet/562028","{""Connector Type"":""Plug, Male Pins"",""Number of Positions"":""4"",""Grade"":""-"",""Qualification"":""-"",""Shell Size - Insert"":""M12-4"",""Shell Size, MIL"":""-"",""Mounting Type"":""Free Hanging (In-Line)"",""Mounting Feature"":""-"",""Termination"":""Screw"",""Fastening Type"":""Threaded"",""Orientation"":""A"",""Primary Material"":""Metal"",""Shell Material"":""Zinc Die Cast"",""Shell Finish"":""Nickel"",""Contact Finish - Mating"":""Gold"",""Color"":""Silver"",""Ingress Protection"":""IP65/IP67 - Dust Tight, Water Resistant, Waterproof"",""Material Flammability Rating"":""-"",""Features"":""Backshell"",""Shielding"":""Unshielded"",""Current Rating (Amps)"":""4A"",""Voltage Rating"":""32VAC/DC"",""Cable Opening"":""0.114\"" ~ 0.201\"" (2.90mm ~ 5.10mm)"",""Operating Temperature"":""-25°C ~ 85°C"",""Series"":""NECU"",""Pack Size"":""116""}"
"NEDY-L2R1-V1-M8G3-N-M12G4","DISTRIBUTOR","Festo","Cables & Connectors","23.92","0","DISTRIBUTOR","https://www.festo.com/us/en/a/download-document/datasheet/8005311","{""Connector Style"":""Distributor Y-Shaped"",""Convert From (Adapter End)"":""Male Pins"",""Convert To (Adapter End)"":""Female Sockets (2)"",""Shell Size - Insert (Convert From)"":""M12"",""Shell Size - Insert (Convert To)"":""M8"",""Number of Positions (Convert From)"":""4"",""Number of Positions (Convert To)"":""3 (2)"",""Grade"":""-"",""Qualification"":""-"",""Mounting Type"":""Free Hanging (In-Line)"",""Mounting Feature"":""-"",""Fastening Type"":""Push-Twist"",""Primary Material"":""Plastic"",""Housing Material"":""Thermoplastic Elastomer (TPE)"",""Housing Color"":""Black"",""Features"":""Coupling Nut"",""Ingress Protection"":""IP65/IP68/IP69K - Dust Tight, Water Resistant, Waterproof"",""Shielding"":""Unshielded"",""Series"":""NEDY""}"
"NECU-S-M12G4-HX-Q7","PLUG","Festo","Cables & Connectors","24.68","0","PLUG","https://www.festo.com/us/en/a/download-document/datasheet/564947","{""Connector Type"":""Plug, Male Pins"",""Number of Positions"":""4"",""Grade"":""-"",""Qualification"":""-"",""Shell Size - Insert"":""M12-4"",""Shell Size, MIL"":""-"",""Mounting Type"":""Free Hanging (In-Line)"",""Mounting Feature"":""-"",""Termination"":""Screw"",""Fastening Type"":""Threaded"",""Orientation"":""A"",""Primary Material"":""Metal"",""Shell Material"":""Zinc Die Cast"",""Shell Finish"":""Nickel"",""Contact Finish - Mating"":""Gold"",""Color"":""Silver"",""Ingress Protection"":""IP65/IP67 - Dust Tight, Water Resistant, Waterproof"",""Material Flammability Rating"":""-"",""Features"":""Backshell"",""Shielding"":""Unshielded"",""Current Rating (Amps)"":""6A"",""Voltage Rating"":""48VAC/DC"",""Cable Opening"":""0.185\"" ~ 0.236\"" (4.70mm ~ 6.00mm)"",""Operating Temperature"":""-25°C ~ 85°C"",""Series"":""NECU""}"
"NEBV-A1W3-K-0.3-N-M12W3","CONNECTING CABLE","Festo","Cables & Connectors","24.81","0","CONNECTING CABLE","https://www.festo.com/us/en/a/download-document/datasheet/3579461","{""Number of Positions"":""4"",""Connector - Sensor"":""Rectangular"",""Termination"":""Connector"",""Connector - Cable"":""M12"",""Cable Length"":""300mm"",""Series"":""NEBV""}"
"NECU-S-M12G4-P2-IS","PLUG","Festo","Cables & Connectors","25.1","0","PLUG","https://www.festo.com/media/catalog/214074_documentation.pdf","{""Connector Type"":""Plug, Male Pins"",""Number of Positions"":""4"",""Grade"":""-"",""Qualification"":""-"",""Shell Size - Insert"":""M12-4"",""Shell Size, MIL"":""-"",""Mounting Type"":""Free Hanging (In-Line)"",""Mounting Feature"":""-"",""Termination"":""Screw"",""Fastening Type"":""Threaded"",""Orientation"":""A"",""Primary Material"":""Plastic"",""Shell Material"":""Polyamide (PA), Nylon"",""Shell Finish"":""-"",""Contact Finish - Mating"":""-"",""Color"":""White"",""Ingress Protection"":""IP65/IP67 - Dust Tight, Water Resistant, Waterproof"",""Material Flammability Rating"":""-"",""Features"":""Backshell, Coupling Nut"",""Shielding"":""Unshielded"",""Current Rating (Amps)"":""4A"",""Voltage Rating"":""30VDC"",""Cable Opening"":""0.236\"" ~ 0.315\"" (6.00mm ~ 8.00mm)"",""Operating Temperature"":""-25°C ~ 85°C"",""Series"":""NECU"",""Pack Size"":""94""}"
"NEBV-A1W3-K-0.6-N-M12W3","CONNECTING CABLE","Festo","Cables & Connectors","25.97","0","CONNECTING CABLE","https://www.festo.com/us/en/a/download-document/datasheet/3579462","{""Number of Positions"":""4"",""Connector - Sensor"":""Rectangular"",""Termination"":""Connector"",""Connector - Cable"":""M8"",""Cable Length"":""600mm"",""Series"":""NEBV""}"
"VAEM-L1-S-8-PT","ELECTRICAL INTERFACE","Festo","Temperature Controllers","116.47","0","ELECTRICAL INTERFACE","https://www.festo.com/us/en/a/download-document/datasheet/573384","{""Type"":""Mounting Kit"",""For Use With/Related Products"":""Process Valves"",""Series"":""VAEM""}"
"VAEM-L1-S-16-PT","ELECTRICAL INTERFACE","Festo","Temperature Controllers","139.76","0","ELECTRICAL INTERFACE","https://www.festo.com/us/en/a/download-document/datasheet/573939","{""Type"":""Mounting Kit"",""For Use With/Related Products"":""Process Valves"",""Series"":""VAEM""}"
"CMSX-P-S-C-U-F1-D-50-A","POSITIONER","Festo","Temperature Controllers","1023.59","0","POSITIONER","https://www.festo.com/us/en/a/download-document/datasheet/3929313","{""Type"":""Positioner"",""For Use With/Related Products"":""Process Valves"",""Series"":""CMSX""}"
"O-1/4","SEALING RING","Festo","Temperature Controllers","0.73","0","SEALING RING","https://www.festo.com/us/en/a/download-document/datasheet/2224","{""Type"":""Ring"",""For Use With/Related Products"":""Process Valves"",""Series"":""O""}"
"VAME-T-M4","H-RAIL MOUNTING","Festo","Temperature Controllers","6.86","0","H-RAIL MOUNTING","https://www.festo.com/us/en/a/download-document/datasheet/569998","{""Type"":""Mounting Kit"",""For Use With/Related Products"":""Process Valves"",""Series"":""VAME""}"
"LSP-1/4-D","LOW CONSUMPTION AIR GUN","Festo","Temperature Controllers","37.96","0","LOW CONSUMPTION AIR GUN","https://www.festo.com/us/en/a/download-document/datasheet/35528","{""Type"":""Mounting Kit"",""For Use With/Related Products"":""Process Valves"",""Series"":""LSP""}"
"NEV-01-VDMA","END PLATE KIT","Festo","Temperature Controllers","44.66","0","END PLATE KIT","https://www.festo.com/us/en/a/download-document/datasheet/161104","{""Type"":""Mounting Kit"",""For Use With/Related Products"":""Process Valves"",""Series"":""NEV""}"
"VAEM-L1-S-M1-25","ELECTRICAL INTERFACE","Festo","Temperature Controllers","46.59","0","ELECTRICAL INTERFACE","https://www.festo.com/us/en/a/download-document/datasheet/573445","{""Type"":""Mounting Kit"",""For Use With/Related Products"":""Process Valves"",""Series"":""VAEM""}"
"VMPA-HBV-B","COVER CAP","Festo","Temperature Controllers","1.1","0","COVER CAP","https://www.festo.com/us/en/a/download-document/datasheet/540898","{""Type"":""Cover"",""For Use With/Related Products"":""Process Valves"",""Series"":""VMPA"",""Pack Size"":""10""}"
"VAMC-L1-CD","COVER CAP","Festo","Temperature Controllers","2.05","0","COVER CAP","https://www.festo.com/us/en/a/download-document/datasheet/8002234","{""Type"":""Cover"",""For Use With/Related Products"":""Process Valves"",""Series"":""VAMC"",""Pack Size"":""10""}"
"VAMC-B10-20-CH2-S","COVER CAP","Festo","Temperature Controllers","2.91","0","COVER CAP","https://www.festo.com/us/en/a/download-document/datasheet/8049538","{""Type"":""Cover"",""For Use With/Related Products"":""Process Valves"",""Series"":""VAMC""}"
"VAMC-B10-25-CH2-S","COVER CAP","Festo","Temperature Controllers","3.21","0","COVER CAP","https://www.festo.com/us/en/a/download-document/datasheet/8049539","{""Type"":""Cover"",""For Use With/Related Products"":""Process Valves"",""Series"":""VAMC""}"
"NSC-1/4-1-ISO","ISOLATING DISC","Festo","Temperature Controllers","10.79","0","ISOLATING DISC","https://www.festo.com/us/en/a/download-document/datasheet/11550","{""Type"":""Disc"",""For Use With/Related Products"":""Process Valves"",""Series"":""NSC""}"
"NEV-02-VDMA","END PLATE KIT","Festo","Temperature Controllers","44.66","0","END PLATE KIT","https://www.festo.com/us/en/a/download-document/datasheet/161112","{""Type"":""Mounting Kit"",""For Use With/Related Products"":""Process Valves"",""Series"":""NEV""}"
"FBA-1-SL-5POL","BUS CONNECTION","Festo","Temperature Controllers","49.01","0","BUS CONNECTION","https://www.festo.com/modules/fox/bff/occ/v2/fox_us/articles/525634/datasheet?lang=en_US","{""Type"":""Connection Block"",""For Use With/Related Products"":""Process Valves"",""Series"":""FBA""}"
"VAEM-L1-S-24-PT","ELECTRICAL INTERFACE","Festo","Temperature Controllers","163.06","0","ELECTRICAL INTERFACE","https://www.festo.com/us/en/a/download-document/datasheet/573940","{""Type"":""Mounting Kit"",""For Use With/Related Products"":""Process Valves"",""Series"":""VAEM""}"
"CMSX-P-S-C-U-F1-S-50-A","POSITIONER","Festo","Temperature Controllers","1023.49","0","POSITIONER","https://www.festo.com/us/en/a/download-document/datasheet/3929370","{""Type"":""Positioner"",""For Use With/Related Products"":""Process Valves"",""Series"":""CMSX"",""Pack Size"":""3""}"
"MHP1-PR4-3-PI-D9","MANIFOLD BLOCK","Festo","Temperature Controllers","137.14","0","MANIFOLD BLOCK","https://www.festo.com/us/en/a/download-document/datasheet/197233","{""Type"":""Distributor Block"",""For Use With/Related Products"":""Valves"",""Series"":""MHP1""}"
"MHA1-PR4-3-M3-PI-D9","MANIFOLD","Festo","Temperature Controllers","151.23","0","MANIFOLD","https://www.festo.com/us/en/a/download-document/datasheet/197238","{""Type"":""Manifold"",""For Use With/Related Products"":""Valves"",""Series"":""MHA1""}"
"MHP1-PR6-3-PI-D9","MANIFOLD BLOCK","Festo","Temperature Controllers","162.73","0","MANIFOLD BLOCK","https://www.festo.com/us/en/a/download-document/datasheet/197234","{""Type"":""Distributor Block"",""For Use With/Related Products"":""Valves"",""Series"":""MHP1""}"
"EE-SPY302","SENSOR OPT REFLECT 5MM","Omron","Sensors & Switches","69.88","0","SENSOR OPT REFLECT 5MM","https://files.omron.eu/downloads/latest/datasheet/en/ee-spx301_401_ee-spy30_40_slot-type_reflective_photomicrosensor_datasheet_en.pdf","{""Sensing Distance"":""0.197\"" (5mm)"",""Sensing Method"":""Reflective, Diffuse"",""Sensing Object"":""White Paper"",""Output Configuration"":""NPN - Open Collector/Dark-ON"",""Sensing Light"":""Infrared"",""Mounting Type"":""Chassis Mount"",""Current - Supply"":""15 mA"",""Voltage - Supply"":""5V ~ 24V"",""Package / Case"":""Module, Connector"",""Series"":""-""}"
"EE-SPY401","SENSOR OPT REFLECT 5MM","Omron","Sensors & Switches","69.88","0","SENSOR OPT REFLECT 5MM","https://files.omron.eu/downloads/latest/datasheet/en/ee-spx301_401_ee-spy30_40_slot-type_reflective_photomicrosensor_datasheet_en.pdf","{""Sensing Distance"":""0.197\"" (5mm)"",""Sensing Method"":""Reflective, Diffuse"",""Sensing Object"":""White Paper"",""Output Configuration"":""NPN - Open Collector/Light-ON"",""Sensing Light"":""Infrared"",""Mounting Type"":""Chassis Mount"",""Current - Supply"":""15 mA"",""Voltage - Supply"":""5V ~ 24V"",""Package / Case"":""Module, Connector"",""Series"":""-""}"
"NX-AD2203","INPUT MODULE 2 ANALOG","Omron","I/O Modules","199.55","0","INPUT MODULE 2 ANALOG","https://www.ia.omron.com/data_pdf/cat/nx-ad_da_ds_e_3_4_csm1057422.pdf","{""Type"":""Input Module"",""For Use With/Related Products"":""NX Series"",""Number of Inputs and Type"":""2 - Analog"",""Number of Outputs and Type"":""-"",""Voltage - Supply"":""-"",""Mounting Type"":""DIN Rail"",""Termination Style"":""Spring Terminal"",""Features"":""-"",""Series"":""NX""}"
"NX-AD3204","INPUT MODULE 4 ANALOG","Omron","I/O Modules","236.16","0","INPUT MODULE 4 ANALOG","https://www.ia.omron.com/data_pdf/cat/nx-ad_da_ds_e_3_4_csm1057422.pdf","{""Type"":""Input Module"",""For Use With/Related Products"":""NX Series"",""Number of Inputs and Type"":""4 - Analog"",""Number of Outputs and Type"":""-"",""Voltage - Supply"":""-"",""Mounting Type"":""DIN Rail"",""Termination Style"":""Spring Terminal"",""Features"":""-"",""Series"":""NX""}"
"NX-DA3203","OUTPUT MODULE 4 ANALOG","Omron","I/O Modules","257.08","0","OUTPUT MODULE 4 ANALOG","//mm.digikey.com/Volume0/opasdata/d220001/medias/docus/6155/nxeicdse44csm1055927.pdf","{""Type"":""Output Module"",""For Use With/Related Products"":""NX Series"",""Number of Inputs and Type"":""-"",""Number of Outputs and Type"":""4 - Analog"",""Voltage - Supply"":""-"",""Mounting Type"":""DIN Rail"",""Termination Style"":""Spring Terminal"",""Features"":""-"",""Series"":""NX""}"
"CJ1W-ID211","INPUT MODULE 16 DIGITAL","Omron","I/O Modules","382.55","0","INPUT MODULE 16 DIGITAL","https://assets.omron.com/m/152b9c8bb49eea61/original/CJ1W-ID-IA-Datasheet.pdf","{""Type"":""Input Module"",""For Use With/Related Products"":""CJ Series"",""Number of Inputs and Type"":""16 - Digital"",""Number of Outputs and Type"":""-"",""Voltage - Supply"":""-"",""Mounting Type"":""DIN Rail"",""Termination Style"":""Screw Terminal"",""Features"":""-"",""Series"":""CJ1W""}"
"CJ1W-PD025","POWER SUPPLY MODULE 24V","Omron","Power Supplies","382.55","0","POWER SUPPLY MODULE 24V","http://www.ia.omron.com/data_pdf/cat/cj1w-pa_pd_ds_e_5_2_csm1612.pdf","{""Type"":""Power Supply Module"",""For Use With/Related Products"":""CJ Series"",""Number of Inputs and Type"":""-"",""Number of Outputs and Type"":""-"",""Voltage - Supply"":""24VDC"",""Mounting Type"":""DIN Rail"",""Termination Style"":""Screw Terminal"",""Features"":""Output Capacity (5VDC, 5A, 25W)"",""Series"":""CJ1W""}"
"CJ1W-OD211","OUTPUT MODULE 16 SOLID STATE","Omron","I/O Modules","399.12","0","OUTPUT MODULE 16 SOLID STATE","https://echannel.omron247.com/marcom/pdfcatal.nsf/D34AC6A11972719B86256E6300619B8D/$FILE/CJ1_RefInfo_datasheet_en_200403.pdf","{""Type"":""Output Module"",""For Use With/Related Products"":""CJ Series"",""Number of Inputs and Type"":""-"",""Number of Outputs and Type"":""16 - Solid State"",""Voltage - Supply"":""-"",""Mounting Type"":""DIN Rail"",""Termination Style"":""Screw Terminal"",""Features"":""-"",""Series"":""CJ1W""}"
"CJ1W-PA202","POWER SUPPLY MODULE 100-240V","Omron","Power Supplies","414.41","0","POWER SUPPLY MODULE 100-240V","http://www.ia.omron.com/data_pdf/cat/cj1w-pa_pd_ds_e_5_2_csm1612.pdf","{""Type"":""Power Supply Module"",""For Use With/Related Products"":""CJ Series"",""Number of Inputs and Type"":""-"",""Number of Outputs and Type"":""-"",""Voltage - Supply"":""100 ~ 240VAC"",""Mounting Type"":""DIN Rail"",""Termination Style"":""Screw Terminal"",""Features"":""Output Capacity (5VDC, 2.8A, 14W)"",""Series"":""CJ1W""}"
"CJ1W-OD212","OUTPUT MODULE 16 SOLID STATE","Omron","I/O Modules","495.83","0","OUTPUT MODULE 16 SOLID STATE","https://echannel.omron247.com/marcom/pdfcatal.nsf/D34AC6A11972719B86256E6300619B8D/$FILE/CJ1_RefInfo_datasheet_en_200403.pdf","{""Type"":""Output Module"",""For Use With/Related Products"":""CJ Series"",""Number of Inputs and Type"":""-"",""Number of Outputs and Type"":""16 - Solid State"",""Voltage - Supply"":""-"",""Mounting Type"":""DIN Rail"",""Termination Style"":""Screw Terminal"",""Features"":""-"",""Series"":""CJ1W""}"
"CJ1W-OC211","OUTPUT MODULE 16 RELAY","Omron","I/O Modules","524.6","0","OUTPUT MODULE 16 RELAY","https://echannel.omron247.com/marcom/pdfcatal.nsf/D34AC6A11972719B86256E6300619B8D/$FILE/CJ1_RefInfo_datasheet_en_200403.pdf","{""Type"":""Output Module"",""For Use With/Related Products"":""CJ Series"",""Number of Inputs and Type"":""-"",""Number of Outputs and Type"":""16 - Relay"",""Voltage - Supply"":""-"",""Mounting Type"":""DIN Rail"",""Termination Style"":""Screw Terminal"",""Features"":""-"",""Series"":""CJ1W""}"
"NX-PC0020","SENSOR PWR DISTRIBUTION MOD","Omron","PLC & Controllers","67.97","0","SENSOR PWR DISTRIBUTION MOD","https://www.ia.omron.com/data_pdf/cat/nx-pd_pf_pc_tbx_ds_e_5_2_csm1012828.pdf?id=3193","{""Type"":""Sensor Power Distribution Module"",""For Use With/Related Products"":""NX Series"",""Number of Inputs and Type"":""-"",""Number of Outputs and Type"":""-"",""Voltage - Supply"":""-"",""Mounting Type"":""DIN Rail"",""Termination Style"":""Spring Terminal"",""Features"":""-"",""Series"":""NX""}"
"NX-OD3256","OUTPUT MODULE 4 SOLID STATE","Omron","I/O Modules","81.04","0","OUTPUT MODULE 4 SOLID STATE","https://files.omron.eu/downloads/latest/datasheet/en/nx-series_digital_i_o_unit_-_nx-id_ia_od_oc_md_datasheet_en.pdf?v=1","{""Type"":""Output Module"",""For Use With/Related Products"":""NX Series"",""Number of Inputs and Type"":""-"",""Number of Outputs and Type"":""4 - Solid State"",""Voltage - Supply"":""-"",""Mounting Type"":""DIN Rail"",""Termination Style"":""Spring Terminal"",""Features"":""-"",""Series"":""NX""}"
"CJ1W-OC201","OUTPUT MODULE 8 RELAY","Omron","I/O Modules","399.04","0","OUTPUT MODULE 8 RELAY","https://echannel.omron247.com/marcom/pdfcatal.nsf/D34AC6A11972719B86256E6300619B8D/$FILE/CJ1_RefInfo_datasheet_en_200403.pdf","{""Type"":""Output Module"",""For Use With/Related Products"":""CJ Series"",""Number of Inputs and Type"":""-"",""Number of Outputs and Type"":""8 - Relay"",""Voltage - Supply"":""-"",""Mounting Type"":""DIN Rail"",""Termination Style"":""Screw Terminal"",""Features"":""-"",""Series"":""CJ1W""}"
"CP1W-20EDT","I/O MODULE 12 DIGITAL 8SS","Omron","I/O Modules","411.32","0","I/O MODULE 12 DIGITAL 8SS","//mm.digikey.com/Volume0/opasdata/d220001/medias/docus/15/CP-SeriesExpansionUnits_ds.pdf","{""Type"":""Input, Output (I/O) Module"",""For Use With/Related Products"":""CJ, CP1 Series"",""Number of Inputs and Type"":""12 - Digital"",""Number of Outputs and Type"":""8 - Solid State"",""Voltage - Supply"":""-"",""Mounting Type"":""DIN Rail"",""Termination Style"":""Screw Terminal"",""Features"":""-"",""Series"":""CP1W""}"
"CP1L-L14DT1-D","CONTROL LOGIC 8 IN 6 OUT 24V","Omron","PLC & Controllers","495.83","0","CONTROL LOGIC 8 IN 6 OUT 24V","https://assets.omron.com/m/403180c254de9134/original/CP1L-Datasheet.pdf","{""Number of Inputs and Type"":""8 - Digital"",""Number of Outputs and Type"":""6 - Solid State"",""Expandable"":""1 Module Max"",""Voltage - Supply"":""24VDC"",""Display Type"":""No Display"",""Number of Characters Per Row"":""-"",""Communications"":""USB, Option Cards Available"",""Memory Size"":""32K Words"",""Mounting Type"":""Chassis Mount, DIN Rail"",""Features"":""Battery Backup"",""Series"":""CP1L""}"
"CP1L-EL20DR-D","CONTROL LOGIC 12 IN 8 OUT 24V","Omron","PLC & Controllers","598.67","0","CONTROL LOGIC 12 IN 8 OUT 24V","https://assets.omron.com/m/403180c254de9134/original/CP1L-Datasheet.pdf","{""Number of Inputs and Type"":""12 - Digital"",""Number of Outputs and Type"":""8 - Relay"",""Expandable"":""1 Module Max"",""Voltage - Supply"":""24VDC"",""Display Type"":""No Display"",""Number of Characters Per Row"":""-"",""Communications"":""Ethernet, Option Cards Available"",""Memory Size"":""32K Words"",""Mounting Type"":""Chassis Mount, DIN Rail"",""Features"":""Battery Backup"",""Series"":""CP1L""}"
"CP1L-M40DR-A","CONTROL LOG 24 IN 16OUT 100-240V","Omron","PLC & Controllers","957.7","0","CONTROL LOG 24 IN 16OUT 100-240V","https://assets.omron.com/m/403180c254de9134/original/CP1L-Datasheet.pdf","{""Number of Inputs and Type"":""24 - Digital"",""Number of Outputs and Type"":""16 - Relay"",""Expandable"":""3 Modules Max"",""Voltage - Supply"":""100 ~ 240VAC"",""Display Type"":""No Display"",""Number of Characters Per Row"":""-"",""Communications"":""USB, Option Cards Available"",""Memory Size"":""32K Words"",""Mounting Type"":""Chassis Mount, DIN Rail"",""Features"":""Battery Backup"",""Series"":""CP1L""}"
"CP1L-EM40DR-D","CONTROL LOGIC 24 IN 16 OUT 24V","Omron","PLC & Controllers","1037.88","0","CONTROL LOGIC 24 IN 16 OUT 24V","https://assets.omron.com/m/403180c254de9134/original/CP1L-Datasheet.pdf","{""Number of Inputs and Type"":""24 - Digital"",""Number of Outputs and Type"":""16 - Relay"",""Expandable"":""3 Modules Max"",""Voltage - Supply"":""24VDC"",""Display Type"":""No Display"",""Number of Characters Per Row"":""-"",""Communications"":""Ethernet, Option Cards Available"",""Memory Size"":""32K Words"",""Mounting Type"":""Chassis Mount, DIN Rail"",""Features"":""Battery Backup"",""Series"":""CP1L""}"
"CJ1W-AD041-V1","INPUT MODULE 4 ANALOG","Omron","I/O Modules","1060.52","0","INPUT MODULE 4 ANALOG","https://www.ia.omron.com/data_pdf/cat/cj1w-ad_da_mad_ds_e_5_5_csm1630.pdf","{""Type"":""Input Module"",""For Use With/Related Products"":""CJ Series"",""Number of Inputs and Type"":""4 - Analog"",""Number of Outputs and Type"":""-"",""Voltage - Supply"":""-"",""Mounting Type"":""DIN Rail"",""Termination Style"":""Screw Terminal"",""Features"":""-"",""Series"":""CJ1W""}"
"CJ2M-CPU13","CONTROL LOGIC RS232 20K STEPS","Omron","PLC & Controllers","1219.99","0","CONTROL LOGIC RS232 20K STEPS","https://www.ia.omron.com/data_pdf/cat/cj2m-cpu3__-cpu1_-md21__ds_e_12_6_csm2201.pdf?id=2712","{""Number of Inputs and Type"":""-"",""Number of Outputs and Type"":""-"",""Expandable"":""40 Modules (3 Racks) Max"",""Voltage - Supply"":""-"",""Display Type"":""No Display"",""Number of Characters Per Row"":""-"",""Communications"":""RS-232C, USB"",""Memory Size"":""64K Words"",""Mounting Type"":""DIN Rail"",""Features"":""Battery Backup"",""Series"":""CJ2M""}"
"CJ1W-DA08C","OUTPUT MODULE 8 ANALOG","Omron","I/O Modules","1374.23","0","OUTPUT MODULE 8 ANALOG","https://www.ia.omron.com/data_pdf/cat/cj1w-ad_da_mad_ds_e_5_5_csm1630.pdf","{""Type"":""Output Module"",""For Use With/Related Products"":""CJ Series"",""Number of Inputs and Type"":""-"",""Number of Outputs and Type"":""8 - Analog"",""Voltage - Supply"":""-"",""Mounting Type"":""DIN Rail"",""Termination Style"":""Screw Terminal"",""Features"":""-"",""Series"":""CJ1W""}"
"NX-ID5442","INPUT MODULE 16 DIGITAL","Omron","I/O Modules","151.63","0","INPUT MODULE 16 DIGITAL","https://files.omron.eu/downloads/latest/datasheet/en/nx-series_digital_i_o_unit_-_nx-id_ia_od_oc_md_datasheet_en.pdf?v=1","{""Type"":""Input Module"",""For Use With/Related Products"":""NX Series"",""Number of Inputs and Type"":""16 - Digital"",""Number of Outputs and Type"":""-"",""Voltage - Supply"":""-"",""Mounting Type"":""DIN Rail"",""Termination Style"":""Spring Terminal"",""Features"":""-"",""Series"":""NX""}"
"NX-OD5256","OUTPUT MODULE 16 SOLID STATE","Omron","I/O Modules","195.2","0","OUTPUT MODULE 16 SOLID STATE","https://files.omron.eu/downloads/latest/datasheet/en/nx-series_digital_i_o_unit_-_nx-id_ia_od_oc_md_datasheet_en.pdf?v=1","{""Type"":""Output Module"",""For Use With/Related Products"":""NX Series"",""Number of Inputs and Type"":""-"",""Number of Outputs and Type"":""16 - Solid State"",""Voltage - Supply"":""-"",""Mounting Type"":""DIN Rail"",""Termination Style"":""Spring Terminal"",""Features"":""-"",""Series"":""NX""}"
"NX-PF0630","POWER SUPPLY MODULE 5-24V","Omron","Power Supplies","76.68","0","POWER SUPPLY MODULE 5-24V","https://www.ia.omron.com/data_pdf/cat/nx-pd_pf_pc_tbx_ds_e_5_2_csm1012828.pdf?id=3193","{""Type"":""Power Supply Module"",""For Use With/Related Products"":""NX Series"",""Number of Inputs and Type"":""-"",""Number of Outputs and Type"":""-"",""Voltage - Supply"":""5 ~ 24VDC"",""Mounting Type"":""DIN Rail"",""Termination Style"":""Spring Terminal"",""Features"":""-"",""Series"":""NX""}"
"NX-PD1000","POWER SUPPLY MODULE 24V","Omron","Power Supplies","104.58","0","POWER SUPPLY MODULE 24V","https://www.ia.omron.com/data_pdf/cat/nx-pd_pf_pc_tbx_ds_e_5_2_csm1012828.pdf?id=3193","{""Type"":""Power Supply Module"",""For Use With/Related Products"":""NX Series"",""Number of Inputs and Type"":""-"",""Number of Outputs and Type"":""-"",""Voltage - Supply"":""24VDC"",""Mounting Type"":""DIN Rail"",""Termination Style"":""Spring Terminal"",""Features"":""-"",""Series"":""NX""}"
"NX-AD4604","INPUT MODULE 8 ANALOG","Omron","I/O Modules","304.82","0","INPUT MODULE 8 ANALOG","https://www.ia.omron.com/data_pdf/cat/nx-ad_da_ds_e_3_4_csm1057422.pdf","{""Type"":""Input Module"",""For Use With/Related Products"":""NX Series"",""Number of Inputs and Type"":""8 - Analog"",""Number of Outputs and Type"":""-"",""Voltage - Supply"":""-"",""Mounting Type"":""DIN Rail"",""Termination Style"":""Spring Terminal"",""Features"":""-"",""Series"":""NX""}"
"NX-TS2201","TEMP CTRL MOD 2 ANALOG","Omron","Temperature Controllers","305","0","TEMP CTRL MOD 2 ANALOG","//mm.digikey.com/Volume0/opasdata/d220001/medias/docus/6155/nxeicdse44csm1055927.pdf","{""Type"":""Temperature Control Module"",""For Use With/Related Products"":""NX Series"",""Number of Inputs and Type"":""2 - Analog"",""Number of Outputs and Type"":""-"",""Voltage - Supply"":""-"",""Mounting Type"":""DIN Rail"",""Termination Style"":""Spring Terminal"",""Features"":""RTD"",""Series"":""NX""}"
"CJ1W-PA205R","POWER SUPPLY MODULE 100-240V","Omron","Power Supplies","501.07","0","POWER SUPPLY MODULE 100-240V","http://www.ia.omron.com/data_pdf/cat/cj1w-pa_pd_ds_e_5_2_csm1612.pdf","{""Type"":""Power Supply Module"",""For Use With/Related Products"":""CJ Series"",""Number of Inputs and Type"":""-"",""Number of Outputs and Type"":""-"",""Voltage - Supply"":""100 ~ 240VAC"",""Mounting Type"":""DIN Rail"",""Termination Style"":""Screw Terminal"",""Features"":""Output Capacity (5VDC, 5A, 25W)"",""Series"":""CJ1W""}"
"CJ1W-MAD42","I/O MODULE 4 ANALOG 2 ANALOG","Omron","I/O Modules","1310.62","0","I/O MODULE 4 ANALOG 2 ANALOG","//mm.digikey.com/Volume0/opasdata/d220001/medias/docus/7138/236_cj1waddamaddse53csm1630.pdf","{""Type"":""Input, Output (I/O) Module"",""For Use With/Related Products"":""CJ Series"",""Number of Inputs and Type"":""4 - Analog"",""Number of Outputs and Type"":""2 - Analog"",""Voltage - Supply"":""-"",""Mounting Type"":""DIN Rail"",""Termination Style"":""Screw Terminal"",""Features"":""-"",""Series"":""CJ1W""}"
"CJ1W-AD081-V1","INPUT MODULE 8 ANALOG","Omron","I/O Modules","1374.23","0","INPUT MODULE 8 ANALOG","https://www.ia.omron.com/data_pdf/cat/cj1w-ad_da_mad_ds_e_5_5_csm1630.pdf","{""Type"":""Input Module"",""For Use With/Related Products"":""CJ Series"",""Number of Inputs and Type"":""8 - Analog"",""Number of Outputs and Type"":""-"",""Voltage - Supply"":""-"",""Mounting Type"":""DIN Rail"",""Termination Style"":""Screw Terminal"",""Features"":""-"",""Series"":""CJ1W""}"
"CJ1W-ETN21","COMMUNICATIONS MODULE","Omron","PLC & Controllers","1813.43","0","COMMUNICATIONS MODULE","//mm.digikey.com/Volume0/opasdata/d220001/medias/docus/3997/CJ1_Programmable_Controllers.pdf","{""Type"":""Communications Module"",""For Use With/Related Products"":""CJ Series"",""Number of Inputs and Type"":""-"",""Number of Outputs and Type"":""-"",""Voltage - Supply"":""-"",""Mounting Type"":""DIN Rail"",""Termination Style"":""RJ45"",""Features"":""-"",""Series"":""CJ1W""}"
"NX102-1020","NX102 SQL CPU 2 AXES OPCUA","Omron","Servo & Motion","3789.82","0","NX102 SQL CPU 2 AXES OPCUA","https://assets.omron.com/m/48d3b30ad8ed1509/original/NX102-Datasheet.pdf","{""Type"":""Motion Control Module"",""For Use With/Related Products"":""NX Series"",""Number of Inputs and Type"":""-"",""Number of Outputs and Type"":""-"",""Voltage - Supply"":""-"",""Mounting Type"":""DIN Rail"",""Termination Style"":""Spring Terminal"",""Features"":""-"",""Series"":""NX""}"
"NX-PC0010","SENSOR PWR DISTRIBUTION MOD","Omron","PLC & Controllers","67.97","0","SENSOR PWR DISTRIBUTION MOD","https://www.ia.omron.com/data_pdf/cat/nx-pd_pf_pc_tbx_ds_e_5_2_csm1012828.pdf?id=3193","{""Type"":""Sensor Power Distribution Module"",""For Use With/Related Products"":""NX Series"",""Number of Inputs and Type"":""-"",""Number of Outputs and Type"":""-"",""Voltage - Supply"":""-"",""Mounting Type"":""DIN Rail"",""Termination Style"":""Spring Terminal"",""Features"":""-"",""Series"":""NX""}"
"NX-PC0030","SENSOR PWR DISTRIBUTION MOD","Omron","PLC & Controllers","67.97","0","SENSOR PWR DISTRIBUTION MOD","https://www.ia.omron.com/data_pdf/cat/nx-pd_pf_pc_tbx_ds_e_5_2_csm1012828.pdf?id=3193","{""Type"":""Sensor Power Distribution Module"",""For Use With/Related Products"":""NX Series"",""Number of Inputs and Type"":""-"",""Number of Outputs and Type"":""-"",""Voltage - Supply"":""-"",""Mounting Type"":""DIN Rail"",""Termination Style"":""Spring Terminal"",""Features"":""-"",""Series"":""NX""}"
"NX-ID4442","INPUT MODULE 8 DIGITAL","Omron","I/O Modules","81.04","0","INPUT MODULE 8 DIGITAL","https://files.omron.eu/downloads/latest/datasheet/en/nx-series_digital_i_o_unit_-_nx-id_ia_od_oc_md_datasheet_en.pdf?v=1","{""Type"":""Input Module"",""For Use With/Related Products"":""NX Series"",""Number of Inputs and Type"":""8 - Digital"",""Number of Outputs and Type"":""-"",""Voltage - Supply"":""-"",""Mounting Type"":""DIN Rail"",""Termination Style"":""Spring Terminal"",""Features"":""-"",""Series"":""NX""}"
"NX-ID4342","INPUT MODULE 8 DIGITAL","Omron","I/O Modules","81.04","0","INPUT MODULE 8 DIGITAL","https://files.omron.eu/downloads/latest/datasheet/en/nx-series_digital_i_o_unit_-_nx-id_ia_od_oc_md_datasheet_en.pdf?v=1","{""Type"":""Input Module"",""For Use With/Related Products"":""NX Series"",""Number of Inputs and Type"":""8 - Digital"",""Number of Outputs and Type"":""-"",""Voltage - Supply"":""-"",""Mounting Type"":""DIN Rail"",""Termination Style"":""Spring Terminal"",""Features"":""-"",""Series"":""NX""}"
"NX-OC2633","OUTPUT MODULE 2 RELAY","Omron","I/O Modules","99.34","0","OUTPUT MODULE 2 RELAY","https://files.omron.eu/downloads/latest/datasheet/en/nx-series_digital_i_o_unit_-_nx-id_ia_od_oc_md_datasheet_en.pdf?v=1","{""Type"":""Output Module"",""For Use With/Related Products"":""NX Series"",""Number of Inputs and Type"":""-"",""Number of Outputs and Type"":""2 - Relay"",""Voltage - Supply"":""-"",""Mounting Type"":""DIN Rail"",""Termination Style"":""Spring Terminal"",""Features"":""-"",""Series"":""NX""}"
"CP1E-E10DT1-D","CONTROL LOGIC 6 IN 4 OUT 24V","Omron","PLC & Controllers","333.76","0","CONTROL LOGIC 6 IN 4 OUT 24V","https://assets.omron.com/m/00c4c2eb278c16b3/original/CP1E-Datasheet.pdf","{""Number of Inputs and Type"":""6 - Digital"",""Number of Outputs and Type"":""4 - Solid State"",""Expandable"":""Non-Expandable"",""Voltage - Supply"":""24VDC"",""Display Type"":""No Display"",""Number of Characters Per Row"":""-"",""Communications"":""USB"",""Memory Size"":""2K Words"",""Mounting Type"":""Chassis Mount, DIN Rail"",""Features"":""-"",""Series"":""CP1E""}"
"CP1L-L14DR-A","CONTROL LOG 8 IN 6 OUT 100-240V","Omron","PLC & Controllers","495.83","0","CONTROL LOG 8 IN 6 OUT 100-240V","https://assets.omron.com/m/403180c254de9134/original/CP1L-Datasheet.pdf","{""Number of Inputs and Type"":""8 - Digital"",""Number of Outputs and Type"":""6 - Relay"",""Expandable"":""1 Module Max"",""Voltage - Supply"":""100 ~ 240VAC"",""Display Type"":""No Display"",""Number of Characters Per Row"":""-"",""Communications"":""USB, Option Cards Available"",""Memory Size"":""32K Words"",""Mounting Type"":""Chassis Mount, DIN Rail"",""Features"":""Battery Backup"",""Series"":""CP1L""}"
"CP1L-L20DR-A","CONTROL LOG 12 IN 8 OUT 100-240V","Omron","PLC & Controllers","569.91","0","CONTROL LOG 12 IN 8 OUT 100-240V","https://assets.omron.com/m/403180c254de9134/original/CP1L-Datasheet.pdf","{""Number of Inputs and Type"":""12 - Digital"",""Number of Outputs and Type"":""8 - Relay"",""Expandable"":""1 Module Max"",""Voltage - Supply"":""100 ~ 240VAC"",""Display Type"":""No Display"",""Number of Characters Per Row"":""-"",""Communications"":""USB, Option Cards Available"",""Memory Size"":""32K Words"",""Mounting Type"":""Chassis Mount, DIN Rail"",""Features"":""Battery Backup"",""Series"":""CP1L""}"
"CP1L-EL20DT1-D","CONTROL LOGIC 12 IN 8 OUT 24V","Omron","PLC & Controllers","598.67","0","CONTROL LOGIC 12 IN 8 OUT 24V","https://assets.omron.com/m/403180c254de9134/original/CP1L-Datasheet.pdf","{""Number of Inputs and Type"":""12 - Digital"",""Number of Outputs and Type"":""8 - Solid State"",""Expandable"":""1 Module Max"",""Voltage - Supply"":""24VDC"",""Display Type"":""No Display"",""Number of Characters Per Row"":""-"",""Communications"":""Ethernet, Option Cards Available"",""Memory Size"":""32K Words"",""Mounting Type"":""Chassis Mount, DIN Rail"",""Features"":""Battery Backup"",""Series"":""CP1L""}"
"CP1L-M30DR-A","CONTROL LOG 18 IN 12OUT 100-240V","Omron","PLC & Controllers","861.84","0","CONTROL LOG 18 IN 12OUT 100-240V","https://assets.omron.com/m/403180c254de9134/original/CP1L-Datasheet.pdf","{""Number of Inputs and Type"":""18 - Digital"",""Number of Outputs and Type"":""12 - Relay"",""Expandable"":""3 Modules Max"",""Voltage - Supply"":""100 ~ 240VAC"",""Display Type"":""No Display"",""Number of Characters Per Row"":""-"",""Communications"":""USB, Option Cards Available"",""Memory Size"":""32K Words"",""Mounting Type"":""Chassis Mount, DIN Rail"",""Features"":""Battery Backup"",""Series"":""CP1L""}"
"CP1L-EM30DT1-D","CONTROL LOGIC 18 IN 12 OUT 24V","Omron","PLC & Controllers","1088.61","0","CONTROL LOGIC 18 IN 12 OUT 24V","https://assets.omron.com/m/403180c254de9134/original/CP1L-Datasheet.pdf","{""Number of Inputs and Type"":""18 - Digital"",""Number of Outputs and Type"":""12 - Solid State"",""Expandable"":""3 Modules Max"",""Voltage - Supply"":""24VDC"",""Display Type"":""No Display"",""Number of Characters Per Row"":""-"",""Communications"":""Ethernet, Option Cards Available"",""Memory Size"":""32K Words"",""Mounting Type"":""Chassis Mount, DIN Rail"",""Features"":""Battery Backup"",""Series"":""CP1L""}"
"CP1H-X40DT-D","CONTROL LOGIC 24 IN 16 OUT 24V","Omron","PLC & Controllers","1132.85","0","CONTROL LOGIC 24 IN 16 OUT 24V","//mm.digikey.com/Volume0/opasdata/d220001/medias/docus/7138/236_cp1hp080e1119csm1004100.pdf","{""Number of Inputs and Type"":""24 - Digital"",""Number of Outputs and Type"":""16 - Pulse (4), Solid State (12)"",""Expandable"":""7 Modules Max"",""Voltage - Supply"":""24VDC"",""Display Type"":""LED - Red Characters"",""Number of Characters Per Row"":""2"",""Communications"":""USB, Option Cards Available"",""Memory Size"":""32K Words"",""Mounting Type"":""Chassis Mount, DIN Rail"",""Features"":""Battery Backup"",""Series"":""CP1H""}"
"NX1P2-1040DT1","PLC CNTRL 40 I/O 6 AXIS PNP","Omron","PLC & Controllers","1924.11","0","PLC CNTRL 40 I/O 6 AXIS PNP","https://assets.omron.com/m/26af8e730226b1c1/original/NX1P-Machine-Automation-Controller-Datasheet.pdf","{""Number of Inputs and Type"":""24 - Digital"",""Number of Outputs and Type"":""16 - Solid State"",""Expandable"":""8 Modules Max"",""Voltage - Supply"":""24VDC"",""Display Type"":""No Display"",""Number of Characters Per Row"":""-"",""Communications"":""RJ45, Option Cards Available"",""Memory Size"":""32KB"",""Mounting Type"":""DIN Rail"",""Features"":""-"",""Series"":""NX""}"
"CS1G-CPU42H","CONTROL LOGIC CPU 64K PROG","Omron","PLC & Controllers","2447.82","0","CONTROL LOGIC CPU 64K PROG","https://assets.omron.com/m/2fb1586732bd7403/original/CS1-Series-Datasheet.pdf","{""Number of Inputs and Type"":""-"",""Number of Outputs and Type"":""-"",""Expandable"":""30 Modules (2 Racks) Max"",""Voltage - Supply"":""-"",""Display Type"":""-"",""Number of Characters Per Row"":""-"",""Communications"":""RS-232C, USB"",""Memory Size"":""64K Words"",""Mounting Type"":""Backplane"",""Features"":""-"",""Series"":""CS1G""}"
"CP1E-E10DT-D","CONTROL LOGIC 6 IN 4 OUT 24V","Omron","PLC & Controllers","333.76","0","CONTROL LOGIC 6 IN 4 OUT 24V","https://assets.omron.com/m/00c4c2eb278c16b3/original/CP1E-Datasheet.pdf","{""Number of Inputs and Type"":""6 - Digital"",""Number of Outputs and Type"":""4 - Solid State"",""Expandable"":""Non-Expandable"",""Voltage - Supply"":""24VDC"",""Display Type"":""No Display"",""Number of Characters Per Row"":""-"",""Communications"":""USB"",""Memory Size"":""2K Words"",""Mounting Type"":""Chassis Mount, DIN Rail"",""Features"":""-"",""Series"":""CP1E""}"
"CS1G-CPU44H","CONTROL LOGIC CPU 64K PROG","Omron","PLC & Controllers","3359.35","0","CONTROL LOGIC CPU 64K PROG","https://assets.omron.com/m/2fb1586732bd7403/original/CS1-Series-Datasheet.pdf","{""Number of Inputs and Type"":""-"",""Number of Outputs and Type"":""-"",""Expandable"":""40 Modules (3 Racks) Max"",""Voltage - Supply"":""-"",""Display Type"":""-"",""Number of Characters Per Row"":""-"",""Communications"":""RS-232C, USB"",""Memory Size"":""64K Words"",""Mounting Type"":""Backplane"",""Features"":""-"",""Series"":""CS1G""}"
"AA065804D","3G3M1-AB002","Omron","Drives & VFDs","462.85","0","3G3M1-AB002","//mm.digikey.com/Volume0/opasdata/d220001/medias/docus/9021/M1-Omron_Datasheet.pdf","{""Mounting Type"":""Chassis Mount"",""Number of Motors"":""1"",""Voltage - Load"":""240V"",""Current - Output"":""1.9A"",""Wattage - Load"":""3700 W"",""Voltage - Supply"":""200 ~ 240VAC"",""Interface"":""-"",""Features"":""-"",""Operating Temperature"":""-10°C ~ 50°C"",""Ingress Protection"":""IP20"",""Approval Agency"":""-"",""Series"":""M1""}"
"AA065806M","3G3M1-AB004","Omron","Drives & VFDs","483.66","0","3G3M1-AB004","//mm.digikey.com/Volume0/opasdata/d220001/medias/docus/9021/M1-Omron_Datasheet.pdf","{""Mounting Type"":""Chassis Mount"",""Number of Motors"":""1"",""Voltage - Load"":""240V"",""Current - Output"":""3.5A"",""Wattage - Load"":""3700 W"",""Voltage - Supply"":""200 ~ 240VAC"",""Interface"":""-"",""Features"":""-"",""Operating Temperature"":""-10°C ~ 50°C"",""Ingress Protection"":""IP20"",""Approval Agency"":""-"",""Series"":""M1""}"
"AA065758G","3G3M1-A2002","Omron","Drives & VFDs","501.89","0","3G3M1-A2002","//mm.digikey.com/Volume0/opasdata/d220001/medias/docus/9021/M1-Omron_Datasheet.pdf","{""Mounting Type"":""Chassis Mount"",""Number of Motors"":""1"",""Voltage - Load"":""240V"",""Current - Output"":""2A"",""Wattage - Load"":""18500 W"",""Voltage - Supply"":""200 ~ 240VAC"",""Interface"":""-"",""Features"":""-"",""Operating Temperature"":""-10°C ~ 50°C"",""Ingress Protection"":""IP20"",""Approval Agency"":""-"",""Series"":""M1""}"
"AA065760R","3G3M1-A2004","Omron","Drives & VFDs","537.33","0","3G3M1-A2004","//mm.digikey.com/Volume0/opasdata/d220001/medias/docus/9021/M1-Omron_Datasheet.pdf","{""Mounting Type"":""Chassis Mount"",""Number of Motors"":""1"",""Voltage - Load"":""240V"",""Current - Output"":""3.5A"",""Wattage - Load"":""18500 W"",""Voltage - Supply"":""200 ~ 240VAC"",""Interface"":""-"",""Features"":""-"",""Operating Temperature"":""-10°C ~ 50°C"",""Ingress Protection"":""IP20"",""Approval Agency"":""-"",""Series"":""M1""}"
"AA065762E","3G3M1-A2007","Omron","Drives & VFDs","557.84","0","3G3M1-A2007","//mm.digikey.com/Volume0/opasdata/d220001/medias/docus/9021/M1-Omron_Datasheet.pdf","{""Mounting Type"":""Chassis Mount"",""Number of Motors"":""1"",""Voltage - Load"":""240V"",""Current - Output"":""6A"",""Wattage - Load"":""18500 W"",""Voltage - Supply"":""200 ~ 240VAC"",""Interface"":""-"",""Features"":""-"",""Operating Temperature"":""-10°C ~ 50°C"",""Ingress Protection"":""IP20"",""Approval Agency"":""-"",""Series"":""M1""}"
"AA065808G","3G3M1-AB007","Omron","Drives & VFDs","563.56","0","3G3M1-AB007","//mm.digikey.com/Volume0/opasdata/d220001/medias/docus/9021/M1-Omron_Datasheet.pdf","{""Mounting Type"":""Chassis Mount"",""Number of Motors"":""1"",""Voltage - Load"":""240V"",""Current - Output"":""6A"",""Wattage - Load"":""3700 W"",""Voltage - Supply"":""200 ~ 240VAC"",""Interface"":""-"",""Features"":""-"",""Operating Temperature"":""-10°C ~ 50°C"",""Ingress Protection"":""IP20"",""Approval Agency"":""-"",""Series"":""M1""}"
"AA065810R","3G3M1-AB015","Omron","Drives & VFDs","635.1","0","3G3M1-AB015","//mm.digikey.com/Volume0/opasdata/d220001/medias/docus/9021/M1-Omron_Datasheet.pdf","{""Mounting Type"":""Chassis Mount"",""Number of Motors"":""1"",""Voltage - Load"":""240V"",""Current - Output"":""9.6A"",""Wattage - Load"":""3700 W"",""Voltage - Supply"":""200 ~ 240VAC"",""Interface"":""-"",""Features"":""-"",""Operating Temperature"":""-10°C ~ 50°C"",""Ingress Protection"":""IP20"",""Approval Agency"":""-"",""Series"":""M1""}"
"AA065764A","3G3M1-A2015","Omron","Drives & VFDs","643.17","0","3G3M1-A2015","//mm.digikey.com/Volume0/opasdata/d220001/medias/docus/9021/M1-Omron_Datasheet.pdf","{""Mounting Type"":""Chassis Mount"",""Number of Motors"":""1"",""Voltage - Load"":""240V"",""Current - Output"":""9.6A"",""Wattage - Load"":""18500 W"",""Voltage - Supply"":""200 ~ 240VAC"",""Interface"":""-"",""Features"":""-"",""Operating Temperature"":""-10°C ~ 50°C"",""Ingress Protection"":""IP20"",""Approval Agency"":""-"",""Series"":""M1""}"
"AA065805B","3G3M1-AB002-ECT","Omron","Drives & VFDs","687.41","0","3G3M1-AB002-ECT","//mm.digikey.com/Volume0/opasdata/d220001/medias/docus/9021/M1-Omron_Datasheet.pdf","{""Mounting Type"":""Chassis Mount"",""Number of Motors"":""1"",""Voltage - Load"":""240V"",""Current - Output"":""1.9A"",""Wattage - Load"":""3700 W"",""Voltage - Supply"":""200 ~ 240VAC"",""Interface"":""-"",""Features"":""-"",""Operating Temperature"":""-10°C ~ 50°C"",""Ingress Protection"":""IP20"",""Approval Agency"":""-"",""Series"":""M1""}"
"AA065807R","3G3M1-AB004-ECT","Omron","Drives & VFDs","707.43","0","3G3M1-AB004-ECT","//mm.digikey.com/Volume0/opasdata/d220001/medias/docus/9021/M1-Omron_Datasheet.pdf","{""Mounting Type"":""Chassis Mount"",""Number of Motors"":""1"",""Voltage - Load"":""240V"",""Current - Output"":""3.5A"",""Wattage - Load"":""3700 W"",""Voltage - Supply"":""200 ~ 240VAC"",""Interface"":""-"",""Features"":""-"",""Operating Temperature"":""-10°C ~ 50°C"",""Ingress Protection"":""IP20"",""Approval Agency"":""-"",""Series"":""M1""}"
"AA065766H","3G3M1-A2022","Omron","Drives & VFDs","719.42","0","3G3M1-A2022","//mm.digikey.com/Volume0/opasdata/d220001/medias/docus/9021/M1-Omron_Datasheet.pdf","{""Mounting Type"":""Chassis Mount"",""Number of Motors"":""1"",""Voltage - Load"":""240V"",""Current - Output"":""12A"",""Wattage - Load"":""18500 W"",""Voltage - Supply"":""200 ~ 240VAC"",""Interface"":""-"",""Features"":""-"",""Operating Temperature"":""-10°C ~ 50°C"",""Ingress Protection"":""IP20"",""Approval Agency"":""-"",""Series"":""M1""}"
"AA065812E","3G3M1-AB022","Omron","Drives & VFDs","735.37","0","3G3M1-AB022","//mm.digikey.com/Volume0/opasdata/d220001/medias/docus/9021/M1-Omron_Datasheet.pdf","{""Mounting Type"":""Chassis Mount"",""Number of Motors"":""1"",""Voltage - Load"":""240V"",""Current - Output"":""12A"",""Wattage - Load"":""3700 W"",""Voltage - Supply"":""200 ~ 240VAC"",""Interface"":""-"",""Features"":""-"",""Operating Temperature"":""-10°C ~ 50°C"",""Ingress Protection"":""IP20"",""Approval Agency"":""-"",""Series"":""M1""}"
"AA065759E","3G3M1-A2002-ECT","Omron","Drives & VFDs","767.17","0","3G3M1-A2002-ECT","//mm.digikey.com/Volume0/opasdata/d220001/medias/docus/9021/M1-Omron_Datasheet.pdf","{""Mounting Type"":""Chassis Mount"",""Number of Motors"":""1"",""Voltage - Load"":""240V"",""Current - Output"":""2A"",""Wattage - Load"":""18500 W"",""Voltage - Supply"":""200 ~ 240VAC"",""Interface"":""-"",""Features"":""-"",""Operating Temperature"":""-10°C ~ 50°C"",""Ingress Protection"":""IP20"",""Approval Agency"":""-"",""Series"":""M1""}"
"AA065761G","3G3M1-A2004-ECT","Omron","Drives & VFDs","819.14","0","3G3M1-A2004-ECT","//mm.digikey.com/Volume0/opasdata/d220001/medias/docus/9021/M1-Omron_Datasheet.pdf","{""Mounting Type"":""Chassis Mount"",""Number of Motors"":""1"",""Voltage - Load"":""240V"",""Current - Output"":""3.5A"",""Wattage - Load"":""18500 W"",""Voltage - Supply"":""200 ~ 240VAC"",""Interface"":""-"",""Features"":""-"",""Operating Temperature"":""-10°C ~ 50°C"",""Ingress Protection"":""IP20"",""Approval Agency"":""-"",""Series"":""M1""}"
"AA065809E","3G3M1-AB007-ECT","Omron","Drives & VFDs","845.29","0","3G3M1-AB007-ECT","//mm.digikey.com/Volume0/opasdata/d220001/medias/docus/9021/M1-Omron_Datasheet.pdf","{""Mounting Type"":""Chassis Mount"",""Number of Motors"":""1"",""Voltage - Load"":""240V"",""Current - Output"":""5.3A"",""Wattage - Load"":""3700 W"",""Voltage - Supply"":""200 ~ 240VAC"",""Interface"":""-"",""Features"":""-"",""Operating Temperature"":""-10°C ~ 50°C"",""Ingress Protection"":""IP20"",""Approval Agency"":""-"",""Series"":""M1""}"
"AA065763C","3G3M1-A2007-ECT","Omron","Drives & VFDs","845.29","0","3G3M1-A2007-ECT","//mm.digikey.com/Volume0/opasdata/d220001/medias/docus/9021/M1-Omron_Datasheet.pdf","{""Mounting Type"":""Chassis Mount"",""Number of Motors"":""1"",""Voltage - Load"":""240V"",""Current - Output"":""6A"",""Wattage - Load"":""18500 W"",""Voltage - Supply"":""200 ~ 240VAC"",""Interface"":""-"",""Features"":""-"",""Operating Temperature"":""-10°C ~ 50°C"",""Ingress Protection"":""IP20"",""Approval Agency"":""-"",""Series"":""M1""}"
"AA068007D","3G3M1-A4004","Omron","Drives & VFDs","853.5","0","3G3M1-A4004","//mm.digikey.com/Volume0/opasdata/d220001/medias/docus/9021/M1-Omron_Datasheet.pdf","{""Mounting Type"":""Chassis Mount"",""Number of Motors"":""1"",""Voltage - Load"":""400V"",""Current - Output"":""2.1A"",""Wattage - Load"":""22000 W"",""Voltage - Supply"":""400VAC"",""Interface"":""-"",""Features"":""-"",""Operating Temperature"":""-10°C ~ 50°C"",""Ingress Protection"":""IP20"",""Approval Agency"":""-"",""Series"":""M1""}"
"AA065768D","3G3M1-A2037","Omron","Drives & VFDs","858.34","0","3G3M1-A2037","//mm.digikey.com/Volume0/opasdata/d220001/medias/docus/9021/M1-Omron_Datasheet.pdf","{""Mounting Type"":""Chassis Mount"",""Number of Motors"":""1"",""Voltage - Load"":""240V"",""Current - Output"":""9.6A"",""Wattage - Load"":""18500 W"",""Voltage - Supply"":""200 ~ 240VAC"",""Interface"":""-"",""Features"":""-"",""Operating Temperature"":""-10°C ~ 50°C"",""Ingress Protection"":""IP20"",""Approval Agency"":""-"",""Series"":""M1""}"
"AA068008B","3G3M1-A4007","Omron","Drives & VFDs","869.62","0","3G3M1-A4007","//mm.digikey.com/Volume0/opasdata/d220001/medias/docus/9021/M1-Omron_Datasheet.pdf","{""Mounting Type"":""Chassis Mount"",""Number of Motors"":""1"",""Voltage - Load"":""400V"",""Current - Output"":""4.1A"",""Wattage - Load"":""22000 W"",""Voltage - Supply"":""400VAC"",""Interface"":""-"",""Features"":""-"",""Operating Temperature"":""-10°C ~ 50°C"",""Ingress Protection"":""IP20"",""Approval Agency"":""-"",""Series"":""M1""}"
"NB10W-TW01B","HMI TOUCHSCREEN 10.1"" COLOR","Omron","HMI & Visualization","1934.57","0","HMI TOUCHSCREEN 10.1"" COLOR","https://www.ia.omron.com/data_pdf/cat/nb_v412-e1_11_5_csm1002572.pdf","{""Type"":""Touchscreen"",""Size - Display"":""10.1\"""",""Display Type"":""Color"",""Case Color"":""Black"",""Operating Temperature"":""0°C ~ 50°C"",""Ingress Protection"":""IP65 - Dust Tight, Water Resistant"",""Voltage - Supply"":""24VDC"",""Features"":""Memory Card Interface"",""For Use With/Related Products"":""Multiple Manufacturer, Multiple Product"",""Series"":""NB""}"
"NB5Q-TW01B","HMI TOUCHSCREEN 5.6"" COLOR","Omron","HMI & Visualization","861.84","0","HMI TOUCHSCREEN 5.6"" COLOR","https://www.ia.omron.com/data_pdf/cat/nb_v412-e1_11_5_csm1002572.pdf","{""Type"":""Touchscreen"",""Size - Display"":""5.6\"""",""Display Type"":""Color"",""Case Color"":""Black"",""Operating Temperature"":""0°C ~ 50°C"",""Ingress Protection"":""IP65 - Dust Tight, Water Resistant"",""Voltage - Supply"":""24VDC"",""Features"":""Memory Card Interface"",""For Use With/Related Products"":""Multiple Manufacturer, Multiple Product"",""Series"":""NB""}"
"NB7W-TW01B-V1","NB-V1 HMI,7 TFT WVGA, ETHNT","Omron","HMI & Visualization","1189.49","0","NB-V1 HMI,7 TFT WVGA, ETHNT","https://assets.omron.com/m/6727fe7993b757d2/original/NA-V1-Series-Programmable-Terminal-Datasheet.pdf","{""Type"":""Touchscreen"",""Size - Display"":""7.0\"""",""Display Type"":""Color"",""Case Color"":""Black"",""Operating Temperature"":""0°C ~ 50°C"",""Ingress Protection"":""IP65 - Dust Tight, Oil and Water Resistant"",""Voltage - Supply"":""24VDC"",""Features"":""Memory Card Interface"",""For Use With/Related Products"":""Multiple Manufacturer, Multiple Product"",""Series"":""NB""}"
"NA5-12W101B-V1","SYSMAC NA HMI, 12"", BLACK","Omron","HMI & Visualization","3883.06","0","SYSMAC NA HMI, 12"", BLACK","https://assets.omron.com/m/6727fe7993b757d2/original/NA-V1-Series-Programmable-Terminal-Datasheet.pdf","{""Type"":""Touchscreen"",""Size - Display"":""12.1\"""",""Display Type"":""Color"",""Case Color"":""Black"",""Operating Temperature"":""0°C ~ 50°C"",""Ingress Protection"":""IP65 - Dust Tight, Oil and Water Resistant; NEMA 4X"",""Voltage - Supply"":""24VDC"",""Features"":""-"",""For Use With/Related Products"":""Multiple Manufacturer, Multiple Product"",""Series"":""NA""}"
"NA5-15W101B-V1","SYSMAC NA HMI, 15"", BLACK","Omron","HMI & Visualization","5372.33","0","SYSMAC NA HMI, 15"", BLACK","https://assets.omron.com/m/6727fe7993b757d2/original/NA-V1-Series-Programmable-Terminal-Datasheet.pdf","{""Type"":""Touchscreen"",""Size - Display"":""15.4\"""",""Display Type"":""Color"",""Case Color"":""Black"",""Operating Temperature"":""0°C ~ 50°C"",""Ingress Protection"":""IP65 - Dust Tight, Oil and Water Resistant; NEMA 4X"",""Voltage - Supply"":""24VDC"",""Features"":""Memory Card Interface"",""For Use With/Related Products"":""Multiple Manufacturer, Multiple Product"",""Series"":""NA""}"
"NB-ATT01","MOUNTING CLIP NB HMI SPARE 10PC","Omron","HMI & Visualization","33.46","0","MOUNTING CLIP NB HMI SPARE 10PC","//mm.digikey.com/Volume0/opasdata/d220001/medias/docus/5883/v412nbserieshmidatasheeten.pdf","{""Accessory Type"":""Mounting Clip"",""For Use With/Related Products"":""-"",""Series"":""NB""}"
"NV-BAT01","BATTERY FOR NV3Q","Omron","HMI & Visualization","47.05","0","BATTERY FOR NV3Q","https://www.ia.omron.com:443/data_pdf/cat/nv_v410-e1_7_10_csm2116.pdf","{""Accessory Type"":""Battery"",""For Use With/Related Products"":""NV3Q Series"",""Specifications"":""-"",""Series"":""NV""}"
"NS12-KBA04","PROTECTIVE SHEET FITS 12.1"" SCRN","Omron","HMI & Visualization","144.65","0","PROTECTIVE SHEET FITS 12.1"" SCRN","//mm.digikey.com/Volume0/opasdata/d220001/medias/docus/7957/NS_HMI_Datassheet_en_201609_V405I-E-15_tcm849-116230pdf.PDF","{""Accessory Type"":""Protective Sheet"",""For Use With/Related Products"":""NS Series"",""Specifications"":""Fits 12.1\"" Screen"",""Series"":""NS""}"
"NB5Q-TW00B-V1","NB-V1 HMI,5.6 TFT QVGA,2SERIAL","Omron","HMI & Visualization","976","0","NB-V1 HMI,5.6 TFT QVGA,2SERIAL","https://assets.omron.com/m/6727fe7993b757d2/original/NA-V1-Series-Programmable-Terminal-Datasheet.pdf","{""Type"":""Touchscreen"",""Size - Display"":""5.7\"""",""Display Type"":""Color"",""Case Color"":""Black"",""Operating Temperature"":""0°C ~ 50°C"",""Ingress Protection"":""IP65 - Dust Tight, Oil and Water Resistant"",""Voltage - Supply"":""24VDC"",""Features"":""-"",""For Use With/Related Products"":""Multiple Manufacturer, Multiple Product"",""Series"":""NB""}"
"NB7W-TW00B-V1","NB-V1 HMI,7 TFT WVGA,2SERIAL","Omron","HMI & Visualization","1072.73","0","NB-V1 HMI,7 TFT WVGA,2SERIAL","https://assets.omron.com/m/6727fe7993b757d2/original/NA-V1-Series-Programmable-Terminal-Datasheet.pdf","{""Type"":""Touchscreen"",""Size - Display"":""7.0\"""",""Display Type"":""Color"",""Case Color"":""Black"",""Operating Temperature"":""0°C ~ 50°C"",""Ingress Protection"":""IP65 - Dust Tight, Oil and Water Resistant"",""Voltage - Supply"":""24VDC"",""Features"":""-"",""For Use With/Related Products"":""Multiple Manufacturer, Multiple Product"",""Series"":""NB""}"
"NB10W-TW01B-V1","NB-V1 HMI,10.1 TFT QVGA,ETHNT","Omron","HMI & Visualization","2551.28","0","NB-V1 HMI,10.1 TFT QVGA,ETHNT","https://assets.omron.com/m/6727fe7993b757d2/original/NA-V1-Series-Programmable-Terminal-Datasheet.pdf","{""Type"":""Touchscreen"",""Size - Display"":""10.1\"""",""Display Type"":""Color"",""Case Color"":""Black"",""Operating Temperature"":""0°C ~ 50°C"",""Ingress Protection"":""IP65 - Dust Tight, Oil and Water Resistant"",""Voltage - Supply"":""24VDC"",""Features"":""Memory Card Interface"",""For Use With/Related Products"":""Multiple Manufacturer, Multiple Product"",""Series"":""NB""}"
"NA5-7W001S-V1","SYSMAC NA HMI, 7"", SILVER","Omron","HMI & Visualization","2657.51","0","SYSMAC NA HMI, 7"", SILVER","https://assets.omron.com/m/6727fe7993b757d2/original/NA-V1-Series-Programmable-Terminal-Datasheet.pdf","{""Type"":""Touchscreen"",""Size - Display"":""7.0\"""",""Display Type"":""Color"",""Case Color"":""Silver"",""Operating Temperature"":""0°C ~ 50°C"",""Ingress Protection"":""IP65 - Dust Tight, Oil and Water Resistant; NEMA 4X"",""Voltage - Supply"":""24VDC"",""Features"":""Memory Card Interface"",""For Use With/Related Products"":""Multiple Manufacturer, Multiple Product"",""Series"":""NA""}"
"NA5-9W001S-V1","SYSMAC NA HMI, 9"", SILVER","Omron","HMI & Visualization","3292.24","0","SYSMAC NA HMI, 9"", SILVER","https://assets.omron.com/m/6727fe7993b757d2/original/NA-V1-Series-Programmable-Terminal-Datasheet.pdf","{""Type"":""Touchscreen"",""Size - Display"":""9.0\"""",""Display Type"":""Color"",""Case Color"":""Silver"",""Operating Temperature"":""0°C ~ 50°C"",""Ingress Protection"":""IP65 - Dust Tight, Oil and Water Resistant; NEMA 4X"",""Voltage - Supply"":""24VDC"",""Features"":""Memory Card Interface"",""For Use With/Related Products"":""Multiple Manufacturer, Multiple Product"",""Series"":""NA""}"
"NA5-12W101S-V1","SYSMAC NA HMI, 12"", SILVER","Omron","HMI & Visualization","3883.06","0","SYSMAC NA HMI, 12"", SILVER","https://assets.omron.com/m/6727fe7993b757d2/original/NA-V1-Series-Programmable-Terminal-Datasheet.pdf","{""Type"":""Touchscreen"",""Size - Display"":""12.1\"""",""Display Type"":""Color"",""Case Color"":""Black"",""Operating Temperature"":""0°C ~ 50°C"",""Ingress Protection"":""IP65 - Dust Tight, Oil and Water Resistant; NEMA 4X"",""Voltage - Supply"":""24VDC"",""Features"":""-"",""For Use With/Related Products"":""Multiple Manufacturer, Multiple Product"",""Series"":""NA""}"
"NB5Q-KBA04","PROTECTIVE SHEET NB5 HMI","Omron","HMI & Visualization","43.44","0","PROTECTIVE SHEET NB5 HMI","https://www.ia.omron.com/data_pdf/cat/nb_v412-e1_11_5_csm1002572.pdf","{""Accessory Type"":""Protective Sheet"",""For Use With/Related Products"":""NB Series Operator Interface Terminals"",""Series"":""NB""}"
"XW2Z-200T-2","CABLE ASSEMBLY INTERFACE 2M","Omron","HMI & Visualization","186.55","0","CABLE ASSEMBLY INTERFACE 2M","//mm.digikey.com/Volume0/opasdata/d220001/medias/docus/4819/NT-Series.pdf","{""Accessory Type"":""Cable Assembly"",""For Use With/Related Products"":""Multiple Series"",""Specifications"":""Interface, 6.56' (2.00m)"",""Series"":""XW2Z""}"
"NB3Q-TW00B-V1","NB-V1 HMI,3.5 TFT QVGA,1SERIAL","Omron","HMI & Visualization","675.35","0","NB-V1 HMI,3.5 TFT QVGA,1SERIAL","https://assets.omron.com/m/6727fe7993b757d2/original/NA-V1-Series-Programmable-Terminal-Datasheet.pdf","{""Type"":""Touchscreen"",""Size - Display"":""3.5\"""",""Display Type"":""Color"",""Case Color"":""Black"",""Operating Temperature"":""0°C ~ 50°C"",""Ingress Protection"":""IP65 - Dust Tight, Oil and Water Resistant"",""Voltage - Supply"":""24VDC"",""Features"":""Memory Card Interface"",""For Use With/Related Products"":""Multiple Manufacturer, Multiple Product"",""Series"":""NB""}"
"NSH5-232CW-3M","CABLE ASSEMBLY COMMUNICATIONS 3M","Omron","HMI & Visualization","830.46","0","CABLE ASSEMBLY COMMUNICATIONS 3M","//mm.digikey.com/Volume0/opasdata/d220001/medias/docus/7957/NS_HMI_Datassheet_en_201609_V405I-E-15_tcm849-116230pdf.PDF","{""Accessory Type"":""Cable Assembly"",""For Use With/Related Products"":""NSH5 Series"",""Specifications"":""Communications, 9.84' (3.00m)"",""Series"":""NSH5""}"
"NA5-15W101S-V1","SYSMAC NA HMI, 15"", SILVER","Omron","HMI & Visualization","5372.33","0","SYSMAC NA HMI, 15"", SILVER","https://assets.omron.com/m/6727fe7993b757d2/original/NA-V1-Series-Programmable-Terminal-Datasheet.pdf","{""Type"":""Touchscreen"",""Size - Display"":""15.4\"""",""Display Type"":""Color"",""Case Color"":""Silver"",""Operating Temperature"":""0°C ~ 50°C"",""Ingress Protection"":""IP65 - Dust Tight, Oil and Water Resistant; NEMA 4X"",""Voltage - Supply"":""24VDC"",""Features"":""Memory Card Interface"",""For Use With/Related Products"":""Multiple Manufacturer, Multiple Product"",""Series"":""NA""}"
"NA5-7W001B-V2","TOUCH SCREEN HMI, 7 INCH WIDE SC","Omron","HMI & Visualization","2507.08","0","TOUCH SCREEN HMI, 7 INCH WIDE SC","https://www.ia.omron.com/data_pdf/cat/na_v457-e1_3_8_csm1100516.pdf?id=3405","{""Type"":""Touchscreen"",""Size - Display"":""7.0\"""",""Display Type"":""Color"",""Case Color"":""Black"",""Operating Temperature"":""0°C ~ 50°C"",""Ingress Protection"":""IP65 - Dust Tight, Water Resistant; NEMA 4X"",""Voltage - Supply"":""24VDC"",""Features"":""Expansion Interface"",""For Use With/Related Products"":""Multiple Manufacturer, Multiple Product"",""Series"":""-""}"
"R88D-KT15H","SERVO DRIVER 9.4A 230V LOAD","Omron","Servo & Motion","2456","0","SERVO DRIVER 9.4A 230V LOAD","//mm.digikey.com/Volume0/opasdata/d220001/medias/docus/6478/G5%20Series.pdf","{""Type"":""Module"",""Motor Type"":""Servo"",""Control / Drive Type"":""Servo AC"",""Number of Motors"":""1"",""Voltage - Load"":""230V"",""Current - Output"":""9.4A"",""Wattage - Load"":""1.5 kW"",""Voltage - Supply"":""200 ~ 230VAC"",""Interface"":""Serial, USB"",""Mounting Type"":""Chassis Mount"",""Operating Temperature"":""0°C ~ 55°C"",""Features"":""-"",""For Use With/Related Products"":""Accurax G5 Series"",""Series"":""Accurax G5""}"
"R7D-BP02L","SERVO DRIVER 2.5A 100V LOAD","Omron","Servo & Motion","1236.29","0","SERVO DRIVER 2.5A 100V LOAD","https://assets.omron.com/m/3f8f532258f91a46/original/G-Series-Servomotors-Datasheet.pdf","{""Type"":""Module"",""Motor Type"":""Servo"",""Control / Drive Type"":""Servo AC"",""Number of Motors"":""1"",""Voltage - Load"":""100V"",""Current - Output"":""2.5A"",""Wattage - Load"":""200 W"",""Voltage - Supply"":""100VAC"",""Interface"":""Serial"",""Mounting Type"":""Chassis Mount"",""Operating Temperature"":""0°C ~ 55°C"",""Features"":""-"",""For Use With/Related Products"":""OMNUC G Series"",""Series"":""Smartstep 2""}"
"R88M-G20030L-S2","SERVOMOTOR 3000 RPM 100V","Omron","Servo & Motion","1236.29","0","SERVOMOTOR 3000 RPM 100V","https://assets.omron.com/m/3f8f532258f91a46/original/G-Series-Servomotors-Datasheet.pdf","{""Type"":""AC Motor"",""Function"":""Servomotor"",""Motor Type"":""-"",""Voltage - Rated"":""100VAC"",""RPM"":""3000 RPM"",""Torque - Rated (oz-in / mNm)"":""90.65 / 640"",""Power - Rated"":""200W"",""Encoder Type"":""Incremental"",""Size / Dimension"":""Square - 2.362\"" x 2.362\"" (60.00mm x 60.00mm)"",""Diameter - Shaft"":""0.433\"" (11.00mm)"",""Length - Shaft and Bearing"":""1.181\"" (30.00mm)"",""Mounting Hole Spacing"":""2.756\"" (70.00mm)"",""Termination Style"":""Cable with Connector"",""Features"":""Key"",""Gear Reduction Ratio"":""-"",""Torque - Max Momentary (oz-in / mNm)"":""252.1 / 1780"",""Operating Temperature"":""0°C ~ 40°C"",""Series"":""OMNUC G""}"
"R88M-K40030H-BS2","SERVOMOTOR 3000 RPM 230V","Omron","Servo & Motion","1516.08","0","SERVOMOTOR 3000 RPM 230V","//mm.digikey.com/Volume0/opasdata/d220001/medias/docus/6478/G5%20Series.pdf","{""Type"":""AC Motor"",""Function"":""Servomotor"",""Motor Type"":""-"",""Voltage - Rated"":""230VAC"",""RPM"":""3000 RPM"",""Torque - Rated (oz-in / mNm)"":""184.1 / 1300"",""Power - Rated"":""400W"",""Encoder Type"":""Incremental"",""Size / Dimension"":""Square - 2.362\"" x 2.362\"" (60.00mm x 60.00mm)"",""Diameter - Shaft"":""0.433\"" (11.00mm)"",""Length - Shaft and Bearing"":""1.181\"" (30.00mm)"",""Mounting Hole Spacing"":""2.756\"" (70.00mm)"",""Termination Style"":""Connector"",""Features"":""Brake, Key"",""Gear Reduction Ratio"":""-"",""Torque - Max Momentary (oz-in / mNm)"":""538.1 / 3800"",""Operating Temperature"":""0°C ~ 40°C"",""Series"":""Accurax G5""}"
"R88D-KN04H-ECT","SERVO DRIVER 2.6A 240V LOAD","Omron","Servo & Motion","1617.65","0","SERVO DRIVER 2.6A 240V LOAD","//mm.digikey.com/Volume0/opasdata/d220001/medias/docus/6478/G5%20Series.pdf","{""Type"":""Module"",""Motor Type"":""Servo"",""Control / Drive Type"":""Servo AC"",""Number of Motors"":""1"",""Voltage - Load"":""240V"",""Current - Output"":""2.6A"",""Wattage - Load"":""400 W"",""Voltage - Supply"":""200 ~ 240VAC"",""Interface"":""EtherCAT, USB"",""Mounting Type"":""Chassis Mount"",""Operating Temperature"":""0°C ~ 55°C"",""Features"":""-"",""For Use With/Related Products"":""Accurax G5 Series"",""Series"":""Accurax G5""}"
"R7A-CLB002S2","CABLE SERVOMOTOR FOR CNA 1-PH 2M","Omron","Servo & Motion","63.71","0","CABLE SERVOMOTOR FOR CNA 1-PH 2M","https://assets.omron.com/m/3f8f532258f91a46/original/G-Series-Servomotors-Datasheet.pdf","{""Accessory Type"":""Cable Assembly"",""For Use With/Related Products"":""SMARTSTEP Series"",""Usage"":""Motor"",""Specifications"":""2 Meters"",""Series"":""-""}"
"R7A-CAB003S","CABLE SERVOMOTOR FOR CNB 3M","Omron","Servo & Motion","91.84","0","CABLE SERVOMOTOR FOR CNB 3M","https://assets.omron.com/m/3f8f532258f91a46/original/G-Series-Servomotors-Datasheet.pdf","{""Accessory Type"":""Cable Assembly"",""For Use With/Related Products"":""SMARTSTEP2 Series"",""Usage"":""Motor"",""Specifications"":""3 Meters"",""Series"":""-""}"
"R88A-CPG001S","CABLE UNIVERSAL G-SERVO 1M","Omron","Servo & Motion","261.22","0","CABLE UNIVERSAL G-SERVO 1M","//mm.digikey.com/Volume0/opasdata/d220001/medias/docus/6478/G5%20Series.pdf","{""Accessory Type"":""Cable Assembly"",""For Use With/Related Products"":""Accurax G5 Series"",""Usage"":""Control"",""Specifications"":""1 Meter"",""Series"":""-""}"
"R88M-K10030L","SERVOMOTOR 3000 RPM 120V","Omron","Servo & Motion","892.25","0","SERVOMOTOR 3000 RPM 120V","//mm.digikey.com/Volume0/opasdata/d220001/medias/docus/6478/G5%20Series.pdf","{""Type"":""AC Motor"",""Function"":""Servomotor"",""Motor Type"":""-"",""Voltage - Rated"":""120VAC"",""RPM"":""3000 RPM"",""Torque - Rated (oz-in / mNm)"":""45.32 / 320"",""Power - Rated"":""100W"",""Encoder Type"":""Incremental"",""Size / Dimension"":""Square - 1.575\"" x 1.575\"" (40.00mm x 40.00mm)"",""Diameter - Shaft"":""0.315\"" (8.00mm)"",""Length - Shaft and Bearing"":""0.984\"" (25.00mm)"",""Mounting Hole Spacing"":""1.811\"" (46.00mm)"",""Termination Style"":""Connector"",""Features"":""-"",""Gear Reduction Ratio"":""-"",""Torque - Max Momentary (oz-in / mNm)"":""134.5 / 950"",""Operating Temperature"":""0°C ~ 40°C"",""Series"":""Accurax G5""}"
"R88M-K40030H-S2","SERVOMOTOR 3000 RPM 230V","Omron","Servo & Motion","1043.55","0","SERVOMOTOR 3000 RPM 230V","//mm.digikey.com/Volume0/opasdata/d220001/medias/docus/6478/G5%20Series.pdf","{""Type"":""AC Motor"",""Function"":""Servomotor"",""Motor Type"":""-"",""Voltage - Rated"":""230VAC"",""RPM"":""3000 RPM"",""Torque - Rated (oz-in / mNm)"":""184.1 / 1300"",""Power - Rated"":""400W"",""Encoder Type"":""Incremental"",""Size / Dimension"":""Square - 2.362\"" x 2.362\"" (60.00mm x 60.00mm)"",""Diameter - Shaft"":""0.433\"" (11.00mm)"",""Length - Shaft and Bearing"":""1.181\"" (30.00mm)"",""Mounting Hole Spacing"":""2.756\"" (70.00mm)"",""Termination Style"":""Connector"",""Features"":""Key"",""Gear Reduction Ratio"":""-"",""Torque - Max Momentary (oz-in / mNm)"":""538.1 / 3800"",""Operating Temperature"":""0°C ~ 40°C"",""Series"":""Accurax G5""}"
"R88M-K75030H-S2","SERVOMOTOR 3000 RPM 230V","Omron","Servo & Motion","1350.28","0","SERVOMOTOR 3000 RPM 230V","//mm.digikey.com/Volume0/opasdata/d220001/medias/docus/6478/G5%20Series.pdf","{""Type"":""AC Motor"",""Function"":""Servomotor"",""Motor Type"":""-"",""Voltage - Rated"":""230VAC"",""RPM"":""3000 RPM"",""Torque - Rated (oz-in / mNm)"":""339.9 / 2400"",""Power - Rated"":""750W"",""Encoder Type"":""Incremental"",""Size / Dimension"":""Square - 3.150\"" x 3.150\"" (80.00mm x 80.00mm)"",""Diameter - Shaft"":""0.748\"" (19.00mm)"",""Length - Shaft and Bearing"":""1.378\"" (35.00mm)"",""Mounting Hole Spacing"":""3.543\"" (90.00mm)"",""Termination Style"":""Connector"",""Features"":""Key"",""Gear Reduction Ratio"":""-"",""Torque - Max Momentary (oz-in / mNm)"":""1005 / 7100"",""Operating Temperature"":""0°C ~ 40°C"",""Series"":""Accurax G5""}"
"R88D-KN01L-ECT","SERVO DRIVER 1.7A 120V LOAD","Omron","Servo & Motion","1641.48","0","SERVO DRIVER 1.7A 120V LOAD","//mm.digikey.com/Volume0/opasdata/d220001/medias/docus/6478/G5%20Series.pdf","{""Type"":""Module"",""Motor Type"":""Servo"",""Control / Drive Type"":""Servo AC"",""Number of Motors"":""1"",""Voltage - Load"":""120V"",""Current - Output"":""1.7A"",""Wattage - Load"":""100 W"",""Voltage - Supply"":""100 ~ 120VAC"",""Interface"":""EtherCAT, USB"",""Mounting Type"":""Chassis Mount"",""Operating Temperature"":""0°C ~ 55°C"",""Features"":""-"",""For Use With/Related Products"":""Accurax G5 Series"",""Series"":""Accurax G5""}"
"R88M-K75030T-S2","SERVOMOTOR 3000 RPM 230V","Omron","Servo & Motion","1696.41","0","SERVOMOTOR 3000 RPM 230V","//mm.digikey.com/Volume0/opasdata/d220001/medias/docus/6478/G5%20Series.pdf","{""Type"":""AC Motor"",""Function"":""Servomotor"",""Motor Type"":""-"",""Voltage - Rated"":""230VAC"",""RPM"":""3000 RPM"",""Torque - Rated (oz-in / mNm)"":""339.9 / 2400"",""Power - Rated"":""750W"",""Encoder Type"":""Absolute"",""Size / Dimension"":""Square - 3.150\"" x 3.150\"" (80.00mm x 80.00mm)"",""Diameter - Shaft"":""0.748\"" (19.00mm)"",""Length - Shaft and Bearing"":""1.378\"" (35.00mm)"",""Mounting Hole Spacing"":""3.543\"" (90.00mm)"",""Termination Style"":""Connector"",""Features"":""Key"",""Gear Reduction Ratio"":""-"",""Torque - Max Momentary (oz-in / mNm)"":""1005 / 7100"",""Operating Temperature"":""0°C ~ 40°C"",""Series"":""Accurax G5""}"
"R88D-KT08H","SERVO DRIVER 4.1A 230V LOAD","Omron","Servo & Motion","1958.58","0","SERVO DRIVER 4.1A 230V LOAD","//mm.digikey.com/Volume0/opasdata/d220001/medias/docus/6478/G5%20Series.pdf","{""Type"":""Module"",""Motor Type"":""Servo"",""Control / Drive Type"":""Servo AC"",""Number of Motors"":""1"",""Voltage - Load"":""230V"",""Current - Output"":""4.1A"",""Wattage - Load"":""750 W"",""Voltage - Supply"":""200 ~ 230VAC"",""Interface"":""Serial, USB"",""Mounting Type"":""Chassis Mount"",""Operating Temperature"":""0°C ~ 55°C"",""Features"":""-"",""For Use With/Related Products"":""Accurax G5 Series"",""Series"":""Accurax G5""}"
"R88D-KT15F","SERVO DRIVER 4.7A 480V LOAD","Omron","Servo & Motion","2435.28","0","SERVO DRIVER 4.7A 480V LOAD","//mm.digikey.com/Volume0/opasdata/d220001/medias/docus/6478/G5%20Series.pdf","{""Type"":""Module"",""Motor Type"":""Servo"",""Control / Drive Type"":""Servo AC"",""Number of Motors"":""1"",""Voltage - Load"":""480V"",""Current - Output"":""4.7A"",""Wattage - Load"":""1.5 kW"",""Voltage - Supply"":""380 ~ 480VAC"",""Interface"":""Serial, USB"",""Mounting Type"":""Chassis Mount"",""Operating Temperature"":""0°C ~ 55°C"",""Features"":""-"",""For Use With/Related Products"":""Accurax G5 Series"",""Series"":""Accurax G5""}"
"R88D-KN75F-ECT","SERVO DRIVER 22A 480V LOAD","Omron","Servo & Motion","8215.69","0","SERVO DRIVER 22A 480V LOAD","https://files.omron.eu/downloads/latest/datasheet/en/i101e_r88d-k_accurax_g5_rotary_drive_datasheet_en.pdf?v=1","{""Type"":""Module"",""Motor Type"":""Servo"",""Control / Drive Type"":""Servo AC"",""Number of Motors"":""1"",""Voltage - Load"":""480V"",""Current - Output"":""22A"",""Wattage - Load"":""7.5 kW"",""Voltage - Supply"":""380 ~ 480VAC"",""Interface"":""EtherCAT, USB"",""Mounting Type"":""Chassis Mount"",""Operating Temperature"":""0°C ~ 55°C"",""Features"":""-"",""For Use With/Related Products"":""Accurax G5 Series"",""Series"":""Accurax G5""}"
"R88M-K20030H","SERVOMOTOR 3000 RPM 230V","Omron","Servo & Motion","1005.2","0","SERVOMOTOR 3000 RPM 230V","//mm.digikey.com/Volume0/opasdata/d220001/medias/docus/6478/G5%20Series.pdf","{""Type"":""AC Motor"",""Function"":""Servomotor"",""Motor Type"":""-"",""Voltage - Rated"":""230VAC"",""RPM"":""3000 RPM"",""Torque - Rated (oz-in / mNm)"":""90.65 / 640"",""Power - Rated"":""200W"",""Encoder Type"":""Incremental"",""Size / Dimension"":""Square - 2.362\"" x 2.362\"" (60.00mm x 60.00mm)"",""Diameter - Shaft"":""0.433\"" (11.00mm)"",""Length - Shaft and Bearing"":""1.181\"" (30.00mm)"",""Mounting Hole Spacing"":""2.756\"" (70.00mm)"",""Termination Style"":""Connector"",""Features"":""-"",""Gear Reduction Ratio"":""-"",""Torque - Max Momentary (oz-in / mNm)"":""270.5 / 1910"",""Operating Temperature"":""0°C ~ 40°C"",""Series"":""Accurax G5""}"
"R88D-KN01H-ECT","SERVO DRIVER 1.2A 240V LOAD","Omron","Servo & Motion","1516.08","0","SERVO DRIVER 1.2A 240V LOAD","//mm.digikey.com/Volume0/opasdata/d220001/medias/docus/6478/G5%20Series.pdf","{""Type"":""Module"",""Motor Type"":""Servo"",""Control / Drive Type"":""Servo AC"",""Number of Motors"":""1"",""Voltage - Load"":""240V"",""Current - Output"":""1.2A"",""Wattage - Load"":""100 W"",""Voltage - Supply"":""200 ~ 240VAC"",""Interface"":""EtherCAT, USB"",""Mounting Type"":""Chassis Mount"",""Operating Temperature"":""0°C ~ 55°C"",""Features"":""-"",""For Use With/Related Products"":""Accurax G5 Series"",""Series"":""Accurax G5""}"
"R88M-K20030H-B","SERVOMOTOR 3000 RPM 230V","Omron","Servo & Motion","1545.1","0","SERVOMOTOR 3000 RPM 230V","//mm.digikey.com/Volume0/opasdata/d220001/medias/docus/6478/G5%20Series.pdf","{""Type"":""AC Motor"",""Function"":""Servomotor"",""Motor Type"":""-"",""Voltage - Rated"":""230VAC"",""RPM"":""3000 RPM"",""Torque - Rated (oz-in / mNm)"":""90.65 / 640"",""Power - Rated"":""200W"",""Encoder Type"":""Incremental"",""Size / Dimension"":""Square - 2.362\"" x 2.362\"" (60.00mm x 60.00mm)"",""Diameter - Shaft"":""0.433\"" (11.00mm)"",""Length - Shaft and Bearing"":""1.181\"" (30.00mm)"",""Mounting Hole Spacing"":""2.756\"" (70.00mm)"",""Termination Style"":""Connector"",""Features"":""Brake"",""Gear Reduction Ratio"":""-"",""Torque - Max Momentary (oz-in / mNm)"":""270.5 / 1910"",""Operating Temperature"":""0°C ~ 40°C"",""Series"":""Accurax G5""}"
"G7Z-4A DC24","RELAY GEN PURP SPST X 4 40A 24V","Omron","Motor Control","118.11","0","RELAY GEN PURP SPST X 4 40A 24V","https://www.ia.omron.com/data_pdf/cat/g7z_j160-e1_5_1_csm1001495.pdf","{""Mounting Type"":""Chassis Mount"",""Coil Voltage"":""24VDC"",""Contact Form"":""SPST-NO (1 Form A) x 4"",""Contact Rating (Current)"":""40 A"",""Switching Voltage"":""480VAC - Max"",""Features"":""-"",""Termination Style"":""Screw Terminal"",""Operating Temperature"":""-25°C ~ 60°C"",""Must Operate Voltage"":""18 VDC"",""Must Release Voltage"":""2.4 VDC"",""Series"":""G7Z""}"
"J7KNA-AR-40 24VS","RELAY CONTACTOR 4PST 10A 24V","Omron","Motor Control","102.75","0","RELAY CONTACTOR 4PST 10A 24V","https://files.omron.eu/downloads/latest/datasheet/en/j04e_j7kna-ar_mini_contactor_relays_4-pole_datasheet_en.pdf","{""Mounting Type"":""Chassis Mount, DIN Rail"",""Coil Voltage"":""24VDC"",""Contact Form"":""4PST-NO (4 Form A)"",""Contact Rating (Current)"":""10 A"",""Switching Voltage"":""600VAC - Max"",""Features"":""Diode"",""Termination Style"":""Screw Terminal"",""Operating Temperature"":""-40°C ~ 60°C"",""Must Operate Voltage"":""-"",""Must Release Voltage"":""-"",""Series"":""J7KNA-AR""}"
"J7KNA-AR-31 24VS","RELAY CONTACTOR 4PST 10A 24V","Omron","Motor Control","108.9","0","RELAY CONTACTOR 4PST 10A 24V","https://files.omron.eu/downloads/latest/datasheet/en/j04e_j7kna-ar_mini_contactor_relays_4-pole_datasheet_en.pdf","{""Mounting Type"":""Chassis Mount, DIN Rail"",""Coil Voltage"":""24VDC"",""Contact Form"":""4PST-3NO/1NC (3 Form A, 1 Form B)"",""Contact Rating (Current)"":""10 A"",""Switching Voltage"":""600VAC - Max"",""Features"":""Diode"",""Termination Style"":""Screw Terminal"",""Operating Temperature"":""-40°C ~ 60°C"",""Must Operate Voltage"":""-"",""Must Release Voltage"":""-"",""Series"":""J7KNA-AR""}"
"G7Z-3A1B DC24","RELAY GEN PURPOSE 4PST 40A 24V","Omron","Motor Control","118.11","0","RELAY GEN PURPOSE 4PST 40A 24V","https://files.omron.eu/downloads/latest/datasheet/en/j160_g7z_power_relays_datasheet_en.pdf","{""Mounting Type"":""Chassis Mount"",""Coil Voltage"":""24VDC"",""Contact Form"":""4PST-3NO/1NC (3 Form A, 1 Form B)"",""Contact Rating (Current)"":""40 A"",""Switching Voltage"":""480VAC - Max"",""Features"":""-"",""Termination Style"":""Screw Terminal"",""Operating Temperature"":""-25°C ~ 60°C"",""Must Operate Voltage"":""18 VDC"",""Must Release Voltage"":""2.4 VDC"",""Series"":""G7Z""}"
"G7Z-4A-02Z-R DC24V","RELAY GEN PURP SPST X 4 40A 24V","Omron","Motor Control","129.52","0","RELAY GEN PURP SPST X 4 40A 24V","https://www.ia.omron.com/data_pdf/cat/g7z_j160-e1_5_1_csm1001495.pdf","{""Mounting Type"":""Chassis Mount"",""Coil Voltage"":""24VDC"",""Contact Form"":""SPST-NO (1 Form A) x 4"",""Contact Rating (Current)"":""40 A"",""Switching Voltage"":""480VAC - Max"",""Features"":""-"",""Termination Style"":""Screw Terminal"",""Operating Temperature"":""-25°C ~ 60°C"",""Must Operate Voltage"":""18 VDC"",""Must Release Voltage"":""2.4 VDC"",""Series"":""G7Z""}"
"G7Z-4A-11Z-R DC24","RELAY GEN PURP SPST X 4 40A 24V","Omron","Motor Control","133","0","RELAY GEN PURP SPST X 4 40A 24V","https://www.ia.omron.com/data_pdf/cat/g7z_j160-e1_5_1_csm1001495.pdf","{""Mounting Type"":""Chassis Mount"",""Coil Voltage"":""24VDC"",""Contact Form"":""SPST-NO (1 Form A) x 4"",""Contact Rating (Current)"":""40 A"",""Switching Voltage"":""480VAC - Max"",""Features"":""-"",""Termination Style"":""Screw Terminal"",""Operating Temperature"":""-25°C ~ 60°C"",""Must Operate Voltage"":""18 VDC"",""Must Release Voltage"":""2.4 VDC"",""Series"":""G7Z""}"
"J7KC-12-01 AC120","MAGNETIC CONTACTOR,120 VAC,SPST-","Omron","Motor Control","129.31","0","MAGNETIC CONTACTOR,120 VAC,SPST-","https://assets.omron.com/m/1aeefe4a75365806/original/J7KC-Series-Magnetic-Contactor-Datasheet.pdf","{""Mounting Type"":""Chassis Mount, DIN Rail"",""Coil Voltage"":""120VAC"",""Contact Form"":""3PST-NO (3 Form A)"",""Contact Rating (Current)"":""15 A"",""Switching Voltage"":""-"",""Features"":""Auxiliary Contacts"",""Termination Style"":""Spring Terminal"",""Operating Temperature"":""-10°C ~ 55°C"",""Must Operate Voltage"":""102 VAC"",""Must Release Voltage"":""24 VAC"",""Series"":""J7KC""}"
"J7KNA-AR-31 24D","RELAY CONTACTOR 4PST 10A 24V","Omron","Motor Control","103.22","0","RELAY CONTACTOR 4PST 10A 24V","//mm.digikey.com/Volume0/opasdata/d220001/medias/docus/411/J7KNA-AR_Series.pdf","{""Mounting Type"":""Chassis Mount, DIN Rail"",""Coil Voltage"":""24VDC"",""Contact Form"":""4PST-3NO/1NC (3 Form A, 1 Form B)"",""Contact Rating (Current)"":""10 A"",""Switching Voltage"":""600VAC - Max"",""Features"":""-"",""Termination Style"":""Screw Terminal"",""Operating Temperature"":""-40°C ~ 60°C"",""Must Operate Voltage"":""-"",""Must Release Voltage"":""-"",""Series"":""J7KNA-AR""}"
"G7Z-4A-20Z-R DC12V","RELAY GEN PURP SPST X 4 40A 12V","Omron","Motor Control","122.18","0","RELAY GEN PURP SPST X 4 40A 12V","https://www.ia.omron.com/data_pdf/cat/g7z_j160-e1_5_1_csm1001495.pdf","{""Mounting Type"":""Chassis Mount"",""Coil Voltage"":""12VDC"",""Contact Form"":""SPST-NO (1 Form A) x 4"",""Contact Rating (Current)"":""40 A"",""Switching Voltage"":""480VAC - Max"",""Features"":""-"",""Termination Style"":""Screw Terminal"",""Operating Temperature"":""-25°C ~ 60°C"",""Must Operate Voltage"":""9 VDC"",""Must Release Voltage"":""1.2 VDC"",""Series"":""G7Z""}"
"G3PE-515B-3N DC12-24","RELAY SSR 15A 3PH DIN MNT 3PL","Omron","Motor Control","327.8","0","RELAY SSR 15A 3PH DIN MNT 3PL","https://assets.omron.com/m/3c84268a584eaff4/original/G3PE-Datasheet.pdf","{""Mounting Type"":""Chassis Mount, DIN Rail"",""Circuit"":""3PST-NO (3 Form A)"",""Output Type"":""AC, Zero Cross"",""Load Current"":""15 A"",""Voltage - Input"":""12 ~ 24VDC"",""Voltage - Load"":""200 ~ 480V"",""Termination Style"":""Screw Terminal"",""Package / Case"":""SSR with Integrated Heat Sink"",""Series"":""G3PE""}"
"G3PE-535B-3N DC12-24","RELAY SSR 35A 3PH DIN MNT 3PL","Omron","Motor Control","447.5","0","RELAY SSR 35A 3PH DIN MNT 3PL","https://assets.omron.com/m/3c84268a584eaff4/original/G3PE-Datasheet.pdf","{""Mounting Type"":""Chassis Mount, DIN Rail"",""Circuit"":""3PST-NO (3 Form A)"",""Output Type"":""AC, Zero Cross"",""Load Current"":""35 A"",""Voltage - Input"":""12 ~ 24VDC"",""Voltage - Load"":""200 ~ 480V"",""Termination Style"":""Screw Terminal"",""Package / Case"":""SSR with Integrated Heat Sink"",""Series"":""G3PE""}"
"J7KNA-AR-31 24","RELAY CONTACTOR 4PST 10A 24V","Omron","Motor Control","77.08","0","RELAY CONTACTOR 4PST 10A 24V","//mm.digikey.com/Volume0/opasdata/d220001/medias/docus/411/J7KNA-AR_Series.pdf","{""Mounting Type"":""Chassis Mount, DIN Rail"",""Coil Voltage"":""24VAC"",""Contact Form"":""4PST-3NO/1NC (3 Form A, 1 Form B)"",""Contact Rating (Current)"":""10 A"",""Switching Voltage"":""600VAC - Max"",""Features"":""-"",""Termination Style"":""Screw Terminal"",""Operating Temperature"":""-40°C ~ 60°C"",""Must Operate Voltage"":""-"",""Must Release Voltage"":""-"",""Series"":""J7KNA-AR""}"
"J7KNA-AR-31 110","RELAY CONTACTOR 4PST 10A 110V","Omron","Motor Control","77.08","0","RELAY CONTACTOR 4PST 10A 110V","https://files.omron.eu/downloads/latest/datasheet/en/j04e_j7kna-ar_mini_contactor_relays_4-pole_datasheet_en.pdf","{""Mounting Type"":""Chassis Mount, DIN Rail"",""Coil Voltage"":""110VAC"",""Contact Form"":""4PST-3NO/1NC (3 Form A, 1 Form B)"",""Contact Rating (Current)"":""10 A"",""Switching Voltage"":""600VAC - Max"",""Features"":""-"",""Termination Style"":""Screw Terminal"",""Operating Temperature"":""-40°C ~ 60°C"",""Must Operate Voltage"":""-"",""Must Release Voltage"":""-"",""Series"":""J7KNA-AR""}"
"J7KNA-AR-22 230","RELAY CONTACTOR 4PST 10A 230V","Omron","Motor Control","81.16","0","RELAY CONTACTOR 4PST 10A 230V","//mm.digikey.com/Volume0/opasdata/d220001/medias/docus/411/J7KNA-AR_Series.pdf","{""Mounting Type"":""Chassis Mount, DIN Rail"",""Coil Voltage"":""230VAC"",""Contact Form"":""4PST-2NO/2NC (2 Form A, 2 Form B)"",""Contact Rating (Current)"":""10 A"",""Switching Voltage"":""600VAC - Max"",""Features"":""-"",""Termination Style"":""Screw Terminal"",""Operating Temperature"":""-40°C ~ 60°C"",""Must Operate Voltage"":""-"",""Must Release Voltage"":""-"",""Series"":""J7KNA-AR""}"
"J7KNA-AR-22 110","RELAY CONTACTOR 4PST 10A 110V","Omron","Motor Control","81.16","0","RELAY CONTACTOR 4PST 10A 110V","//mm.digikey.com/Volume0/opasdata/d220001/medias/docus/411/J7KNA-AR_Series.pdf","{""Mounting Type"":""Chassis Mount, DIN Rail"",""Coil Voltage"":""110VAC"",""Contact Form"":""4PST-2NO/2NC (2 Form A, 2 Form B)"",""Contact Rating (Current)"":""10 A"",""Switching Voltage"":""600VAC - Max"",""Features"":""-"",""Termination Style"":""Screw Terminal"",""Operating Temperature"":""-40°C ~ 60°C"",""Must Operate Voltage"":""-"",""Must Release Voltage"":""-"",""Series"":""J7KNA-AR""}"
"J7KNA-AR-22 24","RELAY CONTACTOR 4PST 10A 24V","Omron","Motor Control","81.16","0","RELAY CONTACTOR 4PST 10A 24V","//mm.digikey.com/Volume0/opasdata/d220001/medias/docus/411/J7KNA-AR_Series.pdf","{""Mounting Type"":""Chassis Mount, DIN Rail"",""Coil Voltage"":""24VAC"",""Contact Form"":""4PST-2NO/2NC (2 Form A, 2 Form B)"",""Contact Rating (Current)"":""10 A"",""Switching Voltage"":""600VAC - Max"",""Features"":""-"",""Termination Style"":""Screw Terminal"",""Operating Temperature"":""-40°C ~ 60°C"",""Must Operate Voltage"":""-"",""Must Release Voltage"":""-"",""Series"":""J7KNA-AR""}"
"J7KNA-AR-40 24","RELAY CONTACTOR 4PST 10A 24V","Omron","Motor Control","86.03","0","RELAY CONTACTOR 4PST 10A 24V","//mm.digikey.com/Volume0/opasdata/d220001/medias/docus/411/J7KNA-AR_Series.pdf","{""Mounting Type"":""Chassis Mount, DIN Rail"",""Coil Voltage"":""24VAC"",""Contact Form"":""4PST-NO (4 Form A)"",""Contact Rating (Current)"":""10 A"",""Switching Voltage"":""600VAC - Max"",""Features"":""-"",""Termination Style"":""Screw Terminal"",""Operating Temperature"":""-40°C ~ 60°C"",""Must Operate Voltage"":""-"",""Must Release Voltage"":""-"",""Series"":""J7KNA-AR""}"
"J7KNA-09-01 24D","RELAY CONTACTOR 3PST 9A 24V","Omron","Motor Control","86.59","0","RELAY CONTACTOR 3PST 9A 24V","//mm.digikey.com/Volume0/opasdata/d220001/medias/docus/411/J7KNA_Series.pdf","{""Mounting Type"":""Chassis Mount, DIN Rail"",""Coil Voltage"":""24VDC"",""Contact Form"":""3PST-NO (3 Form A)"",""Contact Rating (Current)"":""9 A"",""Switching Voltage"":""400VAC - Max"",""Features"":""-"",""Termination Style"":""Screw Terminal"",""Operating Temperature"":""-40°C ~ 60°C"",""Must Operate Voltage"":""-"",""Must Release Voltage"":""-"",""Series"":""J7KNA""}"
"J73KC-AM-40","AUXILIARY CONTACT UNIT,4PST-4NO","Omron","Motor Control","93.34","0","AUXILIARY CONTACT UNIT,4PST-4NO","https://assets.omron.com/m/1aeefe4a75365806/original/J7KC-Series-Magnetic-Contactor-Datasheet.pdf","{""Accessory Type"":""Auxiliary Contact Block"",""For Use With/Related Products"":""J7KC Contactors"",""Series"":""J7KC""}"
"J73KC-AM-22","AUXILIARY CONTACT UNIT,4PST-2NO2","Omron","Motor Control","93.34","0","AUXILIARY CONTACT UNIT,4PST-2NO2","https://assets.omron.com/m/1aeefe4a75365806/original/J7KC-Series-Magnetic-Contactor-Datasheet.pdf","{""Accessory Type"":""Auxiliary Contact Block"",""For Use With/Related Products"":""J7KC Contactors"",""Series"":""J7KC""}"
"E2B-M12KS04-M1-B1","SENSOR PROX INDUCTIVE 4MM CYLIND","Omron","Sensors & Switches","30.71","0","SENSOR PROX INDUCTIVE 4MM CYLIND","https://files.omron.eu/downloads/latest/datasheet/en/d116_e2b_cylindrical_proximity_sensor_datasheet_en.pdf","{""Sensor Type"":""Inductive"",""Sensing Distance"":""0.157\"" (4mm)"",""Output Type"":""PNP-NO, 3-Wire"",""Response Frequency"":""1kHz"",""Shielding"":""Shielded"",""Material - Body"":""Nickel-Plated Brass"",""Voltage - Supply"":""10V ~ 30V"",""Termination Style"":""Connector"",""Operating Temperature"":""-25°C ~ 70°C"",""Ingress Protection"":""IP67"",""Indicator"":""LED"",""Package / Case"":""Cylinder, Threaded - M12"",""Series"":""E2B""}"
"E2B-M12KN08-M1-B1","SENSOR PROX INDUCTIVE 8MM CYLIND","Omron","Sensors & Switches","32.55","0","SENSOR PROX INDUCTIVE 8MM CYLIND","https://files.omron.eu/downloads/latest/datasheet/en/d116_e2b_cylindrical_proximity_sensor_datasheet_en.pdf","{""Sensor Type"":""Inductive"",""Sensing Distance"":""0.315\"" (8mm)"",""Output Type"":""PNP-NO, 3-Wire"",""Response Frequency"":""800Hz"",""Shielding"":""Unshielded"",""Material - Body"":""Nickel-Plated Brass"",""Voltage - Supply"":""10V ~ 30V"",""Termination Style"":""Connector"",""Operating Temperature"":""-25°C ~ 70°C"",""Ingress Protection"":""IP67"",""Indicator"":""LED"",""Package / Case"":""Cylinder, Threaded - M12"",""Series"":""E2B""}"
"E2B-M12KN08-WP-C1 2M","SENSOR PROX INDUCTIVE 8MM CYLIND","Omron","Sensors & Switches","33.18","0","SENSOR PROX INDUCTIVE 8MM CYLIND","https://files.omron.eu/downloads/latest/datasheet/en/d116_e2b_cylindrical_proximity_sensor_datasheet_en.pdf","{""Sensor Type"":""Inductive"",""Sensing Distance"":""0.315\"" (8mm)"",""Output Type"":""NPN-NO, 3-Wire"",""Response Frequency"":""800Hz"",""Shielding"":""Unshielded"",""Material - Body"":""Nickel-Plated Brass"",""Voltage - Supply"":""10V ~ 30V"",""Termination Style"":""Cable Leads"",""Operating Temperature"":""-25°C ~ 70°C"",""Ingress Protection"":""IP67"",""Indicator"":""LED"",""Package / Case"":""Cylinder, Threaded - M12"",""Series"":""E2B""}"
"E2B-M12KN08-WP-B1 2M","SENSOR PROX INDUCTIVE 8MM CYLIND","Omron","Sensors & Switches","33.18","0","SENSOR PROX INDUCTIVE 8MM CYLIND","https://files.omron.eu/downloads/latest/datasheet/en/d116_e2b_cylindrical_proximity_sensor_datasheet_en.pdf","{""Sensor Type"":""Inductive"",""Sensing Distance"":""0.315\"" (8mm)"",""Output Type"":""PNP-NO, 3-Wire"",""Response Frequency"":""800Hz"",""Shielding"":""Unshielded"",""Material - Body"":""Nickel-Plated Brass"",""Voltage - Supply"":""10V ~ 30V"",""Termination Style"":""Cable Leads"",""Operating Temperature"":""-25°C ~ 70°C"",""Ingress Protection"":""IP67"",""Indicator"":""LED"",""Package / Case"":""Cylinder, Threaded - M12"",""Series"":""E2B""}"
"E2B-S08KS02-MC-B1","SENSOR PROX INDUCTIVE 2MM CYLIND","Omron","Sensors & Switches","35.46","0","SENSOR PROX INDUCTIVE 2MM CYLIND","https://files.omron.eu/downloads/latest/datasheet/en/d116_e2b_cylindrical_proximity_sensor_datasheet_en.pdf","{""Sensor Type"":""Inductive"",""Sensing Distance"":""0.079\"" (2mm)"",""Output Type"":""PNP-NO, 3-Wire"",""Response Frequency"":""1.5kHz"",""Shielding"":""Shielded"",""Material - Body"":""Stainless Steel"",""Voltage - Supply"":""10V ~ 30V"",""Termination Style"":""Connector"",""Operating Temperature"":""-25°C ~ 70°C"",""Ingress Protection"":""IP67"",""Indicator"":""LED"",""Package / Case"":""Cylinder, Threaded - M8"",""Series"":""E2B""}"
"E2B-S08KS02-WP-C1 2M","SENSOR PROX INDUCTIVE 2MM CYLIND","Omron","Sensors & Switches","37.8","0","SENSOR PROX INDUCTIVE 2MM CYLIND","https://files.omron.eu/downloads/latest/datasheet/en/d116_e2b_cylindrical_proximity_sensor_datasheet_en.pdf","{""Sensor Type"":""Inductive"",""Sensing Distance"":""0.079\"" (2mm)"",""Output Type"":""NPN-NO, 3-Wire"",""Response Frequency"":""1.5kHz"",""Shielding"":""Shielded"",""Material - Body"":""Stainless Steel"",""Voltage - Supply"":""10V ~ 30V"",""Termination Style"":""Cable Leads"",""Operating Temperature"":""-25°C ~ 70°C"",""Ingress Protection"":""IP67"",""Indicator"":""LED"",""Package / Case"":""Cylinder, Threaded - M8"",""Series"":""E2B""}"
"E2B-S08KS02-WP-B1 2M","SENSOR PROX INDUCTIVE 2MM CYLIND","Omron","Sensors & Switches","37.8","0","SENSOR PROX INDUCTIVE 2MM CYLIND","https://files.omron.eu/downloads/latest/datasheet/en/d116_e2b_cylindrical_proximity_sensor_datasheet_en.pdf","{""Sensor Type"":""Inductive"",""Sensing Distance"":""0.079\"" (2mm)"",""Output Type"":""PNP-NO, 3-Wire"",""Response Frequency"":""1.5kHz"",""Shielding"":""Shielded"",""Material - Body"":""Stainless Steel"",""Voltage - Supply"":""10V ~ 30V"",""Termination Style"":""Cable Leads"",""Operating Temperature"":""-25°C ~ 70°C"",""Ingress Protection"":""IP67"",""Indicator"":""LED"",""Package / Case"":""Cylinder, Threaded - M8"",""Series"":""E2B""}"
"GLS-1","SENSOR MAGNETIC SCREW TERMINAL","Omron","Sensors & Switches","43.43","0","SENSOR MAGNETIC SCREW TERMINAL","https://files.omron.eu/downloads/latest/datasheet/en/gls_m1_magnetic_proximity_sensor_datasheet_en.pdf","{""Type"":""Magnetic"",""Actuator Material"":""-"",""Termination Style"":""Screw Terminal"",""Frequency"":""20 Hz"",""Voltage - Supply"":""-"",""Must Operate"":""15.00mm"",""Must Release"":""-"",""Operating Temperature"":""-20°C ~ 60°C"",""Grade"":""-"",""Series"":""GLS""}"
"E2S-W25 1M","SENSOR PROX INDUCTIVE 2.5MM MOD","Omron","Sensors & Switches","71.72","0","SENSOR PROX INDUCTIVE 2.5MM MOD","https://files.omron.eu/downloads/latest/datasheet/en/e2s_miniature_square_inductive_proximity_sensor_datasheet_en.pdf","{""Sensor Type"":""Inductive"",""Sensing Distance"":""0.098\"" (2.5mm)"",""Output Type"":""PNP-NO, 3-Wire"",""Response Frequency"":""1kHz"",""Shielding"":""Unshielded"",""Material - Body"":""Plastic"",""Voltage - Supply"":""10V ~ 30V"",""Termination Style"":""Cable Leads"",""Operating Temperature"":""-25°C ~ 70°C"",""Ingress Protection"":""IP67"",""Indicator"":""LED"",""Package / Case"":""Module"",""Series"":""E2S""}"
"TL-Q5MC1","SENSOR PROX INDUCT 5MM IP67 MOD","Omron","Sensors & Switches","84.6","0","SENSOR PROX INDUCT 5MM IP67 MOD","https://www.ia.omron.com:443/data_pdf/cat/tl-n_tl-q_ds_e_14_3_csm468.pdf","{""Sensor Type"":""Inductive"",""Sensing Distance"":""0.197\"" (5mm)"",""Output Type"":""NPN-NO, 3-Wire"",""Response Frequency"":""500Hz"",""Shielding"":""Unshielded"",""Material - Body"":""Plastic"",""Voltage - Supply"":""10V ~ 30V"",""Termination Style"":""Cable Leads"",""Operating Temperature"":""-25°C ~ 70°C"",""Ingress Protection"":""IP67"",""Indicator"":""LED"",""Package / Case"":""Module"",""Series"":""-""}"
"E2E-X1R5B1D8 2M","SENSOR INDUCT 1.5MM PNP M8 NO","Omron","Sensors & Switches","90.98","0","SENSOR INDUCT 1.5MM PNP M8 NO","https://files.omron.eu/downloads/latest/datasheet/en/d121_e2e_next_datasheet_en.pdf","{""Sensor Type"":""Inductive"",""Sensing Distance"":""0.059\"" (1.5mm)"",""Output Type"":""PNP-NO, 3-Wire"",""Response Frequency"":""2kHz"",""Shielding"":""Shielded"",""Material - Body"":""Stainless Steel"",""Voltage - Supply"":""10V ~ 30V"",""Termination Style"":""Cable Leads"",""Operating Temperature"":""-40°C ~ 85°C"",""Ingress Protection"":""IP67, IP69K"",""Indicator"":""LED"",""Package / Case"":""Cylinder, Threaded - M8"",""Series"":""E2E NEXT""}"
"E2E-S05S12-WC-B1 2M","SENSOR PROX INDUCT 1.2MM CYLIND","Omron","Sensors & Switches","102.75","0","SENSOR PROX INDUCT 1.2MM CYLIND","https://assets.omron.com/m/4648bec419fa7adb/original/E2E-S0_E2E-C0_Datasheet_en_201412_E55I-E-03_rev8_1-pdf.pdf","{""Sensor Type"":""Inductive"",""Sensing Distance"":""0.047\"" (1.2mm)"",""Output Type"":""PNP-NO, 3-Wire"",""Response Frequency"":""4kHz"",""Shielding"":""Shielded"",""Material - Body"":""Stainless Steel"",""Voltage - Supply"":""10V ~ 30V"",""Termination Style"":""Cable Leads"",""Operating Temperature"":""-25°C ~ 70°C"",""Ingress Protection"":""IP67"",""Indicator"":""LED"",""Package / Case"":""Cylinder, Threaded - M5"",""Series"":""E2E""}"
"E2E-C04S12-WC-B1 2M","SENSOR PROX INDUCT 1.2MM CYLIND","Omron","Sensors & Switches","102.75","0","SENSOR PROX INDUCT 1.2MM CYLIND","https://assets.omron.com/m/4648bec419fa7adb/original/E2E-S0_E2E-C0_Datasheet_en_201412_E55I-E-03_rev8_1-pdf.pdf","{""Sensor Type"":""Inductive"",""Sensing Distance"":""0.047\"" (1.2mm)"",""Output Type"":""PNP-NO, 3-Wire"",""Response Frequency"":""4kHz"",""Shielding"":""Shielded"",""Material - Body"":""Stainless Steel"",""Voltage - Supply"":""10V ~ 30V"",""Termination Style"":""Cable Leads"",""Operating Temperature"":""-25°C ~ 70°C"",""Ingress Protection"":""IP67"",""Indicator"":""LED"",""Package / Case"":""Cylinder"",""Series"":""E2E""}"
"TL-W3MB1","SENSOR PROX INDUCT 3MM IP67 MOD","Omron","Sensors & Switches","119.37","0","SENSOR PROX INDUCT 3MM IP67 MOD","//mm.digikey.com/Volume0/opasdata/d220001/medias/docus/2597/TL-W%20Prox%20Sensor.pdf","{""Sensor Type"":""Inductive"",""Sensing Distance"":""0.118\"" (3mm)"",""Output Type"":""PNP-NO, 3-Wire"",""Response Frequency"":""600Hz"",""Shielding"":""Unshielded"",""Material - Body"":""Plastic"",""Voltage - Supply"":""10V ~ 30V"",""Termination Style"":""Cable Leads"",""Operating Temperature"":""-25°C ~ 70°C"",""Ingress Protection"":""IP67"",""Indicator"":""LED"",""Package / Case"":""Module"",""Series"":""-""}"
"TL-W3MC1","SENSOR PROX INDUCT 3MM IP67 MOD","Omron","Sensors & Switches","119.37","0","SENSOR PROX INDUCT 3MM IP67 MOD","https://assets.omron.com/m/6f4f7ef3779169fa/original/TL_W_datasheet_en_201108-pdf.pdf","{""Sensor Type"":""Inductive"",""Sensing Distance"":""0.118\"" (3mm)"",""Output Type"":""NPN-NO, 3-Wire"",""Response Frequency"":""600Hz"",""Shielding"":""Unshielded"",""Material - Body"":""Plastic"",""Voltage - Supply"":""10V ~ 30V"",""Termination Style"":""Cable Leads"",""Operating Temperature"":""-25°C ~ 70°C"",""Ingress Protection"":""IP67"",""Indicator"":""LED"",""Package / Case"":""Module"",""Series"":""-""}"
"E2E-X2D1-N","SENSOR PROX INDUCTIVE 2MM CYLIND","Omron","Sensors & Switches","128.97","0","SENSOR PROX INDUCTIVE 2MM CYLIND","https://assets.omron.com/m/24413d8c320a900c/original/E2E-Standard-Proximity-Sensor-Datasheet.pdf","{""Sensor Type"":""Inductive"",""Sensing Distance"":""0.079\"" (2mm)"",""Output Type"":""NPN-NO, 2-Wire"",""Response Frequency"":""1.5kHz"",""Shielding"":""Shielded"",""Material - Body"":""Stainless Steel"",""Voltage - Supply"":""10V ~ 30V"",""Termination Style"":""Cable Leads"",""Operating Temperature"":""-25°C ~ 70°C"",""Ingress Protection"":""IP67"",""Indicator"":""LED"",""Package / Case"":""Cylinder, Threaded - M8"",""Series"":""E2E""}"
"TL-W5F1","SENSOR PROX INDUCT 5MM IP67 MOD","Omron","Sensors & Switches","136.36","0","SENSOR PROX INDUCT 5MM IP67 MOD","https://files.omron.eu/downloads/latest/datasheet/en/tl-w_standard_flat_inductive_proximity_sensors_datasheet_en.pdf","{""Sensor Type"":""Inductive"",""Sensing Distance"":""0.197\"" (5mm)"",""Output Type"":""PNP-NO, 3-Wire"",""Response Frequency"":""300Hz"",""Shielding"":""Shielded"",""Material - Body"":""Diecast Aluminum"",""Voltage - Supply"":""10V ~ 30V"",""Termination Style"":""Cable Leads"",""Operating Temperature"":""-25°C ~ 70°C"",""Ingress Protection"":""IP67"",""Indicator"":""LED"",""Package / Case"":""Module"",""Series"":""-""}"
"E2K-L26MC1","SENSOR PROX CAP 12-26MM IP66 BOX","Omron","Sensors & Switches","200.95","0","SENSOR PROX CAP 12-26MM IP66 BOX","https://assets.omron.com/m/063dad5e0d423b39/original/E2K_L_datasheet_en_201008-pdf.pdf","{""Sensor Type"":""Capacitive"",""Sensing Distance"":""0.472\"" ~ 1.024\"" (12mm ~ 26mm)"",""Output Type"":""NPN-NO, 3-Wire"",""Response Frequency"":""-"",""Shielding"":""Unshielded"",""Material - Body"":""Plastic"",""Voltage - Supply"":""12V ~ 24V"",""Termination Style"":""Cable Leads"",""Operating Temperature"":""0°C ~ 55°C"",""Ingress Protection"":""IP66"",""Indicator"":""LED"",""Package / Case"":""Box"",""Series"":""E2K""}"
"PY08-02","RELAY SOCKET 8 POS THROUGH HOLE","Omron","Relays & Timers","3.05","0","RELAY SOCKET 8 POS THROUGH HOLE","//mm.digikey.com/Volume0/opasdata/d220001/medias/docus/8884/MYx-Datasheet.pdf","{""Type"":""Socket"",""Number of Positions"":""8"",""Mounting Type"":""Through Hole"",""Termination Style"":""PC Pin"",""For Use With/Related Products"":""MY2 Relays"",""Series"":""MY""}"
"P2R-08P","RELAY SOCKET 8 POS THROUGH HOLE","Omron","Relays & Timers","3.9","0","RELAY SOCKET 8 POS THROUGH HOLE","https://files.omron.eu/downloads/latest/datasheet/en/g2r-_-s_general-purpose_relay_datasheet_en.pdf","{""Type"":""Socket"",""Number of Positions"":""8"",""Mounting Type"":""Through Hole"",""Termination Style"":""PC Pin"",""For Use With/Related Products"":""G2R-2-S Relays"",""Series"":""G2RS""}"
"P2R-05P","RELAY SOCKET 5 POS THROUGH HOLE","Omron","Relays & Timers","4.52","0","RELAY SOCKET 5 POS THROUGH HOLE","https://files.omron.eu/downloads/latest/datasheet/en/g2r-_-s_general-purpose_relay_datasheet_en.pdf","{""Type"":""Socket"",""Number of Positions"":""5"",""Mounting Type"":""Through Hole"",""Termination Style"":""PC Pin"",""For Use With/Related Products"":""G2R-1-S Relays"",""Series"":""G2RS""}"
"PT08-0","RELAY SOCKET 8 POS THROUGH HOLE","Omron","Relays & Timers","4.72","0","RELAY SOCKET 8 POS THROUGH HOLE","https://files.omron.eu/downloads/latest/datasheet/en/ly_series_bi-power_relays_datasheet_en.pdf","{""Type"":""Socket"",""Number of Positions"":""8"",""Mounting Type"":""Through Hole"",""Termination Style"":""PC Pin"",""For Use With/Related Products"":""LY Series, SPDT/DPDT"",""Series"":""LY""}"
"P2R-057P","RELAY SOCKET 5 POS THROUGH HOLE","Omron","Relays & Timers","6.18","0","RELAY SOCKET 5 POS THROUGH HOLE","//mm.digikey.com/Volume0/opasdata/d220001/medias/docus/509/G2RS.pdf","{""Type"":""Socket"",""Number of Positions"":""5"",""Mounting Type"":""Through Hole"",""Termination Style"":""PC Pin"",""For Use With/Related Products"":""G2R-1-S Relays"",""Series"":""G2RS""}"
"G2R-1A-T DC24","RELAY GEN PURPOSE SPST 10A 24V","Omron","Relays & Timers","7.48","0","RELAY GEN PURPOSE SPST 10A 24V","https://omronfs.omron.com/en_US/ecb/products/pdf/en-g2r.pdf","{""Mounting Type"":""Chassis Mount"",""Coil Voltage"":""24VDC"",""Contact Form"":""SPST-NO (1 Form A)"",""Contact Rating (Current)"":""10 A"",""Switching Voltage"":""380VAC, 125VDC - Max"",""Load - Max Switching"":""3800VA, 1250W"",""Coil Current"":""21.8 mA"",""Coil Type"":""Non Latching"",""Features"":""-"",""Termination Style"":""Quick Connect - 0.187\"" (4.7mm)"",""Seal Rating"":""Sealed - Flux Protection"",""Coil Insulation"":""-"",""Must Operate Voltage"":""16.8 VDC"",""Must Release Voltage"":""3.6 VDC"",""Operate Time"":""15 ms"",""Release Time"":""5 ms"",""Operating Temperature"":""-40°C ~ 70°C"",""Contact Material"":""Silver Alloy"",""Approval Agency"":""CSA, TUV, UR, VDE"",""Relay Type"":""General Purpose"",""Grade"":""-"",""Qualification"":""-"",""Series"":""G2R""}"
"G2R-1-T-DC24","RELAY GEN PURPOSE SPDT 10A 24V","Omron","Relays & Timers","8.69","0","RELAY GEN PURPOSE SPDT 10A 24V","https://omronfs.omron.com/en_US/ecb/products/pdf/en-g2r.pdf","{""Mounting Type"":""Chassis Mount"",""Coil Voltage"":""24VDC"",""Contact Form"":""SPDT (1 Form C)"",""Contact Rating (Current)"":""10 A"",""Switching Voltage"":""380VAC, 125VDC - Max"",""Load - Max Switching"":""3800VA, 1250W"",""Coil Current"":""21.8 mA"",""Coil Type"":""Non Latching"",""Features"":""-"",""Termination Style"":""Quick Connect - 0.187\"" (4.7mm)"",""Seal Rating"":""Sealed - Flux Protection"",""Coil Insulation"":""-"",""Must Operate Voltage"":""16.8 VDC"",""Must Release Voltage"":""3.6 VDC"",""Operate Time"":""15 ms"",""Release Time"":""5 ms"",""Operating Temperature"":""-40°C ~ 70°C"",""Contact Material"":""Silver Alloy"",""Approval Agency"":""CSA, TUV, UR, VDE"",""Relay Type"":""General Purpose"",""Grade"":""-"",""Qualification"":""-"",""Series"":""G2R""}"
"PYFZ-08","DIN-RAIL SOCKET FOR MY2(S) RELAY","Omron","Relays & Timers","9.42","0","DIN-RAIL SOCKET FOR MY2(S) RELAY","https://files.omron.eu/downloads/latest/datasheet/en/common_sockets_datasheet_en.pdf","{""Type"":""Socket"",""Number of Positions"":""8"",""Mounting Type"":""DIN Rail"",""Termination Style"":""Screw Terminal"",""For Use With/Related Products"":""MY2-S Relays"",""Series"":""-""}"
"G2R-1-S DC24(S)","RELAY GEN PURPOSE SPDT 10A 24V","Omron","Relays & Timers","9.97","0","RELAY GEN PURPOSE SPDT 10A 24V","https://assets.omron.com/m/29e17638638b1d35/original/G2R-_-S-Datasheet.pdf","{""Mounting Type"":""Socketable"",""Coil Voltage"":""24VDC"",""Contact Form"":""SPDT (1 Form C)"",""Contact Rating (Current)"":""10 A"",""Switching Voltage"":""440VAC, 125VDC - Max"",""Load - Max Switching"":""4400VA, 1250W"",""Coil Current"":""21.6 mA"",""Coil Type"":""Non Latching"",""Features"":""-"",""Termination Style"":""Plug In, Quick Connect - 0.187\"" (4.7mm)"",""Seal Rating"":""-"",""Coil Insulation"":""-"",""Must Operate Voltage"":""16.8 VDC"",""Must Release Voltage"":""3.6 VDC"",""Operate Time"":""15 ms"",""Release Time"":""10 ms"",""Operating Temperature"":""-40°C ~ 70°C"",""Contact Material"":""-"",""Approval Agency"":""CE, CSA, LR, UR, VDE"",""Relay Type"":""General Purpose"",""Grade"":""-"",""Qualification"":""-"",""Series"":""G2RS""}"
"G2R-1-S DC12(S)","RELAY GEN PURPOSE SPDT 10A 12V","Omron","Relays & Timers","9.97","0","RELAY GEN PURPOSE SPDT 10A 12V","https://assets.omron.com/m/29e17638638b1d35/original/G2R-_-S-Datasheet.pdf","{""Mounting Type"":""Socketable"",""Coil Voltage"":""12VDC"",""Contact Form"":""SPDT (1 Form C)"",""Contact Rating (Current)"":""10 A"",""Switching Voltage"":""440VAC, 125VDC - Max"",""Load - Max Switching"":""4400VA, 1250W"",""Coil Current"":""43.2 mA"",""Coil Type"":""Non Latching"",""Features"":""-"",""Termination Style"":""Plug In, Quick Connect - 0.187\"" (4.7mm)"",""Seal Rating"":""-"",""Coil Insulation"":""-"",""Must Operate Voltage"":""8.4 VDC"",""Must Release Voltage"":""1.8 VDC"",""Operate Time"":""15 ms"",""Release Time"":""10 ms"",""Operating Temperature"":""-40°C ~ 70°C"",""Contact Material"":""-"",""Approval Agency"":""CE, CSA, LR, UR, VDE"",""Relay Type"":""General Purpose"",""Grade"":""-"",""Qualification"":""-"",""Series"":""G2RS""}"
"PYFZ-14","DIN-RAIL SOCKET FOR MY4(S) RELAY","Omron","Relays & Timers","9.97","0","DIN-RAIL SOCKET FOR MY4(S) RELAY","https://files.omron.eu/downloads/latest/datasheet/en/common_sockets_datasheet_en.pdf","{""Type"":""Socket"",""Number of Positions"":""14"",""Mounting Type"":""DIN Rail"",""Termination Style"":""Screw Terminal"",""For Use With/Related Products"":""MY4-S Relays"",""Series"":""-""}"
"PYFZ-08-E","MY2 SOCKET/DIN MOUNT","Omron","Relays & Timers","10.06","0","MY2 SOCKET/DIN MOUNT","https://files.omron.eu/downloads/latest/datasheet/en/j224_my(s)_miniature_power_relays_datasheet_en.pdf","{""Type"":""Socket"",""Number of Positions"":""8"",""Mounting Type"":""DIN Rail"",""Termination Style"":""Screw Terminal"",""For Use With/Related Products"":""MY2-S Relays"",""Series"":""-""}"
"P2RFZ-05-E","DIN-RAIL SOCKET FOR G2R-1(S)RELA","Omron","Relays & Timers","10.5","0","DIN-RAIL SOCKET FOR G2R-1(S)RELA","https://files.omron.eu/downloads/latest/datasheet/en/j226_g2r-_-s_(s)_general-purpose_relay_datasheet_en.pdf","{""Type"":""Socket"",""Number of Positions"":""5"",""Mounting Type"":""DIN Rail"",""Termination Style"":""Screw Terminal"",""For Use With/Related Products"":""G2R-1-S Relays"",""Series"":""-""}"
"G2R-2-S DC24(S)","RELAY GEN PURPOSE DPDT 5A 24V","Omron","Relays & Timers","11.26","0","RELAY GEN PURPOSE DPDT 5A 24V","https://assets.omron.com/m/29e17638638b1d35/original/G2R-_-S-Datasheet.pdf","{""Mounting Type"":""Socketable"",""Coil Voltage"":""24VDC"",""Contact Form"":""DPDT (2 Form C)"",""Contact Rating (Current)"":""5 A"",""Switching Voltage"":""380VAC, 125VDC - Max"",""Load - Max Switching"":""1900VA, 625W"",""Coil Current"":""21.6 mA"",""Coil Type"":""Non Latching"",""Features"":""-"",""Termination Style"":""Plug In"",""Seal Rating"":""-"",""Coil Insulation"":""-"",""Must Operate Voltage"":""16.8 VDC"",""Must Release Voltage"":""3.6 VDC"",""Operate Time"":""15 ms"",""Release Time"":""10 ms"",""Operating Temperature"":""-40°C ~ 70°C"",""Contact Material"":""-"",""Approval Agency"":""CE, CSA, LR, UR, VDE"",""Relay Type"":""General Purpose"",""Grade"":""-"",""Qualification"":""-"",""Series"":""G2RS""}"
"G2R-2-S DC12(S)","RELAY GEN PURPOSE DPDT 5A 12V","Omron","Relays & Timers","11.26","0","RELAY GEN PURPOSE DPDT 5A 12V","https://assets.omron.com/m/29e17638638b1d35/original/G2R-_-S-Datasheet.pdf","{""Mounting Type"":""Socketable"",""Coil Voltage"":""12VDC"",""Contact Form"":""DPDT (2 Form C)"",""Contact Rating (Current)"":""5 A"",""Switching Voltage"":""380VAC, 125VDC - Max"",""Load - Max Switching"":""1900VA, 625W"",""Coil Current"":""43.2 mA"",""Coil Type"":""Non Latching"",""Features"":""-"",""Termination Style"":""Plug In"",""Seal Rating"":""-"",""Coil Insulation"":""-"",""Must Operate Voltage"":""8.4 VDC"",""Must Release Voltage"":""1.8 VDC"",""Operate Time"":""15 ms"",""Release Time"":""10 ms"",""Operating Temperature"":""-40°C ~ 70°C"",""Contact Material"":""-"",""Approval Agency"":""CE, CSA, LR, UR, VDE"",""Relay Type"":""General Purpose"",""Grade"":""-"",""Qualification"":""-"",""Series"":""G2RS""}"
"MY2N-GS-R DC24","RELAY GEN PURPOSE DPDT 5A 24V","Omron","Relays & Timers","11.57","0","RELAY GEN PURPOSE DPDT 5A 24V","https://files.omron.eu/downloads/latest/datasheet/en/j268_my-gs-r_my(s)_myk_myq_myh_miniature_power_relays_datasheet_en.pdf","{""Mounting Type"":""Socketable"",""Coil Voltage"":""24VDC"",""Contact Form"":""DPDT (2 Form C)"",""Contact Rating (Current)"":""10 A"",""Switching Voltage"":""250VAC, 220VDC - Max"",""Load - Max Switching"":""1750VA, 1540W"",""Coil Current"":""36.3 mA"",""Coil Type"":""Non Latching"",""Features"":""Lighted Indicator, Mechanical Indicator"",""Termination Style"":""Plug In, Quick Connect - 0.110\"" (2.8mm)"",""Seal Rating"":""-"",""Coil Insulation"":""-"",""Must Operate Voltage"":""19.2 VDC"",""Must Release Voltage"":""2.4 VDC"",""Operate Time"":""20 ms"",""Release Time"":""20 ms"",""Operating Temperature"":""-40°C ~ 70°C"",""Contact Material"":""Silver (Ag)"",""Approval Agency"":""CE, CSA, UR, VDE"",""Relay Type"":""General Purpose"",""Grade"":""-"",""Qualification"":""-"",""Series"":""MY""}"
"P7SA-10P","RELAY SOCKET 10 POS THROUGH HOLE","Omron","Relays & Timers","11.61","0","RELAY SOCKET 10 POS THROUGH HOLE","https://files.omron.eu/downloads/latest/datasheet/en/j120_g7sa_relays_with_forcibly_guided_contacts_datasheet_en.pdf","{""Type"":""Socket"",""Number of Positions"":""10"",""Mounting Type"":""Through Hole"",""Termination Style"":""PC Pin"",""For Use With/Related Products"":""G7SA Series"",""Series"":""G7SA""}"
"MY2N-GS-R AC110/120","RELAY GEN PURPOSE DPDT 5A 120V","Omron","Relays & Timers","11.97","0","RELAY GEN PURPOSE DPDT 5A 120V","https://files.omron.eu/downloads/latest/datasheet/en/j268_my-gs-r_my(s)_myk_myq_myh_miniature_power_relays_datasheet_en.pdf","{""Mounting Type"":""Socketable"",""Coil Voltage"":""120VAC"",""Contact Form"":""DPDT (2 Form C)"",""Contact Rating (Current)"":""10 A"",""Switching Voltage"":""250VAC, 220VDC - Max"",""Load - Max Switching"":""1750VA, 1540W"",""Coil Current"":""27.1 mA"",""Coil Type"":""Non Latching"",""Features"":""Lighted Indicator, Mechanical Indicator"",""Termination Style"":""Plug In, Quick Connect - 0.110\"" (2.8mm)"",""Seal Rating"":""-"",""Coil Insulation"":""-"",""Must Operate Voltage"":""96 VAC"",""Must Release Voltage"":""36 VAC"",""Operate Time"":""20 ms"",""Release Time"":""20 ms"",""Operating Temperature"":""-40°C ~ 70°C"",""Contact Material"":""Silver (Ag)"",""Approval Agency"":""CE, CSA, UR, VDE"",""Relay Type"":""General Purpose"",""Grade"":""-"",""Qualification"":""-"",""Series"":""MY""}"
"MY4-GS-R DC24","RELAY GEN PURPOSE 4PDT 3A 24V","Omron","Relays & Timers","12.29","0","RELAY GEN PURPOSE 4PDT 3A 24V","https://files.omron.eu/downloads/latest/datasheet/en/j268_my-gs-r_my(s)_myk_myq_myh_miniature_power_relays_datasheet_en.pdf","{""Mounting Type"":""Socketable"",""Coil Voltage"":""24VDC"",""Contact Form"":""4PDT (4 Form C)"",""Contact Rating (Current)"":""6 A"",""Switching Voltage"":""250VAC, 220VDC - Max"",""Load - Max Switching"":""1500VA, 1320W"",""Coil Current"":""36.3 mA"",""Coil Type"":""Non Latching"",""Features"":""Mechanical Indicator"",""Termination Style"":""Plug In, Quick Connect - 0.110\"" (2.8mm)"",""Seal Rating"":""-"",""Coil Insulation"":""-"",""Must Operate Voltage"":""19.2 VDC"",""Must Release Voltage"":""2.4 VDC"",""Operate Time"":""20 ms"",""Release Time"":""20 ms"",""Operating Temperature"":""-55°C ~ 70°C"",""Contact Material"":""Silver (Ag), Gold (Au)"",""Approval Agency"":""CE, CSA, UR, VDE"",""Relay Type"":""General Purpose"",""Grade"":""-"",""Qualification"":""-"",""Series"":""MY""}"
"MY4-GS-R AC110/120","RELAY GEN PURPOSE 4PDT 120V","Omron","Relays & Timers","12.6","0","RELAY GEN PURPOSE 4PDT 120V","https://files.omron.eu/downloads/latest/datasheet/en/j268_my-gs-r_my(s)_myk_myq_myh_miniature_power_relays_datasheet_en.pdf","{""Mounting Type"":""Socketable"",""Coil Voltage"":""120VAC"",""Contact Form"":""4PDT (4 Form C)"",""Contact Rating (Current)"":""6 A"",""Switching Voltage"":""250VAC, 220VDC - Max"",""Load - Max Switching"":""1500VA, 1320W"",""Coil Current"":""27.1 mA"",""Coil Type"":""Non Latching"",""Features"":""Mechanical Indicator"",""Termination Style"":""Plug In, Quick Connect - 0.110\"" (2.8mm)"",""Seal Rating"":""-"",""Coil Insulation"":""-"",""Must Operate Voltage"":""96 VAC"",""Must Release Voltage"":""36 VAC"",""Operate Time"":""20 ms"",""Release Time"":""20 ms"",""Operating Temperature"":""-55°C ~ 70°C"",""Contact Material"":""Silver (Ag), Gold (Au)"",""Approval Agency"":""CE, CSA, UR, VDE"",""Relay Type"":""General Purpose"",""Grade"":""-"",""Qualification"":""-"",""Series"":""MY""}"
"A22Z-3466-1","EMERGNCY STOP PLATE 60MM YLW/BLK","Omron","Safety","9.57","0","EMERGNCY STOP PLATE 60MM YLW/BLK","https://files.omron.eu/downloads/latest/datasheet/en/a263_a22ne_emergency_stop_push_button_switches_datasheet_en.pdf","{""Accessory Type"":""Emergency Stop Plate"",""For Use With/Related Products"":""A22E Series"",""Series"":""A22E""}"
"A22E-M-01","SW E-STOP TWIST RESET 10A 110V","Omron","Safety","65.56","0","SW E-STOP TWIST RESET 10A 110V","https://files.omron.eu/downloads/latest/datasheet/en/a263_a22ne_emergency_stop_push_button_switches_datasheet_en.pdf","{""Mounting Type"":""Panel Mount, Front"",""Reset Operation"":""Twist"",""Circuit"":""SPST-NC"",""Switch Function"":""On-Off"",""Features"":""-"",""Current Rating (Amps)"":""10A (AC/DC)"",""Voltage Rating - AC"":""110 V"",""Voltage Rating - DC"":""24 V"",""Panel Cutout Dimensions"":""Circular - 22.30mm Dia"",""Termination Style"":""Screw Terminal"",""Ingress Protection"":""IP65 - Dust Tight, Oil and Water Resistant"",""Operating Temperature"":""-20°C ~ 70°C"",""Illumination Voltage (Nominal)"":""-"",""Series"":""A22E""}"
"A165E-S-01","SWITCH ESTOP TWIST RESET 5A 125V","Omron","Safety","67.25","0","SWITCH ESTOP TWIST RESET 5A 125V","https://files.omron.eu/downloads/latest/datasheet/en/a165e_emergency_stop_switch_(16mm_dia.)_datasheet_en.pdf","{""Mounting Type"":""Panel Mount, Front"",""Reset Operation"":""Twist"",""Circuit"":""SPST-NC"",""Switch Function"":""On-Off"",""Features"":""-"",""Current Rating (Amps)"":""5A (AC), 3A (DC)"",""Voltage Rating - AC"":""125 V"",""Voltage Rating - DC"":""30 V"",""Panel Cutout Dimensions"":""Circular - 16.00mm Dia"",""Termination Style"":""Solder, Quick Connect - 0.110\"" (2.8mm)"",""Ingress Protection"":""IP65 - Dust Tight, Oil and Water Resistant"",""Operating Temperature"":""-10°C ~ 55°C"",""Illumination Voltage (Nominal)"":""-"",""Series"":""A165E""}"
"A22NE-M-P202-N","SW E-STOP TWIST RESET 10A 120V","Omron","Safety","70.46","0","SW E-STOP TWIST RESET 10A 120V","https://files.omron.eu/downloads/latest/datasheet/en/a263_a22ne_emergency_stop_push_button_switches_datasheet_en.pdf","{""Mounting Type"":""Panel Mount, Front"",""Reset Operation"":""Twist"",""Circuit"":""DPST-NC"",""Switch Function"":""On-Off"",""Features"":""-"",""Current Rating (Amps)"":""10A (AC), 8A (DC)"",""Voltage Rating - AC"":""120 V"",""Voltage Rating - DC"":""24 V"",""Panel Cutout Dimensions"":""Circular - 22.30mm Dia"",""Termination Style"":""Spring Terminal"",""Ingress Protection"":""IP65 - Dust Tight, Oil and Water Resistant"",""Operating Temperature"":""-20°C ~ 70°C"",""Illumination Voltage (Nominal)"":""-"",""Series"":""A22NE-P""}"
"A165E-S-02","SWITCH ESTOP TWIST RESET 5A 125V","Omron","Safety","88.54","0","SWITCH ESTOP TWIST RESET 5A 125V","https://files.omron.eu/downloads/latest/datasheet/en/a165e_emergency_stop_switch_(16mm_dia.)_datasheet_en.pdf","{""Mounting Type"":""Panel Mount, Front"",""Reset Operation"":""Twist"",""Circuit"":""DPST-NC"",""Switch Function"":""On-Off"",""Features"":""-"",""Current Rating (Amps)"":""5A (AC), 3A (DC)"",""Voltage Rating - AC"":""125 V"",""Voltage Rating - DC"":""30 V"",""Panel Cutout Dimensions"":""Circular - 16.00mm Dia"",""Termination Style"":""Solder, Quick Connect - 0.110\"" (2.8mm)"",""Ingress Protection"":""IP65 - Dust Tight, Oil and Water Resistant"",""Operating Temperature"":""-10°C ~ 55°C"",""Illumination Voltage (Nominal)"":""-"",""Series"":""A165E""}"
"A22E-M-02","SW E-STOP TWIST RESET 10A 110V","Omron","Safety","88.81","0","SW E-STOP TWIST RESET 10A 110V","https://files.omron.eu/downloads/latest/datasheet/en/a263_a22ne_emergency_stop_push_button_switches_datasheet_en.pdf","{""Mounting Type"":""Panel Mount, Front"",""Reset Operation"":""Twist"",""Circuit"":""DPST-NC"",""Switch Function"":""On-Off"",""Features"":""-"",""Current Rating (Amps)"":""10A (AC/DC)"",""Voltage Rating - AC"":""110 V"",""Voltage Rating - DC"":""24 V"",""Panel Cutout Dimensions"":""Circular - 22.30mm Dia"",""Termination Style"":""Screw Terminal"",""Ingress Protection"":""IP65 - Dust Tight, Oil and Water Resistant"",""Operating Temperature"":""-20°C ~ 70°C"",""Illumination Voltage (Nominal)"":""-"",""Series"":""A22E""}"
"A165E-S-03U","SWITCH ESTOP TWIST RESET 1A 125V","Omron","Safety","91.83","0","SWITCH ESTOP TWIST RESET 1A 125V","https://files.omron.eu/downloads/latest/datasheet/en/a165e_emergency_stop_switch_(16mm_dia.)_datasheet_en.pdf","{""Mounting Type"":""Panel Mount, Front"",""Reset Operation"":""Twist"",""Circuit"":""3PST-NC"",""Switch Function"":""On-Off"",""Features"":""-"",""Current Rating (Amps)"":""1A (AC/DC)"",""Voltage Rating - AC"":""125 V"",""Voltage Rating - DC"":""30 V"",""Panel Cutout Dimensions"":""Circular - 16.00mm Dia"",""Termination Style"":""Solder Lug"",""Ingress Protection"":""IP65 - Dust Tight, Oil and Water Resistant"",""Operating Temperature"":""-10°C ~ 55°C"",""Illumination Voltage (Nominal)"":""-"",""Series"":""A165E""}"
"A22E-M-03","SW E-STOP TWIST RESET 10A 110V","Omron","Safety","98.19","0","SW E-STOP TWIST RESET 10A 110V","https://assets.omron.com/m/2308f6a01e7c8efc/original/A22E_A263-E1_20_2-pdf.pdf","{""Mounting Type"":""Panel Mount, Front"",""Reset Operation"":""Twist"",""Circuit"":""3PST-NC"",""Switch Function"":""On-Off"",""Features"":""-"",""Current Rating (Amps)"":""10A (AC/DC)"",""Voltage Rating - AC"":""110 V"",""Voltage Rating - DC"":""24 V"",""Panel Cutout Dimensions"":""Circular - 22.30mm Dia"",""Termination Style"":""Screw Terminal"",""Ingress Protection"":""IP65 - Dust Tight, Oil and Water Resistant"",""Operating Temperature"":""-20°C ~ 70°C"",""Illumination Voltage (Nominal)"":""-"",""Series"":""A22E""}"
"A165E-LS-24D-02","SWITCH ESTOP TWIST RESET 5A 125V","Omron","Safety","99.79","0","SWITCH ESTOP TWIST RESET 5A 125V","https://files.omron.eu/downloads/latest/datasheet/en/a165e_emergency_stop_switch_(16mm_dia.)_datasheet_en.pdf","{""Mounting Type"":""Panel Mount, Front"",""Reset Operation"":""Twist"",""Circuit"":""DPST-NC"",""Switch Function"":""On-Off"",""Features"":""Illuminated (Red)"",""Current Rating (Amps)"":""5A (AC), 3A (DC)"",""Voltage Rating - AC"":""125 V"",""Voltage Rating - DC"":""30 V"",""Panel Cutout Dimensions"":""Circular - 16.00mm Dia"",""Termination Style"":""Solder, Quick Connect - 0.110\"" (2.8mm)"",""Ingress Protection"":""IP65 - Dust Tight, Water Resistant"",""Operating Temperature"":""-10°C ~ 55°C"",""Illumination Voltage (Nominal)"":""24 VDC"",""Series"":""A165E""}"
"A22NE-M-P202-N-B","SW E-STOP TWIST RESET 10A 120V","Omron","Safety","152.54","0","SW E-STOP TWIST RESET 10A 120V","https://files.omron.eu/downloads/latest/datasheet/en/a263_a22ne_emergency_stop_push_button_switches_datasheet_en.pdf","{""Mounting Type"":""Chassis Mount"",""Reset Operation"":""Twist"",""Circuit"":""DPST-NC"",""Switch Function"":""On-Off"",""Features"":""-"",""Current Rating (Amps)"":""10A (AC), 8A (DC)"",""Voltage Rating - AC"":""120 V"",""Voltage Rating - DC"":""24 V"",""Panel Cutout Dimensions"":""Circular - 22.30mm Dia"",""Termination Style"":""Spring Terminal"",""Ingress Protection"":""IP65 - Dust Tight, Water Resistant"",""Operating Temperature"":""-20°C ~ 70°C"",""Illumination Voltage (Nominal)"":""-"",""Series"":""A22NE-P""}"
"A22E-M-02B","SW E-STOP TWIST RESET 10A 110V","Omron","Safety","164.63","0","SW E-STOP TWIST RESET 10A 110V","https://files.omron.eu/downloads/latest/datasheet/en/a263_a22ne_emergency_stop_push_button_switches_datasheet_en.pdf","{""Mounting Type"":""Chassis Mount"",""Reset Operation"":""Twist"",""Circuit"":""DPST-NC"",""Switch Function"":""On-Off"",""Features"":""-"",""Current Rating (Amps)"":""10A (AC/DC)"",""Voltage Rating - AC"":""110 V"",""Voltage Rating - DC"":""24 V"",""Panel Cutout Dimensions"":""Circular - 22.30mm Dia"",""Termination Style"":""Screw Terminal"",""Ingress Protection"":""IP65 - Dust Tight, Oil and Water Resistant"",""Operating Temperature"":""-20°C ~ 70°C"",""Illumination Voltage (Nominal)"":""-"",""Series"":""A22E""}"
"A22E-M-11B","SW E-STOP TWIST RESET 10A 110V","Omron","Safety","164.63","0","SW E-STOP TWIST RESET 10A 110V","https://files.omron.eu/downloads/latest/datasheet/en/a263_a22ne_emergency_stop_push_button_switches_datasheet_en.pdf","{""Mounting Type"":""Chassis Mount"",""Reset Operation"":""Twist"",""Circuit"":""DPST-NO/NC"",""Switch Function"":""On-Off, Off-On"",""Features"":""-"",""Current Rating (Amps)"":""10A (AC/DC)"",""Voltage Rating - AC"":""110 V"",""Voltage Rating - DC"":""24 V"",""Panel Cutout Dimensions"":""Circular - 22.30mm Dia"",""Termination Style"":""Screw Terminal"",""Ingress Protection"":""IP65 - Dust Tight, Oil and Water Resistant"",""Operating Temperature"":""-20°C ~ 70°C"",""Illumination Voltage (Nominal)"":""-"",""Series"":""A22E""}"
"A22NE-M-P002-N","SW E-STOP TWIST RESET 10A 120V","Omron","Safety","66.12","0","SW E-STOP TWIST RESET 10A 120V","https://www.ia.omron.com:443/data_pdf/cat/a22ne-pd_a22ne-p_a22e_a263-e1_20_16_csm1265.pdf","{""Mounting Type"":""Panel Mount, Front"",""Reset Operation"":""Twist"",""Circuit"":""SPST-NC"",""Switch Function"":""On-Off"",""Features"":""-"",""Current Rating (Amps)"":""10A (AC), 8A (DC)"",""Voltage Rating - AC"":""120 V"",""Voltage Rating - DC"":""24 V"",""Panel Cutout Dimensions"":""Circular - 22.30mm Dia"",""Termination Style"":""Spring Terminal"",""Ingress Protection"":""IP65 - Dust Tight, Oil and Water Resistant"",""Operating Temperature"":""-20°C ~ 70°C"",""Illumination Voltage (Nominal)"":""-"",""Series"":""A22NE-P""}"
"A22E-S-02","SW E-STOP TWIST RESET 10A 110V","Omron","Safety","89.91","0","SW E-STOP TWIST RESET 10A 110V","https://files.omron.eu/downloads/latest/datasheet/en/a263_a22ne_emergency_stop_push_button_switches_datasheet_en.pdf","{""Mounting Type"":""Panel Mount, Front"",""Reset Operation"":""Twist"",""Circuit"":""DPST-NC"",""Switch Function"":""On-Off"",""Features"":""-"",""Current Rating (Amps)"":""10A (AC/DC)"",""Voltage Rating - AC"":""110 V"",""Voltage Rating - DC"":""24 V"",""Panel Cutout Dimensions"":""Circular - 22.30mm Dia"",""Termination Style"":""Screw Terminal"",""Ingress Protection"":""IP65 - Dust Tight, Oil and Water Resistant"",""Operating Temperature"":""-20°C ~ 70°C"",""Illumination Voltage (Nominal)"":""-"",""Series"":""A22E""}"
"A22E-M-12","SW E-STOP TWIST RESET 10A 110V","Omron","Safety","98.19","0","SW E-STOP TWIST RESET 10A 110V","https://files.omron.eu/downloads/latest/datasheet/en/a263_a22ne_emergency_stop_push_button_switches_datasheet_en.pdf","{""Mounting Type"":""Panel Mount, Front"",""Reset Operation"":""Twist"",""Circuit"":""3PST-2NC/1NO"",""Switch Function"":""On-Off, Off-On"",""Features"":""-"",""Current Rating (Amps)"":""10A (AC/DC)"",""Voltage Rating - AC"":""110 V"",""Voltage Rating - DC"":""24 V"",""Panel Cutout Dimensions"":""Circular - 22.30mm Dia"",""Termination Style"":""Screw Terminal"",""Ingress Protection"":""IP65 - Dust Tight, Oil and Water Resistant"",""Operating Temperature"":""-20°C ~ 70°C"",""Illumination Voltage (Nominal)"":""-"",""Series"":""A22E""}"
"A22NE-MP-P202N","SWITCH ESTOP PULL RESET 10A 120V","Omron","Safety","99.56","0","SWITCH ESTOP PULL RESET 10A 120V","https://www.ia.omron.com:443/data_pdf/cat/a22ne-pd_a22ne-p_a22e_a263-e1_20_16_csm1265.pdf","{""Mounting Type"":""Panel Mount, Front"",""Reset Operation"":""Pull"",""Circuit"":""DPST-NC"",""Switch Function"":""On-Off"",""Features"":""-"",""Current Rating (Amps)"":""10A (AC), 8A (DC)"",""Voltage Rating - AC"":""120 V"",""Voltage Rating - DC"":""24 V"",""Panel Cutout Dimensions"":""Circular - 22.30mm Dia"",""Termination Style"":""Spring Terminal"",""Ingress Protection"":""IP65 - Dust Tight, Oil and Water Resistant"",""Operating Temperature"":""-20°C ~ 70°C"",""Illumination Voltage (Nominal)"":""-"",""Series"":""A22NE-P""}"
"A22EL-M-12A-11","SW E-STOP TWIST RESET 10A 110V","Omron","Safety","102.31","0","SW E-STOP TWIST RESET 10A 110V","https://assets.omron.com/m/2308f6a01e7c8efc/original/A22E_A263-E1_20_2-pdf.pdf","{""Mounting Type"":""Panel Mount, Front"",""Reset Operation"":""Twist"",""Circuit"":""DPST-NO/NC"",""Switch Function"":""On-Off, Off-On"",""Features"":""Illuminated (Red)"",""Current Rating (Amps)"":""10A (AC/DC)"",""Voltage Rating - AC"":""110 V"",""Voltage Rating - DC"":""24 V"",""Panel Cutout Dimensions"":""Circular - 22.30mm Dia"",""Termination Style"":""Screw Terminal"",""Ingress Protection"":""IP65 - Dust Tight, Water Resistant"",""Operating Temperature"":""-20°C ~ 55°C"",""Illumination Voltage (Nominal)"":""12 VAC/DC"",""Series"":""A22E""}"
"A22E-MP-02","SWITCH ESTOP PULL RESET 10A 110V","Omron","Safety","103.68","0","SWITCH ESTOP PULL RESET 10A 110V","https://files.omron.eu/downloads/latest/datasheet/en/a263_a22ne_emergency_stop_push_button_switches_datasheet_en.pdf","{""Mounting Type"":""Panel Mount, Front"",""Reset Operation"":""Pull"",""Circuit"":""DPST-NC"",""Switch Function"":""On-Off"",""Features"":""-"",""Current Rating (Amps)"":""10A (AC/DC)"",""Voltage Rating - AC"":""110 V"",""Voltage Rating - DC"":""24 V"",""Panel Cutout Dimensions"":""Circular - 22.30mm Dia"",""Termination Style"":""Screw Terminal"",""Ingress Protection"":""IP65 - Dust Tight, Oil and Water Resistant"",""Operating Temperature"":""-20°C ~ 70°C"",""Illumination Voltage (Nominal)"":""-"",""Series"":""A22E""}"
"A22E-MP-11","SWITCH ESTOP PULL RESET 10A 110V","Omron","Safety","103.68","0","SWITCH ESTOP PULL RESET 10A 110V","https://assets.omron.com/m/2308f6a01e7c8efc/original/A22E_A263-E1_20_2-pdf.pdf","{""Mounting Type"":""Panel Mount, Front"",""Reset Operation"":""Pull"",""Circuit"":""DPST-NO/NC"",""Switch Function"":""On-Off, Off-On"",""Features"":""-"",""Current Rating (Amps)"":""10A (AC/DC)"",""Voltage Rating - AC"":""110 V"",""Voltage Rating - DC"":""24 V"",""Panel Cutout Dimensions"":""Circular - 22.30mm Dia"",""Termination Style"":""Screw Terminal"",""Ingress Protection"":""IP65 - Dust Tight, Oil and Water Resistant"",""Operating Temperature"":""-20°C ~ 70°C"",""Illumination Voltage (Nominal)"":""-"",""Series"":""A22E""}"
"A22EM-01B","SW E-STOP TWIST RESET 10A 110V","Omron","Safety","156.57","0","SW E-STOP TWIST RESET 10A 110V","https://assets.omron.com/m/2308f6a01e7c8efc/original/A22E_A263-E1_20_2-pdf.pdf","{""Mounting Type"":""Chassis Mount"",""Reset Operation"":""Twist"",""Circuit"":""SPST-NC"",""Switch Function"":""On-Off"",""Features"":""-"",""Current Rating (Amps)"":""10A (AC/DC)"",""Voltage Rating - AC"":""110 V"",""Voltage Rating - DC"":""24 V"",""Panel Cutout Dimensions"":""Circular - 22.30mm Dia"",""Termination Style"":""Screw Terminal"",""Ingress Protection"":""IP65 - Dust Tight, Oil and Water Resistant"",""Operating Temperature"":""-20°C ~ 70°C"",""Illumination Voltage (Nominal)"":""-"",""Series"":""A22E""}"
"S8VK-G01512","AC/DC DIN RAIL SUPPLY 12V 15W","Omron","Power Supplies","72.61","0","AC/DC DIN RAIL SUPPLY 12V 15W","https://files.omron.eu/downloads/latest/datasheet/en/t056_s8vk-g_switch_mode_power_supply_datasheet_en.pdf","{""Input Type"":""AC"",""Number of Outputs"":""1"",""AC Voltage - Input"":""85 ~ 264 VAC"",""Voltage - Output 1"":""12V"",""Voltage - Output 2"":""-"",""Voltage - Output 3"":""-"",""Voltage - Output 4"":""-"",""Voltage - Output 5"":""-"",""Voltage - Output 6"":""-"",""Current - Output (Max)"":""1.2A"",""Power (Watts)"":""15W"",""Voltage - Isolation"":""3 kV"",""Applications"":""ITE (Commercial)"",""Efficiency"":""77%"",""Operating Temperature"":""-40°C ~ 75°C (With Derating)"",""Features"":""Adjustable Output, Load Sharing, Universal Input"",""Size / Dimension"":""3.54\"" L x 0.89\"" W x 3.54\"" H (90.0mm x 22.5mm x 90.0mm)"",""Approval Agency"":""CE, cULus, cURus, VDE"",""Series"":""S8VK-G (15W)""}"
"S8VK-G01524","AC/DC DIN RAIL SUPPLY 24V 15W","Omron","Power Supplies","72.61","0","AC/DC DIN RAIL SUPPLY 24V 15W","https://files.omron.eu/downloads/latest/datasheet/en/t056_s8vk-g_switch_mode_power_supply_datasheet_en.pdf","{""Input Type"":""AC"",""Number of Outputs"":""1"",""AC Voltage - Input"":""85 ~ 264 VAC"",""Voltage - Output 1"":""24V"",""Voltage - Output 2"":""-"",""Voltage - Output 3"":""-"",""Voltage - Output 4"":""-"",""Voltage - Output 5"":""-"",""Voltage - Output 6"":""-"",""Current - Output (Max)"":""650mA"",""Power (Watts)"":""15W"",""Voltage - Isolation"":""3 kV"",""Applications"":""ITE (Commercial)"",""Efficiency"":""80%"",""Operating Temperature"":""-40°C ~ 75°C (With Derating)"",""Features"":""Adjustable Output, Load Sharing, Universal Input"",""Size / Dimension"":""3.54\"" L x 0.89\"" W x 3.54\"" H (90.0mm x 22.5mm x 90.0mm)"",""Approval Agency"":""CE, cULus, cURus, VDE"",""Series"":""S8VK-G (15W)""}"
"S8VK-C06024","AC/DC DIN RAIL SUPPLY 24V 60W","Omron","Power Supplies","87.41","0","AC/DC DIN RAIL SUPPLY 24V 60W","https://files.omron.eu/downloads/latest/datasheet/en/t058_s8vk-c_switch_mode_power_supply_datasheet_en.pdf","{""Input Type"":""AC"",""Number of Outputs"":""1"",""AC Voltage - Input"":""85 ~ 264 VAC"",""Voltage - Output 1"":""24V"",""Voltage - Output 2"":""-"",""Voltage - Output 3"":""-"",""Voltage - Output 4"":""-"",""Voltage - Output 5"":""-"",""Voltage - Output 6"":""-"",""Current - Output (Max)"":""2.5A"",""Power (Watts)"":""60W"",""Voltage - Isolation"":""3 kV"",""Applications"":""ITE (Commercial)"",""Efficiency"":""88%"",""Operating Temperature"":""-25°C ~ 60°C"",""Features"":""Adjustable Output, IP20, Universal Input"",""Size / Dimension"":""4.33\"" L x 1.26\"" W x 3.54\"" H (110.0mm x 32.0mm x 90.0mm)"",""Approval Agency"":""CE, cURus, TUV"",""Series"":""S8VK-C (60W)""}"
"S8VK-G03012","AC/DC DIN RAIL SUPPLY 12V 30W","Omron","Power Supplies","97.15","0","AC/DC DIN RAIL SUPPLY 12V 30W","https://files.omron.eu/downloads/latest/datasheet/en/t056_s8vk-g_switch_mode_power_supply_datasheet_en.pdf","{""Input Type"":""AC"",""Number of Outputs"":""1"",""AC Voltage - Input"":""85 ~ 264 VAC"",""Voltage - Output 1"":""12V"",""Voltage - Output 2"":""-"",""Voltage - Output 3"":""-"",""Voltage - Output 4"":""-"",""Voltage - Output 5"":""-"",""Voltage - Output 6"":""-"",""Current - Output (Max)"":""2.5A"",""Power (Watts)"":""30W"",""Voltage - Isolation"":""3 kV"",""Applications"":""ITE (Commercial)"",""Efficiency"":""82%"",""Operating Temperature"":""-40°C ~ 75°C (With Derating)"",""Features"":""Adjustable Output, Load Sharing, Universal Input"",""Size / Dimension"":""3.54\"" L x 1.26\"" W x 3.54\"" H (90.0mm x 32.0mm x 90.0mm)"",""Approval Agency"":""CE, cULus, cURus, VDE"",""Series"":""S8VK-G (30W)""}"
"S8VK-G03005","AC/DC DIN RAIL SUPPLY 5V 30W","Omron","Power Supplies","97.15","0","AC/DC DIN RAIL SUPPLY 5V 30W","https://files.omron.eu/downloads/latest/datasheet/en/t056_s8vk-g_switch_mode_power_supply_datasheet_en.pdf","{""Input Type"":""AC"",""Number of Outputs"":""1"",""AC Voltage - Input"":""85 ~ 264 VAC"",""Voltage - Output 1"":""5V"",""Voltage - Output 2"":""-"",""Voltage - Output 3"":""-"",""Voltage - Output 4"":""-"",""Voltage - Output 5"":""-"",""Voltage - Output 6"":""-"",""Current - Output (Max)"":""5A"",""Power (Watts)"":""30W"",""Voltage - Isolation"":""3 kV"",""Applications"":""ITE (Commercial)"",""Efficiency"":""79%"",""Operating Temperature"":""-40°C ~ 75°C (With Derating)"",""Features"":""Adjustable Output, Load Sharing, Universal Input"",""Size / Dimension"":""3.54\"" L x 1.26\"" W x 3.54\"" H (90.0mm x 32.0mm x 90.0mm)"",""Approval Agency"":""CE, cULus, cURus, VDE"",""Series"":""S8VK-G (30W)""}"
"S8VK-C12024","AC/DC DIN RAIL SUPPLY 24V 120W","Omron","Power Supplies","107.76","0","AC/DC DIN RAIL SUPPLY 24V 120W","https://files.omron.eu/downloads/latest/datasheet/en/t058_s8vk-c_switch_mode_power_supply_datasheet_en.pdf","{""Input Type"":""AC"",""Number of Outputs"":""1"",""AC Voltage - Input"":""85 ~ 264 VAC"",""DC Voltage - Input (Min)"":""90V"",""DC Voltage - Input (Max)"":""350V"",""Voltage - Output 1"":""24V"",""Voltage - Output 2"":""-"",""Voltage - Output 3"":""-"",""Voltage - Output 4"":""-"",""Voltage - Output 5"":""-"",""Voltage - Output 6"":""-"",""Current - Output (Max)"":""5A"",""Power (Watts)"":""120W"",""Voltage - Isolation"":""3 kV"",""Applications"":""ITE (Commercial)"",""Efficiency"":""88%"",""Operating Temperature"":""-25°C ~ 60°C"",""Features"":""Adjustable Output, DC Input Capable, IP20, Universal Input"",""Size / Dimension"":""4.81\"" L x 1.57\"" W x 4.92\"" H (122.2mm x 40.0mm x 125.0mm)"",""Approval Agency"":""CE, cURus, TUV"",""Series"":""S8VK-C (120W)""}"
"S8VK-G06012","AC/DC DIN RAIL SUPPLY 12V 60W","Omron","Power Supplies","113.51","0","AC/DC DIN RAIL SUPPLY 12V 60W","https://files.omron.eu/downloads/latest/datasheet/en/t056_s8vk-g_switch_mode_power_supply_datasheet_en.pdf","{""Input Type"":""AC"",""Number of Outputs"":""1"",""AC Voltage - Input"":""85 ~ 264 VAC"",""Voltage - Output 1"":""12V"",""Voltage - Output 2"":""-"",""Voltage - Output 3"":""-"",""Voltage - Output 4"":""-"",""Voltage - Output 5"":""-"",""Voltage - Output 6"":""-"",""Current - Output (Max)"":""5A"",""Power (Watts)"":""60W"",""Voltage - Isolation"":""3 kV"",""Applications"":""ITE (Commercial)"",""Efficiency"":""85%"",""Operating Temperature"":""-40°C ~ 75°C (With Derating)"",""Features"":""Adjustable Output, Load Sharing, Universal Input"",""Size / Dimension"":""3.54\"" L x 1.26\"" W x 3.54\"" H (90.0mm x 32.0mm x 90.0mm)"",""Approval Agency"":""CE, cULus, cURus, VDE"",""Series"":""S8VK-G (60W)""}"
"S8VK-G06024","AC/DC DIN RAIL SUPPLY 24V 60W","Omron","Power Supplies","113.51","0","AC/DC DIN RAIL SUPPLY 24V 60W","https://files.omron.eu/downloads/latest/datasheet/en/t056_s8vk-g_switch_mode_power_supply_datasheet_en.pdf","{""Input Type"":""AC"",""Number of Outputs"":""1"",""AC Voltage - Input"":""85 ~ 264 VAC"",""Voltage - Output 1"":""24V"",""Voltage - Output 2"":""-"",""Voltage - Output 3"":""-"",""Voltage - Output 4"":""-"",""Voltage - Output 5"":""-"",""Voltage - Output 6"":""-"",""Current - Output (Max)"":""2.5A"",""Power (Watts)"":""60W"",""Voltage - Isolation"":""3 kV"",""Applications"":""ITE (Commercial)"",""Efficiency"":""88%"",""Operating Temperature"":""-40°C ~ 75°C (With Derating)"",""Features"":""Adjustable Output, Load Sharing, Universal Input"",""Size / Dimension"":""4.33\"" L x 1.26\"" W x 3.54\"" H (110.0mm x 32.0mm x 90.0mm)"",""Approval Agency"":""CE, cULus, cURus, VDE"",""Series"":""S8VK-G (60W)""}"
"S8VK-G12024","AC/DC DIN RAIL SUPPLY 24V 120W","Omron","Power Supplies","159.04","0","AC/DC DIN RAIL SUPPLY 24V 120W","https://files.omron.eu/downloads/latest/datasheet/en/t056_s8vk-g_switch_mode_power_supply_datasheet_en.pdf","{""Input Type"":""AC"",""Number of Outputs"":""1"",""AC Voltage - Input"":""85 ~ 264 VAC"",""Voltage - Output 1"":""24V"",""Voltage - Output 2"":""-"",""Voltage - Output 3"":""-"",""Voltage - Output 4"":""-"",""Voltage - Output 5"":""-"",""Voltage - Output 6"":""-"",""Current - Output (Max)"":""5A"",""Power (Watts)"":""120W"",""Voltage - Isolation"":""3 kV"",""Applications"":""ITE (Commercial)"",""Efficiency"":""89%"",""Operating Temperature"":""-40°C ~ 75°C (With Derating)"",""Features"":""Adjustable Output, Load Sharing, Universal Input"",""Size / Dimension"":""4.81\"" L x 1.57\"" W x 4.92\"" H (122.2mm x 40.0mm x 125.0mm)"",""Approval Agency"":""CE, cULus, cURus, VDE"",""Series"":""S8VK-G (120W)""}"
"S8VK-S12024","AC/DC DIN RAIL SUPPLY 24V 120W","Omron","Power Supplies","190.86","0","AC/DC DIN RAIL SUPPLY 24V 120W","https://files.omron.eu/downloads/latest/datasheet/en/t205_s8vk-s_switch_mode_power_supply_datasheet_en.pdf","{""Input Type"":""AC or DC"",""Number of Outputs"":""1"",""AC Voltage - Input"":""85 ~ 264 VAC"",""DC Voltage - Input (Min)"":""90V"",""DC Voltage - Input (Max)"":""350V"",""Voltage - Output 1"":""24V"",""Voltage - Output 2"":""-"",""Voltage - Output 3"":""-"",""Voltage - Output 4"":""-"",""Voltage - Output 5"":""-"",""Voltage - Output 6"":""-"",""Current - Output (Max)"":""5A"",""Power (Watts)"":""120W"",""Voltage - Isolation"":""3 kV"",""Applications"":""ITE (Commercial)"",""Efficiency"":""92%"",""Operating Temperature"":""-40°C ~ 70°C (With Derating)"",""Features"":""Adjustable Output, Load Sharing, Universal Input"",""Size / Dimension"":""3.54\"" L x 2.17\"" W x 3.54\"" H (90.0mm x 55.0mm x 90.0mm)"",""Approval Agency"":""CE, cURus, TUV"",""Series"":""S8VK-S (120W)""}"
"S8VK-C24024","AC/DC DIN RAIL SUPPLY 24V 240W","Omron","Power Supplies","196.33","0","AC/DC DIN RAIL SUPPLY 24V 240W","https://files.omron.eu/downloads/latest/datasheet/en/t058_s8vk-c_switch_mode_power_supply_datasheet_en.pdf","{""Input Type"":""AC"",""Number of Outputs"":""1"",""AC Voltage - Input"":""85 ~ 264 VAC"",""Voltage - Output 1"":""24V"",""Voltage - Output 2"":""-"",""Voltage - Output 3"":""-"",""Voltage - Output 4"":""-"",""Voltage - Output 5"":""-"",""Voltage - Output 6"":""-"",""Current - Output (Max)"":""10A"",""Power (Watts)"":""240W"",""Voltage - Isolation"":""3 kV"",""Applications"":""ITE (Commercial)"",""Efficiency"":""87%"",""Operating Temperature"":""-25°C ~ 60°C"",""Features"":""Adjustable Output, IP20, Universal Input"",""Size / Dimension"":""5.91\"" L x 2.36\"" W x 4.92\"" H (150.0mm x 60.0mm x 125.0mm)"",""Approval Agency"":""CE, cURus, TUV"",""Series"":""S8VK-C (240W)""}"
"S8VS-06024A","AC/DC DIN RAIL SUPPLY 24V 60W","Omron","Power Supplies","233.33","0","AC/DC DIN RAIL SUPPLY 24V 60W","https://files.omron.eu/downloads/latest/datasheet/en/t026_s8vs_switch_mode_power_supply_datasheet_en.pdf","{""Input Type"":""AC"",""Number of Outputs"":""1"",""AC Voltage - Input"":""100 ~ 240 VAC"",""Voltage - Output 1"":""24V"",""Voltage - Output 2"":""-"",""Voltage - Output 3"":""-"",""Voltage - Output 4"":""-"",""Voltage - Output 5"":""-"",""Voltage - Output 6"":""-"",""Current - Output (Max)"":""2.5A"",""Power (Watts)"":""60W"",""Voltage - Isolation"":""3 kV"",""Applications"":""ITE (Commercial)"",""Efficiency"":""78%"",""Operating Temperature"":""-10°C ~ 60°C (With Derating)"",""Features"":""Adjustable Output, Universal Input"",""Size / Dimension"":""4.26\"" L x 1.57\"" W x 3.74\"" H (108.3mm x 40.0mm x 95.0mm)"",""Approval Agency"":""CE, cULus, cURus, VDE"",""Series"":""S8VS (60W)""}"
"S8VK-G24024","AC/DC DIN RAIL SUPPLY 24V 240W","Omron","Power Supplies","281.32","0","AC/DC DIN RAIL SUPPLY 24V 240W","https://files.omron.eu/downloads/latest/datasheet/en/t056_s8vk-g_switch_mode_power_supply_datasheet_en.pdf","{""Input Type"":""AC"",""Number of Outputs"":""1"",""AC Voltage - Input"":""85 ~ 264 VAC"",""Voltage - Output 1"":""24V"",""Voltage - Output 2"":""-"",""Voltage - Output 3"":""-"",""Voltage - Output 4"":""-"",""Voltage - Output 5"":""-"",""Voltage - Output 6"":""-"",""Current - Output (Max)"":""10A"",""Power (Watts)"":""240W"",""Voltage - Isolation"":""3 kV"",""Applications"":""ITE (Commercial)"",""Efficiency"":""92%"",""Operating Temperature"":""-40°C ~ 75°C (With Derating)"",""Features"":""Adjustable Output, Load Sharing, Universal Input"",""Size / Dimension"":""5.91\"" L x 2.36\"" W x 4.92\"" H (150.0mm x 60.0mm x 125.0mm)"",""Approval Agency"":""CE, cULus, cURus, VDE"",""Series"":""S8VK-G (240W)""}"
"S8VK-G24048","AC/DC DIN RAIL SUPPLY 48V 240W","Omron","Power Supplies","281.32","0","AC/DC DIN RAIL SUPPLY 48V 240W","https://files.omron.eu/downloads/latest/datasheet/en/t056_s8vk-g_switch_mode_power_supply_datasheet_en.pdf","{""Input Type"":""AC"",""Number of Outputs"":""1"",""AC Voltage - Input"":""85 ~ 264 VAC"",""Voltage - Output 1"":""48V"",""Voltage - Output 2"":""-"",""Voltage - Output 3"":""-"",""Voltage - Output 4"":""-"",""Voltage - Output 5"":""-"",""Voltage - Output 6"":""-"",""Current - Output (Max)"":""5A"",""Power (Watts)"":""240W"",""Voltage - Isolation"":""3 kV"",""Applications"":""ITE (Commercial)"",""Efficiency"":""92%"",""Operating Temperature"":""-40°C ~ 75°C (With Derating)"",""Features"":""Adjustable Output, Load Sharing, Universal Input"",""Size / Dimension"":""5.91\"" L x 2.36\"" W x 4.92\"" H (150.0mm x 60.0mm x 125.0mm)"",""Approval Agency"":""CE, cULus, cURus, VDE"",""Series"":""S8VK-G (240W)""}"
"S8VK-G48024","AC/DC DIN RAIL SUPPLY 24V 480W","Omron","Power Supplies","332.03","0","AC/DC DIN RAIL SUPPLY 24V 480W","https://files.omron.eu/downloads/latest/datasheet/en/t056_s8vk-g_switch_mode_power_supply_datasheet_en.pdf","{""Input Type"":""AC"",""Number of Outputs"":""1"",""AC Voltage - Input"":""85 ~ 264 VAC"",""Voltage - Output 1"":""24V"",""Voltage - Output 2"":""-"",""Voltage - Output 3"":""-"",""Voltage - Output 4"":""-"",""Voltage - Output 5"":""-"",""Voltage - Output 6"":""-"",""Current - Output (Max)"":""20A"",""Power (Watts)"":""480W"",""Voltage - Isolation"":""3 kV"",""Applications"":""ITE (Commercial)"",""Efficiency"":""93%"",""Operating Temperature"":""-40°C ~ 75°C (With Derating)"",""Features"":""Adjustable Output, Load Sharing, Universal Input"",""Size / Dimension"":""5.91\"" L x 3.74\"" W x 4.92\"" H (150.0mm x 95.0mm x 125.0mm)"",""Approval Agency"":""CE, cULus, cURus, VDE"",""Series"":""S8VK-G (480W)""}"
"GQ-CRM21","COMPO NET GATEWAY UNIT CC-LINK","Omron","Industrial Networking","1066.07","0","COMPO NET GATEWAY UNIT CC-LINK","","{""Series"":""*""}"
"3G3AX-GW-EIP","ETHERNETIP GATEWAY","Omron","Industrial Networking","1488","0","ETHERNETIP GATEWAY","//mm.digikey.com/Volume0/opasdata/d220001/medias/docus/7250/jx_mx2-v1_rx-v1_i917-e1_8_2_csm1007299.pdf","{""Accessory Type"":""-"",""For Use With/Related Products"":""-"",""Usage"":""-"",""Specifications"":""-"",""Series"":""-""}"
"NX-CSG320","COMMUNICATION SAFETY GATEWAY","Omron","Industrial Networking","1985.75","0","COMMUNICATION SAFETY GATEWAY","https://files.omron.eu/downloads/latest/datasheet/en/f125_nx-csg_nx-series_communication_control_unit_datasheet_en.pdf","{""Series"":""*"",""Pack Size"":""2""}"
"GX-ILM08C","GX IO-LINK MASTER IP67","Omron","Industrial Networking","943.76","0","GX IO-LINK MASTER IP67","https://www.ia.omron.com/data_pdf/cat/gx_ds_e_9_14_csm1003469.pdf","{""Accessory Type"":""Communications Unit"",""For Use With/Related Products"":""GX Series"",""Series"":""GX""}"
"XS2C-D4S1","CONN RCPT FMALE 4POS GOLD SCREW","Omron","Cables & Connectors","18.02","0","CONN RCPT FMALE 4POS GOLD SCREW","https://files.omron.eu/downloads/latest/datasheet/en/x800_xs2_water-resistant_connectors_m12_datasheet_en.pdf","{""Connector Type"":""Receptacle, Female Sockets"",""Number of Positions"":""4"",""Shell Size - Insert"":""M12-4"",""Shell Size, MIL"":""-"",""Mounting Type"":""Free Hanging (In-Line)"",""Mounting Feature"":""-"",""Termination"":""Screw"",""Fastening Type"":""Threaded"",""Orientation"":""Keyed"",""Primary Material"":""Metal"",""Shell Material"":""Brass"",""Shell Finish"":""Nickel"",""Contact Finish - Mating"":""Gold"",""Color"":""Black, Silver"",""Ingress Protection"":""IP67 - Dust Tight, Waterproof"",""Material Flammability Rating"":""UL94 V-0"",""Features"":""Backshell, Coupling Nut"",""Shielding"":""Unshielded"",""Current Rating (Amps)"":""4A"",""Voltage Rating"":""250VAC/DC"",""Cable Opening"":""0.118\"" ~ 0.236\"" (3.00mm ~ 6.00mm)"",""Operating Temperature"":""-25°C ~ 70°C"",""Series"":""XS2""}"
"XS2C-D4S7","CONN RCPT FMALE 4POS GOLD SCREW","Omron","Cables & Connectors","23.28","0","CONN RCPT FMALE 4POS GOLD SCREW","https://assets.omron.com/m/1681effe1b8fa826/original/XS2-Series-Connectors-Datasheet.pdf","{""Connector Type"":""Receptacle, Female Sockets"",""Number of Positions"":""4"",""Shell Size - Insert"":""M12-4"",""Shell Size, MIL"":""-"",""Mounting Type"":""Free Hanging (In-Line)"",""Mounting Feature"":""-"",""Termination"":""Screw"",""Fastening Type"":""Threaded"",""Orientation"":""Keyed"",""Primary Material"":""Metal"",""Shell Material"":""Brass"",""Shell Finish"":""Nickel"",""Contact Finish - Mating"":""Gold"",""Color"":""Black, Silver"",""Ingress Protection"":""IP67 - Dust Tight, Waterproof"",""Material Flammability Rating"":""UL94 V-0"",""Features"":""Backshell, Coupling Nut"",""Shielding"":""Unshielded"",""Current Rating (Amps)"":""4A"",""Voltage Rating"":""250VAC/DC"",""Cable Opening"":""0.276\"" ~ 0.315\"" (7.00mm ~ 8.00mm)"",""Operating Temperature"":""-25°C ~ 70°C"",""Series"":""XS2""}"
"XS5C-D418","CONN RCPT FMALE 4P IDC BLOCK","Omron","Cables & Connectors","24.88","0","CONN RCPT FMALE 4P IDC BLOCK","https://files.omron.eu/downloads/latest/datasheet/en/xs5_water-resistant_smartclick_connectors_datasheet_en.pdf","{""Connector Type"":""Receptacle, Female Sockets"",""Number of Positions"":""4"",""Shell Size - Insert"":""M12-4"",""Shell Size, MIL"":""-"",""Mounting Type"":""Free Hanging (In-Line)"",""Mounting Feature"":""-"",""Termination"":""IDC Block"",""Fastening Type"":""Push-Twist"",""Orientation"":""Keyed"",""Primary Material"":""Metal"",""Shell Material"":""Zinc Alloy"",""Shell Finish"":""Nickel"",""Contact Finish - Mating"":""Gold"",""Color"":""Black, Silver"",""Ingress Protection"":""IP67 - Dust Tight, Waterproof"",""Material Flammability Rating"":""UL94 V-0"",""Features"":""Backshell, Coupling Nut"",""Shielding"":""-"",""Current Rating (Amps)"":""4A"",""Voltage Rating"":""250VDC"",""Cable Opening"":""0.118\"" ~ 0.315\"" (3.00mm ~ 8.00mm)"",""Operating Temperature"":""-25°C ~ 70°C"",""Series"":""XS5""}"
"XS5G-D418","CONN PLUG MALE 4P GOLD IDC BLOCK","Omron","Cables & Connectors","24.88","0","CONN PLUG MALE 4P GOLD IDC BLOCK","https://files.omron.eu/downloads/latest/datasheet/en/xs5_water-resistant_smartclick_connectors_datasheet_en.pdf","{""Connector Type"":""Plug, Male Pins"",""Number of Positions"":""4"",""Shell Size - Insert"":""M12-4"",""Shell Size, MIL"":""-"",""Mounting Type"":""Free Hanging (In-Line)"",""Mounting Feature"":""-"",""Termination"":""IDC Block"",""Fastening Type"":""Push-Twist"",""Orientation"":""Keyed"",""Primary Material"":""Metal"",""Shell Material"":""Zinc Alloy"",""Shell Finish"":""Nickel"",""Contact Finish - Mating"":""Gold"",""Color"":""Black, Silver"",""Ingress Protection"":""IP67 - Dust Tight, Waterproof"",""Material Flammability Rating"":""UL94 V-0"",""Features"":""Backshell"",""Shielding"":""-"",""Current Rating (Amps)"":""4A"",""Voltage Rating"":""250VDC"",""Cable Opening"":""0.118\"" ~ 0.315\"" (3.00mm ~ 8.00mm)"",""Operating Temperature"":""-25°C ~ 70°C"",""Series"":""XS5""}"
"D4NS-9AF","INTERLOCK NON-LOCKING DPST","Omron","Cables & Connectors","164.63","0","INTERLOCK NON-LOCKING DPST","https://files.omron.eu/downloads/latest/datasheet/en/d4ns_d4ns-sk_safety-door_switch_datasheet_en.pdf;https://files.omron.eu/downloads/latest/datasheet/en/c128_d4ns_safety-door_switch_datasheet_en.pdf","{""Type"":""Non-Locking"",""Circuit"":""DPST-NO/NC"",""Current Rating (Amps)"":""3A (AC)"",""Voltage Rating"":""240VAC"",""Voltage - Supply"":""-"",""Holding Force"":""6kgf"",""Actuator Type"":""Panel Disconnect"",""Termination Style"":""Screw Terminal"",""Features"":""M12 Connector"",""Must Operate"":""-"",""Must Release"":""-"",""Conduit Thread Size"":""-"",""Operating Temperature"":""-30°C ~ 70°C"",""Ingress Protection"":""IP67 - Dust Tight, Waterproof"",""Approval Agency"":""CCC, CE, cULus, TUV"",""Series"":""D4NS""}"
"T2007-02SCC5","INTERLOCK NON-LOCKING DPST","Omron","Cables & Connectors","372.81","0","INTERLOCK NON-LOCKING DPST","https://assets.omron.com/m/5120796169939290/original/T2007_Datasheet_en_201408_C25I-E-01-pdf.pdf","{""Type"":""Non-Locking"",""Circuit"":""DPST-NC"",""Current Rating (Amps)"":""5A (AC), 2A (DC)"",""Voltage Rating"":""100VAC, 24VDC"",""Voltage - Supply"":""-"",""Holding Force"":""612gf"",""Actuator Type"":""Panel Disconnect"",""Termination Style"":""Cable with Connector (M12)"",""Features"":""-"",""Must Operate"":""-"",""Must Release"":""-"",""Conduit Thread Size"":""-"",""Operating Temperature"":""-20°C ~ 80°C"",""Ingress Protection"":""IP67 - Dust Tight, Waterproof"",""Approval Agency"":""CE, cULus"",""Series"":""T2007""}"
"XS2Z-11","CONN COVER M12 SILVER","Omron","Cables & Connectors","9.61","0","CONN COVER M12 SILVER","https://assets.omron.com/m/1681effe1b8fa826/original/XS2-Series-Connectors-Datasheet.pdf","{""Accessory Type"":""Cap (Cover)"",""For Use With/Related Products"":""XS2G/XS2H/XS2M/XS2R Series"",""Shell Size - Insert"":""M12"",""Material"":""Brass"",""Features"":""Dust Tight, Waterproof"",""Color"":""Silver"",""Series"":""XS2""}"
"XS2M-D424-2","CONN PLUG MALE 4P GOLD SLDR CUP","Omron","Cables & Connectors","14","0","CONN PLUG MALE 4P GOLD SLDR CUP","https://assets.omron.com/m/1681effe1b8fa826/original/XS2-Series-Connectors-Datasheet.pdf","{""Connector Type"":""Plug, Male Pins"",""Number of Positions"":""4"",""Shell Size - Insert"":""M12-4"",""Shell Size, MIL"":""-"",""Mounting Type"":""Panel Mount"",""Mounting Feature"":""Bulkhead - Front Side Nut"",""Termination"":""Solder Cup"",""Fastening Type"":""Threaded"",""Orientation"":""Keyed"",""Primary Material"":""Metal"",""Shell Material"":""Brass"",""Shell Finish"":""Nickel"",""Contact Finish - Mating"":""Gold"",""Color"":""Silver"",""Ingress Protection"":""IP67 - Dust Tight, Waterproof"",""Material Flammability Rating"":""UL94 V-0"",""Features"":""-"",""Shielding"":""-"",""Current Rating (Amps)"":""3A"",""Voltage Rating"":""125VDC"",""Cable Opening"":""0.630\"" (16.00mm)"",""Operating Temperature"":""-25°C ~ 70°C"",""Series"":""XS2""}"
"XS2C-D423","CONN RCPT FMALE 4P GOLD SLDR CUP","Omron","Cables & Connectors","22.37","0","CONN RCPT FMALE 4P GOLD SLDR CUP","https://assets.omron.com/m/1681effe1b8fa826/original/XS2-Series-Connectors-Datasheet.pdf","{""Connector Type"":""Receptacle, Female Sockets"",""Number of Positions"":""4"",""Shell Size - Insert"":""M12-4"",""Shell Size, MIL"":""-"",""Mounting Type"":""Free Hanging (In-Line)"",""Mounting Feature"":""-"",""Termination"":""Solder Cup"",""Fastening Type"":""Threaded"",""Orientation"":""Keyed"",""Primary Material"":""Metal"",""Shell Material"":""Brass"",""Shell Finish"":""Nickel"",""Contact Finish - Mating"":""Gold"",""Color"":""Black, Silver"",""Ingress Protection"":""IP67 - Dust Tight, Waterproof"",""Material Flammability Rating"":""UL94 V-0"",""Features"":""Backshell, Coupling Nut"",""Shielding"":""Unshielded"",""Current Rating (Amps)"":""4A"",""Voltage Rating"":""250VAC/DC"",""Cable Opening"":""0.157\"" ~ 0.197\"" (4.00mm ~ 5.00mm)"",""Operating Temperature"":""-25°C ~ 70°C"",""Series"":""XS2""}"
"XS5G-D4S2","CONN PLUG MALE 4POS GOLD SCREW","Omron","Cables & Connectors","24.38","0","CONN PLUG MALE 4POS GOLD SCREW","https://files.omron.eu/downloads/latest/datasheet/en/xs5_water-resistant_smartclick_connectors_datasheet_en.pdf?v=1","{""Connector Type"":""Plug, Male Pins"",""Number of Positions"":""4"",""Shell Size - Insert"":""M12-4"",""Shell Size, MIL"":""-"",""Mounting Type"":""Free Hanging (In-Line), Right Angle"",""Mounting Feature"":""-"",""Termination"":""Screw"",""Fastening Type"":""Push-Twist"",""Orientation"":""Keyed"",""Primary Material"":""Metal"",""Shell Material"":""Zinc Alloy"",""Shell Finish"":""Nickel"",""Contact Finish - Mating"":""Gold"",""Color"":""Black, Silver"",""Ingress Protection"":""IP67 - Dust Tight, Waterproof"",""Material Flammability Rating"":""UL94 V-0"",""Features"":""Backshell"",""Shielding"":""-"",""Current Rating (Amps)"":""4A"",""Voltage Rating"":""250VDC"",""Cable Opening"":""0.197\"" ~ 0.236\"" (5.00mm ~ 6.00mm)"",""Operating Temperature"":""-25°C ~ 70°C"",""Series"":""XS5""}"
"XS5C-D4S3","CONN RCPT FMALE 4POS GOLD SCREW","Omron","Cables & Connectors","25.86","0","CONN RCPT FMALE 4POS GOLD SCREW","https://files.omron.eu/downloads/latest/datasheet/en/xs5_water-resistant_smartclick_connectors_datasheet_en.pdf?v=1","{""Connector Type"":""Receptacle, Female Sockets"",""Number of Positions"":""4"",""Shell Size - Insert"":""M12-4"",""Shell Size, MIL"":""-"",""Mounting Type"":""Free Hanging (In-Line)"",""Mounting Feature"":""-"",""Termination"":""Screw"",""Fastening Type"":""Push-Twist"",""Orientation"":""Keyed"",""Primary Material"":""Metal"",""Shell Material"":""Zinc Alloy"",""Shell Finish"":""Nickel"",""Contact Finish - Mating"":""Gold"",""Color"":""Black, Silver"",""Ingress Protection"":""IP67 - Dust Tight, Waterproof"",""Material Flammability Rating"":""UL94 V-0"",""Features"":""Backshell, Coupling Nut"",""Shielding"":""-"",""Current Rating (Amps)"":""4A"",""Voltage Rating"":""250VDC"",""Cable Opening"":""0.157\"" ~ 0.197\"" (4.00mm ~ 5.00mm)"",""Operating Temperature"":""-25°C ~ 70°C"",""Series"":""XS5""}"
"XS5G-D5S1","CONN PLUG MALE 5POS GOLD SCREW","Omron","Cables & Connectors","29.85","0","CONN PLUG MALE 5POS GOLD SCREW","https://files.omron.eu/downloads/latest/datasheet/en/xs5_water-resistant_smartclick_connectors_datasheet_en.pdf?v=1","{""Connector Type"":""Plug, Male Pins"",""Number of Positions"":""5"",""Shell Size - Insert"":""M12-5"",""Shell Size, MIL"":""-"",""Mounting Type"":""Free Hanging (In-Line)"",""Mounting Feature"":""-"",""Termination"":""Screw"",""Fastening Type"":""Push-Twist"",""Orientation"":""Keyed"",""Primary Material"":""Metal"",""Shell Material"":""Zinc Alloy"",""Shell Finish"":""Nickel"",""Contact Finish - Mating"":""Gold"",""Color"":""Black, Silver"",""Ingress Protection"":""IP67 - Dust Tight, Waterproof"",""Material Flammability Rating"":""UL94 V-0"",""Features"":""Backshell"",""Shielding"":""-"",""Current Rating (Amps)"":""4A"",""Voltage Rating"":""250VDC"",""Cable Opening"":""0.197\"" ~ 0.236\"" (5.00mm ~ 6.00mm)"",""Operating Temperature"":""-25°C ~ 70°C"",""Series"":""XS5""}"
"XS2P-D421-2","CONN RCPT FMALE 4P GOLD SLDR CUP","Omron","Cables & Connectors","37.49","0","CONN RCPT FMALE 4P GOLD SLDR CUP","https://assets.omron.com/m/1681effe1b8fa826/original/XS2-Series-Connectors-Datasheet.pdf","{""Connector Type"":""Receptacle, Female Sockets"",""Number of Positions"":""4"",""Shell Size - Insert"":""M12-4"",""Shell Size, MIL"":""-"",""Mounting Type"":""Panel Mount"",""Mounting Feature"":""Bulkhead - Rear Side Nut"",""Termination"":""Solder Cup"",""Fastening Type"":""Threaded"",""Orientation"":""Keyed"",""Primary Material"":""Metal"",""Shell Material"":""Brass"",""Shell Finish"":""Nickel"",""Contact Finish - Mating"":""Gold"",""Color"":""Silver"",""Ingress Protection"":""IP67 - Dust Tight, Waterproof"",""Material Flammability Rating"":""UL94 V-0"",""Features"":""-"",""Shielding"":""-"",""Current Rating (Amps)"":""3A"",""Voltage Rating"":""125VDC"",""Cable Opening"":""-"",""Operating Temperature"":""-25°C ~ 70°C"",""Series"":""XS2""}"
"XS2P-D822-2","CONN RCPT FMALE 8P GOLD SLDR CUP","Omron","Cables & Connectors","79.68","0","CONN RCPT FMALE 8P GOLD SLDR CUP","","{""Connector Type"":""Receptacle, Female Sockets"",""Number of Positions"":""8"",""Shell Size - Insert"":""M12-8"",""Shell Size, MIL"":""-"",""Mounting Type"":""Panel Mount"",""Mounting Feature"":""Bulkhead - Front Side Nut"",""Termination"":""Solder Cup"",""Fastening Type"":""Threaded"",""Orientation"":""Keyed"",""Primary Material"":""Metal"",""Shell Material"":""Brass"",""Shell Finish"":""Nickel"",""Contact Finish - Mating"":""Gold"",""Color"":""Silver"",""Ingress Protection"":""IP67 - Dust Tight, Waterproof"",""Material Flammability Rating"":""UL94 V-0"",""Features"":""-"",""Shielding"":""-"",""Current Rating (Amps)"":""1.5A"",""Voltage Rating"":""36VDC"",""Cable Opening"":""-"",""Operating Temperature"":""-25°C ~ 70°C"",""Series"":""XS2""}"
"XS5W-D423-G81-F","CORDSET","Omron","Cables & Connectors","67.79","0","CORDSET","//mm.digikey.com/Volume0/opasdata/d220001/medias/docus/5334/XS5_Series.pdf","{""1st Connector Type"":""Receptacle"",""1st Connector Gender"":""Female Sockets"",""1st Connector Number of Positions"":""5"",""1st Connector Number of Positions Loaded"":""All"",""1st Connector Shell Size - Insert"":""M12"",""1st Connector Orientation"":""A"",""1st Connector Mounting Type"":""Free Hanging (In-Line)"",""2nd Connector Type"":""Plug, Right Angle"",""2nd Connector Gender"":""Male Pins"",""2nd Connector Number of Positions"":""5"",""2nd Connector Number of Positions Loaded"":""All"",""2nd Connector Shell Size - Insert"":""M12"",""2nd Connector Orientation"":""A"",""2nd Connector Mounting Type"":""Free Hanging (In-Line)"",""Length"":""13.12' (4.00m)"",""Assembly Configuration"":""Standard"",""Cable Type"":""Round"",""Cable Material"":""Polyvinyl Chloride (PVC)"",""Color"":""Black"",""Shielding"":""Unshielded"",""Ingress Protection"":""IP67 - Dust Tight, Waterproof"",""Usage"":""-"",""Series"":""XS5W""}"
"A22NZ-S-G1A","CONTACT BLOCK SPST-NO 10A 120V","Omron","Cables & Connectors","8.77","0","CONTACT BLOCK SPST-NO 10A 120V","https://files.omron.eu/downloads/latest/datasheet/en/a254_a22n_m22n_a30n_pushbutton_selector_switch_and_indicator_datasheet_en.pdf","{""Circuit"":""SPST-NO"",""Requires"":""Switch Body"",""Termination Style"":""Screw Terminal"",""Contact Rating @ Voltage"":""10A @ 120VAC"",""(Select First, Then Apply Filters) Compatible Series"":""Omron, A22N"",""Series"":""A22N""}"
"A22-01","CONTACT BLOCK SPST-NC 10A 110V","Omron","Cables & Connectors","22.28","0","CONTACT BLOCK SPST-NC 10A 110V","https://files.omron.eu/downloads/latest/datasheet/en/a22_pushbutton_switch_datasheet_en.pdf","{""Circuit"":""SPST-NC"",""Requires"":""Switch Body"",""Termination Style"":""Screw Terminal"",""Contact Rating @ Voltage"":""10A @ 110VAC"",""(Select First, Then Apply Filters) Compatible Series"":""Omron, A22"",""Series"":""A22""}"
"PFP-S","TRACK SPACER FOR DIN RAIL","Omron","Cables & Connectors","1.23","0","TRACK SPACER FOR DIN RAIL","https://files.omron.eu/downloads/latest/datasheet/en/j168_mk-s_general-purpose_relays_datasheet_en.pdf","{""For Use With/Related Products"":""Din Rail Track"",""Color"":""-"",""Series"":""-""}"
"PFP-M","END PLATE FOR DIN TRACK RAIL","Omron","Cables & Connectors","1.55","0","END PLATE FOR DIN TRACK RAIL","https://files.omron.eu/downloads/latest/datasheet/en/g2r-_-s_general-purpose_relay_datasheet_en.pdf","{""For Use With/Related Products"":""Din Rail Track"",""Color"":""-"",""Series"":""-""}"
"E6CP-AG5C-C","ENCODER OPT GRAY CODE R/A CABLE","Omron","Encoders","494.02","0","ENCODER OPT GRAY CODE R/A CABLE","https://www.ia.omron.com/data_pdf/cat/e6cp-a_ds_e_6_5_csm496.pdf","{""DigiKey Programmable"":""Not Verified"",""Encoder Type"":""Optical"",""Output Type"":""Gray Code (Absolute)"",""Pulses per Revolution"":""256"",""Voltage - Supply"":""12V ~ 24V"",""Actuator Type"":""6mm Dia Flatted End"",""Detent"":""No"",""Built in Switch"":""No"",""Mounting Type"":""Chassis Mount"",""Orientation"":""Right Angle"",""Termination Style"":""Cable with Connector"",""Rotational Life (Cycles Min)"":""-"",""Series"":""E6CP""}"
"E69-C04B","COUPLING FOR ROTARY ENCODER","Omron","Encoders","41.91","0","COUPLING FOR ROTARY ENCODER","https://www.ia.omron.com:443/data_pdf/cat/rotaryencoder_op_e_8_2_csm504.pdf","{""Accessory Type"":""Coupling"",""For Use With/Related Products"":""-"",""Series"":""-""}"
"E6B2-CWZ6C-1 200P/R","ENCODER OPT QUAD VERT CABLE LEAD","Omron","Encoders","674.84","0","ENCODER OPT QUAD VERT CABLE LEAD","https://www.ia.omron.com/data_pdf/cat/e6b2-c_ds_e_6_3_csm491.pdf","{""DigiKey Programmable"":""Not Verified"",""Encoder Type"":""Optical"",""Output Type"":""Quadrature with Index (Incremental)"",""Pulses per Revolution"":""200"",""Voltage - Supply"":""5V ~ 24V"",""Actuator Type"":""6mm Dia Flatted End"",""Detent"":""No"",""Built in Switch"":""No"",""Mounting Type"":""Chassis Mount"",""Orientation"":""Vertical"",""Termination Style"":""Cable Leads"",""Rotational Life (Cycles Min)"":""100M"",""Series"":""E6B2""}"
"E6C2-CWZ5B 1000P/R 2M","ENCODER OPT QUAD VERT CABLE LEAD","Omron","Encoders","723.53","0","ENCODER OPT QUAD VERT CABLE LEAD","https://files.omron.eu/downloads/latest/datasheet/en/q109_e6c2-c_incremental_rotary_encoder_dia_50mm_datasheet_en.pdf","{""DigiKey Programmable"":""Not Verified"",""Encoder Type"":""Optical"",""Output Type"":""Quadrature with Index (Incremental)"",""Pulses per Revolution"":""1000"",""Voltage - Supply"":""12V ~ 24V"",""Actuator Type"":""6mm Dia Flatted End"",""Detent"":""No"",""Built in Switch"":""No"",""Mounting Type"":""Chassis Mount"",""Orientation"":""Vertical"",""Termination Style"":""Cable Leads"",""Rotational Life (Cycles Min)"":""-"",""Series"":""E6C2""}"
"E6C2-CWZ6C 1000P/R 2M","ENCODER OPT QUAD VERT CABLE LEAD","Omron","Encoders","723.53","0","ENCODER OPT QUAD VERT CABLE LEAD","https://files.omron.eu/downloads/latest/datasheet/en/q109_e6c2-c_incremental_rotary_encoder_dia_50mm_datasheet_en.pdf","{""DigiKey Programmable"":""Not Verified"",""Encoder Type"":""Optical"",""Output Type"":""Quadrature with Index (Incremental)"",""Pulses per Revolution"":""1000"",""Voltage - Supply"":""5V ~ 24V"",""Actuator Type"":""6mm Dia Flatted End"",""Detent"":""No"",""Built in Switch"":""No"",""Mounting Type"":""Chassis Mount"",""Orientation"":""Vertical"",""Termination Style"":""Cable Leads"",""Rotational Life (Cycles Min)"":""-"",""Series"":""E6C2""}"
"E6B2-CWZ5B 2000P/R 0.5M","ENCODER OPT QUAD VERT CABLE LEAD","Omron","Encoders","748.3","0","ENCODER OPT QUAD VERT CABLE LEAD","https://www.ia.omron.com/data_pdf/cat/e6b2-c_ds_e_6_3_csm491.pdf","{""DigiKey Programmable"":""Not Verified"",""Encoder Type"":""Optical"",""Output Type"":""Quadrature with Index (Incremental)"",""Pulses per Revolution"":""2000"",""Voltage - Supply"":""12V ~ 24V"",""Actuator Type"":""6mm Dia Flatted End"",""Detent"":""No"",""Built in Switch"":""No"",""Mounting Type"":""Chassis Mount"",""Orientation"":""Vertical"",""Termination Style"":""Cable Leads"",""Rotational Life (Cycles Min)"":""100M"",""Series"":""E6B2""}"
"E6C2-CWZ1X 1024P/R 2M","ENCODER INCREMENTAL CABLE","Omron","Encoders","865.05","0","ENCODER INCREMENTAL CABLE","https://www.ia.omron.com/data_pdf/cat/e6c2-c_ds_e_6_4_csm493.pdf","{""DigiKey Programmable"":""Not Verified"",""Encoder Type"":""Incremental"",""Termination Style"":""Cable"",""Series"":""E6C2-C""}"
"E6F-AG5C-C 256 2M","ENCODER OPT GRAY CODE R/A CABLE","Omron","Encoders","935.85","0","ENCODER OPT GRAY CODE R/A CABLE","https://files.omron.eu/downloads/latest/datasheet/en/m075_h8ps_cam_positioner_datasheet_en.pdf","{""DigiKey Programmable"":""Not Verified"",""Encoder Type"":""Optical"",""Output Type"":""Gray Code (Absolute)"",""Pulses per Revolution"":""256"",""Voltage - Supply"":""12V ~ 24V"",""Actuator Type"":""10mm Dia Flatted End"",""Detent"":""No"",""Built in Switch"":""No"",""Mounting Type"":""Chassis Mount"",""Orientation"":""Right Angle"",""Termination Style"":""Cable with Connector"",""Rotational Life (Cycles Min)"":""-"",""Series"":""E6F""}"
"E6F-AG5C-C 5M","ENCODER OPT GRAY CODE R/A CABLE","Omron","Encoders","986.88","0","ENCODER OPT GRAY CODE R/A CABLE","https://www.ia.omron.com:443/data_pdf/cat/e6f-a_ds_e_7_5_csm498.pdf","{""DigiKey Programmable"":""Not Verified"",""Encoder Type"":""Optical"",""Output Type"":""Gray Code (Absolute)"",""Pulses per Revolution"":""-"",""Voltage - Supply"":""12V ~ 24V"",""Actuator Type"":""10mm Dia Flatted End"",""Detent"":""No"",""Built in Switch"":""No"",""Mounting Type"":""Chassis Mount"",""Orientation"":""Right Angle"",""Termination Style"":""Cable with Connector"",""Rotational Life (Cycles Min)"":""-"",""Series"":""E6F""}"
"E6F-AG5C-C 720 2M","ENCODER OPT GRAY CODE R/A CABLE","Omron","Encoders","1392.82","0","ENCODER OPT GRAY CODE R/A CABLE","//mm.digikey.com/Volume0/opasdata/d220001/medias/docus/6222/h8ps_ds_e_6_2_csm124.pdf","{""DigiKey Programmable"":""Not Verified"",""Encoder Type"":""Optical"",""Output Type"":""Gray Code (Absolute)"",""Pulses per Revolution"":""720"",""Voltage - Supply"":""12V ~ 24V"",""Actuator Type"":""10mm Dia Flatted End"",""Detent"":""No"",""Built in Switch"":""No"",""Mounting Type"":""Chassis Mount"",""Orientation"":""Right Angle"",""Termination Style"":""Cable with Connector"",""Rotational Life (Cycles Min)"":""-"",""Series"":""E6F""}"
"E6A2-CS5C 60P/R 0.5M","ENCODER OPT QUAD VERT CABLE LEAD","Omron","Encoders","430.76","0","ENCODER OPT QUAD VERT CABLE LEAD","https://www.ia.omron.com/data_pdf/cat/e6a2-c_ds_e_8_2_csm490.pdf","{""DigiKey Programmable"":""Not Verified"",""Encoder Type"":""Optical"",""Output Type"":""Quadrature (Incremental)"",""Pulses per Revolution"":""60"",""Voltage - Supply"":""12V ~ 24V"",""Actuator Type"":""8mm Dia Flatted End"",""Detent"":""No"",""Built in Switch"":""No"",""Mounting Type"":""Chassis Mount"",""Orientation"":""Vertical"",""Termination Style"":""Cable Leads"",""Rotational Life (Cycles Min)"":""100M"",""Series"":""E6A2""}"
"E6C3-CWZ5GH 3600P/R 1M","ENCODER OPT QUAD R/A CABLE LEADS","Omron","Encoders","1152.56","0","ENCODER OPT QUAD R/A CABLE LEADS","https://www.ia.omron.com:443/data_pdf/cat/e6c3-c_ds_e_7_3_csm495.pdf","{""DigiKey Programmable"":""Not Verified"",""Encoder Type"":""Optical"",""Output Type"":""Quadrature with Index (Incremental)"",""Pulses per Revolution"":""3600"",""Voltage - Supply"":""12V ~ 24V"",""Actuator Type"":""8mm Dia Flatted End"",""Detent"":""No"",""Built in Switch"":""No"",""Mounting Type"":""Chassis Mount"",""Orientation"":""Right Angle"",""Termination Style"":""Cable Leads"",""Rotational Life (Cycles Min)"":""-"",""Series"":""E6C3""}"
"E6F-AB3C-C 360 5M","ENCODER OPTICAL BCD R/A CABLE","Omron","Encoders","1357.59","0","ENCODER OPTICAL BCD R/A CABLE","https://www.ia.omron.com:443/data_pdf/cat/e6f-a_ds_e_7_5_csm498.pdf","{""DigiKey Programmable"":""Not Verified"",""Encoder Type"":""Optical"",""Output Type"":""BCD (Absolute)"",""Pulses per Revolution"":""360"",""Voltage - Supply"":""5V ~ 12V"",""Actuator Type"":""10mm Dia Flatted End"",""Detent"":""No"",""Built in Switch"":""No"",""Mounting Type"":""Chassis Mount"",""Orientation"":""Right Angle"",""Termination Style"":""Cable with Connector"",""Rotational Life (Cycles Min)"":""-"",""Series"":""E6F""}"
"E6A2-CW5C100 P/R 2M","ENCODER OPT QUAD VERT CABLE LEAD","Omron","Encoders","353.28","0","ENCODER OPT QUAD VERT CABLE LEAD","https://www.ia.omron.com/data_pdf/cat/e6a2-c_ds_e_8_2_csm490.pdf","{""DigiKey Programmable"":""Not Verified"",""Encoder Type"":""Optical"",""Output Type"":""Quadrature (Incremental)"",""Pulses per Revolution"":""100"",""Voltage - Supply"":""12V ~ 24V"",""Actuator Type"":""8mm Dia Flatted End"",""Detent"":""No"",""Built in Switch"":""No"",""Mounting Type"":""Chassis Mount"",""Orientation"":""Vertical"",""Termination Style"":""Cable Leads"",""Rotational Life (Cycles Min)"":""100M"",""Series"":""E6A2""}"
"E6A2-CS5C 60P/R 2M","ENCODER OPT QUAD VERT CABLE LEAD","Omron","Encoders","458.51","0","ENCODER OPT QUAD VERT CABLE LEAD","https://www.ia.omron.com/data_pdf/cat/e6a2-c_ds_e_8_2_csm490.pdf","{""DigiKey Programmable"":""Not Verified"",""Encoder Type"":""Optical"",""Output Type"":""Quadrature (Incremental)"",""Pulses per Revolution"":""60"",""Voltage - Supply"":""12V ~ 24V"",""Actuator Type"":""8mm Dia Flatted End"",""Detent"":""No"",""Built in Switch"":""No"",""Mounting Type"":""Chassis Mount"",""Orientation"":""Vertical"",""Termination Style"":""Cable Leads"",""Rotational Life (Cycles Min)"":""100M"",""Series"":""E6A2""}"
"E6B2-CWZ1X 50P/R 0.5M","ENCODER OPT QUAD VERT CABLE LEAD","Omron","Encoders","514.6","0","ENCODER OPT QUAD VERT CABLE LEAD","https://www.ia.omron.com/data_pdf/cat/e6b2-c_ds_e_6_3_csm491.pdf","{""DigiKey Programmable"":""Not Verified"",""Encoder Type"":""Optical"",""Output Type"":""Quadrature with Index (Incremental)"",""Pulses per Revolution"":""50"",""Voltage - Supply"":""5V"",""Actuator Type"":""6mm Dia Flatted End"",""Detent"":""No"",""Built in Switch"":""No"",""Mounting Type"":""Chassis Mount"",""Orientation"":""Vertical"",""Termination Style"":""Cable Leads"",""Rotational Life (Cycles Min)"":""100M"",""Series"":""E6B2""}"
"E6H-CWZ3X 1000P/R 0.5M","ENCODER OPT QUAD VERT CABLE LEAD","Omron","Encoders","918.22","0","ENCODER OPT QUAD VERT CABLE LEAD","https://www.ia.omron.com/data_pdf/cat/e6h-c_ds_e_6_4_csm500.pdf","{""DigiKey Programmable"":""Not Verified"",""Encoder Type"":""Optical"",""Output Type"":""Quadrature with Index (Incremental)"",""Pulses per Revolution"":""1000"",""Voltage - Supply"":""5V ~ 12V"",""Actuator Type"":""8mm Open Center"",""Detent"":""No"",""Built in Switch"":""No"",""Mounting Type"":""Chassis Mount, Motors"",""Orientation"":""Vertical"",""Termination Style"":""Cable Leads"",""Rotational Life (Cycles Min)"":""100M"",""Series"":""E6H""}"
"E6CP-AG3C 256 2M","ENCODER OPTICAL GRAY CODE R/A","Omron","Encoders","445.2","0","ENCODER OPTICAL GRAY CODE R/A","https://www.ia.omron.com/data_pdf/cat/e6cp-a_ds_e_6_5_csm496.pdf","{""DigiKey Programmable"":""Not Verified"",""Encoder Type"":""Optical"",""Output Type"":""Gray Code (Absolute)"",""Pulses per Revolution"":""256"",""Voltage - Supply"":""5V ~ 12V"",""Actuator Type"":""6mm Dia Flatted End"",""Detent"":""No"",""Built in Switch"":""No"",""Mounting Type"":""Chassis Mount"",""Orientation"":""Right Angle"",""Termination Style"":""Cable Leads"",""Rotational Life (Cycles Min)"":""-"",""Series"":""E6CP""}"
"E6A2-CW5C 360P/R 0.5M","ENCODER OPT QUAD VERT CABLE LEAD","Omron","Encoders","520.37","0","ENCODER OPT QUAD VERT CABLE LEAD","https://www.ia.omron.com/data_pdf/cat/e6a2-c_ds_e_8_2_csm490.pdf","{""DigiKey Programmable"":""Not Verified"",""Encoder Type"":""Optical"",""Output Type"":""Quadrature (Incremental)"",""Pulses per Revolution"":""360"",""Voltage - Supply"":""12V ~ 24V"",""Actuator Type"":""8mm Dia Flatted End"",""Detent"":""No"",""Built in Switch"":""No"",""Mounting Type"":""Chassis Mount"",""Orientation"":""Vertical"",""Termination Style"":""Cable Leads"",""Rotational Life (Cycles Min)"":""100M"",""Series"":""E6A2""}"
"E6B2-CWZ6C 400P/R 2M","ENCODER OPT QUAD VERT CABLE LEAD","Omron","Encoders","542.32","0","ENCODER OPT QUAD VERT CABLE LEAD","https://www.ia.omron.com/data_pdf/cat/e6b2-c_ds_e_6_3_csm491.pdf","{""DigiKey Programmable"":""Not Verified"",""Encoder Type"":""Optical"",""Output Type"":""Quadrature with Index (Incremental)"",""Pulses per Revolution"":""400"",""Voltage - Supply"":""5V ~ 24V"",""Actuator Type"":""6mm Dia Flatted End"",""Detent"":""No"",""Built in Switch"":""No"",""Mounting Type"":""Chassis Mount"",""Orientation"":""Vertical"",""Termination Style"":""Cable Leads"",""Rotational Life (Cycles Min)"":""100M"",""Series"":""E6B2""}"
"E5CC-QX3A5M-000","CONTROL TEMP/PROC 100-240V PANEL","Omron","Temperature Controllers","251.49","0","CONTROL TEMP/PROC 100-240V PANEL","https://files.omron.eu/downloads/latest/datasheet/en/h177_e5_c_e5_c-t_digital_temperature_controller_datasheet_en.pdf","{""Type"":""Process, Temperature Controller (RTD, Type B, E, J, K, L, N, PLII, R, S, T, U, W)"",""Input Range"":""-200°C ~ 2300°C, 0 ~ 20mA, 0 ~ 10VDC"",""Output Type"":""Relay (3), Voltage (External SSR)"",""Control Method"":""On/Off, Proportional (PID)"",""Communications"":""-"",""Number of Characters Per Row"":""4, 4"",""Display Type"":""LCD - Dual Color Characters, Backlight"",""Display Characters - Height"":""0.600\"" (15.20mm), 0.280\"" (7.10mm)"",""Voltage - Supply"":""100 ~ 240VAC"",""Panel Cutout Dimensions"":""Square - 45.00mm x 45.00mm"",""Mounting Type"":""Panel Mount"",""Termination Style"":""Screw Terminal"",""Ingress Protection"":""IP66 - Dust Tight, Water Resistant"",""Features"":""-"",""Series"":""E5CC""}"
"E5CC-RX3A5M-000","CONTROL TEMP/PROC 100-240V PL MT","Omron","Temperature Controllers","305.28","0","CONTROL TEMP/PROC 100-240V PL MT","https://files.omron.eu/downloads/latest/datasheet/en/h177_e5_c_e5_c-t_digital_temperature_controller_datasheet_en.pdf","{""Type"":""Process, Temperature Controller (RTD, Type B, E, J, K, L, N, PLII, R, S, T, U, W)"",""Input Range"":""-200°C ~ 2300°C, 0 ~ 20mA, 0 ~ 10VDC"",""Output Type"":""Relay (4)"",""Control Method"":""On/Off, Proportional (PID)"",""Communications"":""-"",""Number of Characters Per Row"":""4, 4"",""Display Type"":""LCD - Dual Color Characters, Backlight"",""Display Characters - Height"":""0.600\"" (15.20mm), 0.280\"" (7.10mm)"",""Voltage - Supply"":""100 ~ 240VAC"",""Panel Cutout Dimensions"":""Square - 45.00mm x 45.00mm"",""Mounting Type"":""Panel Mount"",""Termination Style"":""Screw Terminal"",""Ingress Protection"":""IP66 - Dust Tight, Water Resistant"",""Features"":""-"",""Series"":""E5CC""}"
"E5CC-RX2ASM-000","CONTROL TEMP/PROC 100-240V PL MT","Omron","Temperature Controllers","316.04","0","CONTROL TEMP/PROC 100-240V PL MT","https://files.omron.eu/downloads/latest/datasheet/en/h177_e5_c_e5_c-t_digital_temperature_controller_datasheet_en.pdf","{""Type"":""Process, Temperature Controller (RTD, Type B, E, J, K, L, N, PLII, R, S, T, U, W)"",""Input Range"":""-200°C ~ 2300°C, 0 ~ 20mA, 0 ~ 10VDC"",""Output Type"":""Relay (3)"",""Control Method"":""On/Off, Proportional (PID)"",""Communications"":""-"",""Number of Characters Per Row"":""4, 4"",""Display Type"":""LCD - Dual Color Characters, Backlight"",""Display Characters - Height"":""0.600\"" (15.20mm), 0.280\"" (7.10mm)"",""Voltage - Supply"":""100 ~ 240VAC"",""Panel Cutout Dimensions"":""Square - 45.00mm x 45.00mm"",""Mounting Type"":""Panel Mount"",""Termination Style"":""Screw Terminal"",""Ingress Protection"":""IP66 - Dust Tight, Water Resistant"",""Features"":""-"",""Series"":""E5CC""}"
"E5DC-RX2ASM-000","CONTROL TEMP/PROC 100-240V DIN","Omron","Temperature Controllers","221.82","0","CONTROL TEMP/PROC 100-240V DIN","https://files.omron.eu/downloads/latest/datasheet/en/h177_e5_c_e5_c-t_digital_temperature_controller_datasheet_en.pdf","{""Type"":""Process, Temperature Controller (RTD, Type B, E, J, K, L, N, PLII, R, S, T, U, W)"",""Input Range"":""-200°C ~ 2300°C, 0 ~ 20mA, 0 ~ 10VDC"",""Output Type"":""Relay (3)"",""Control Method"":""On/Off, Proportional (PID)"",""Communications"":""-"",""Number of Characters Per Row"":""4, 4"",""Display Type"":""LCD - Dual Color Characters, Backlight"",""Display Characters - Height"":""0.334\"" (8.50mm), 0.314\"" (8.00mm)"",""Voltage - Supply"":""100 ~ 240VAC"",""Panel Cutout Dimensions"":""-"",""Mounting Type"":""DIN Rail"",""Termination Style"":""Screw Terminal"",""Ingress Protection"":""IP20"",""Features"":""-"",""Series"":""E5DC""}"
"E5GC-QX1D6M-000","CONTROL TEMP/PROC 24V PANEL MNT","Omron","Temperature Controllers","221.82","0","CONTROL TEMP/PROC 24V PANEL MNT","https://files.omron.eu/downloads/latest/datasheet/en/h177_e5_c_e5_c-t_digital_temperature_controller_datasheet_en.pdf","{""Type"":""Process, Temperature Controller (Type B, E, J, K, L, N, PLII, R, S, T, U, W)"",""Input Range"":""-200°C ~ 2300°C, 0 ~ 20mA, 0 ~ 10VDC"",""Output Type"":""Relay, Voltage (External SSR)"",""Control Method"":""On/Off, Proportional (PID)"",""Communications"":""-"",""Number of Characters Per Row"":""4, 4"",""Display Type"":""LCD - Dual Color Characters, Backlight"",""Display Characters - Height"":""0.413\"" (10.50mm), 0.197\"" (5.00mm)"",""Voltage - Supply"":""24VAC/DC"",""Panel Cutout Dimensions"":""Rectangular - 45.00mm x 22.20mm"",""Mounting Type"":""Panel Mount"",""Termination Style"":""Screw Terminal"",""Ingress Protection"":""IP66 - Dust Tight, Water Resistant"",""Features"":""-"",""Series"":""E5GC""}"
"E5DC-QX2DSM-002","CONTROL TEMP/PROC 24V DIN RAIL","Omron","Temperature Controllers","298.98","0","CONTROL TEMP/PROC 24V DIN RAIL","https://files.omron.eu/downloads/latest/datasheet/en/h177_e5_c_e5_c-t_digital_temperature_controller_datasheet_en.pdf","{""Type"":""Process, Temperature Controller (RTD, Type B, E, J, K, L, N, PLII, R, S, T, U, W)"",""Input Range"":""-200°C ~ 2300°C, 0 ~ 20mA, 0 ~ 10VDC"",""Output Type"":""Relay (2), Voltage (External SSR)"",""Control Method"":""On/Off, Proportional (PID)"",""Communications"":""RS-485 (CompoWay/F, Modbus)"",""Number of Characters Per Row"":""4, 4"",""Display Type"":""LCD - Dual Color Characters, Backlight"",""Display Characters - Height"":""0.334\"" (8.50mm), 0.314\"" (8.00mm)"",""Voltage - Supply"":""24VAC/DC"",""Panel Cutout Dimensions"":""-"",""Mounting Type"":""DIN Rail"",""Termination Style"":""Screw Terminal"",""Ingress Protection"":""IP20"",""Features"":""-"",""Series"":""E5DC""}"
"E5CC-CX3A5M-004","CONTROL TEMP/PROC 100-240V PANEL","Omron","Temperature Controllers","442.16","0","CONTROL TEMP/PROC 100-240V PANEL","https://files.omron.eu/downloads/latest/datasheet/en/h177_e5_c_e5_c-t_digital_temperature_controller_datasheet_en.pdf","{""Type"":""Process, Temperature Controller (RTD, Type B, E, J, K, L, N, PLII, R, S, T, U, W)"",""Input Range"":""-200°C ~ 2300°C, 0 ~ 20mA, 0 ~ 10VDC"",""Output Type"":""Analog, Relay (3)"",""Control Method"":""On/Off, Proportional (PID)"",""Communications"":""RS-485 (CompoWay/F, Modbus)"",""Number of Characters Per Row"":""4, 4"",""Display Type"":""LCD - Dual Color Characters, Backlight"",""Display Characters - Height"":""0.600\"" (15.20mm), 0.280\"" (7.10mm)"",""Voltage - Supply"":""100 ~ 240VAC"",""Panel Cutout Dimensions"":""Square - 45.00mm x 45.00mm"",""Mounting Type"":""Panel Mount"",""Termination Style"":""Screw Terminal"",""Ingress Protection"":""IP66 - Dust Tight, Water Resistant"",""Features"":""Event Input"",""Series"":""E5CC""}"
"E5CC-RX3D5M-003","CONTROL TEMP/PROC RELAY OUT 24V","Omron","Temperature Controllers","594.1","0","CONTROL TEMP/PROC RELAY OUT 24V","https://assets.omron.com/m/249385e26c54a37e/original/E5_C-Series-Digital-Temperature-Controller-Datasheet.pdf","{""Type"":""Process, Temperature Controller (RTD, Type B, E, J, K, L, N, PLII, R, S, T, U, W)"",""Input Range"":""-200°C ~ 2300°C, 0 ~ 20mA, 0 ~ 10VDC"",""Output Type"":""Relay (4)"",""Control Method"":""On/Off, Proportional (PID)"",""Communications"":""RS-485 (CompoWay/F, Modbus)"",""Number of Characters Per Row"":""4, 4"",""Display Type"":""LCD - Dual Color Characters, Backlight"",""Display Characters - Height"":""0.600\"" (15.20mm), 0.280\"" (7.10mm)"",""Voltage - Supply"":""24VAC/DC"",""Panel Cutout Dimensions"":""Square - 45.00mm x 45.00mm"",""Mounting Type"":""Panel Mount"",""Termination Style"":""Screw Terminal"",""Ingress Protection"":""IP66 - Dust Tight, Water Resistant"",""Features"":""Heater Fault Detection"",""Series"":""E5CC""}"
"E5DC-QX2ASM-002","CONTROL TEMP/PROC 100-240V DIN","Omron","Temperature Controllers","319","0","CONTROL TEMP/PROC 100-240V DIN","https://assets.omron.com/m/249385e26c54a37e/original/E5_C-Series-Digital-Temperature-Controller-Datasheet.pdf","{""Type"":""Process, Temperature Controller (RTD, Type B, E, J, K, L, N, PLII, R, S, T, U, W)"",""Input Range"":""-200°C ~ 2300°C, 0 ~ 20mA, 0 ~ 10VDC"",""Output Type"":""Relay (2), Voltage (External SSR)"",""Control Method"":""On/Off, Proportional (PID)"",""Communications"":""RS-485 (CompoWay/F, Modbus)"",""Number of Characters Per Row"":""4, 4"",""Display Type"":""LCD - Dual Color Characters, Backlight"",""Display Characters - Height"":""0.334\"" (8.50mm), 0.314\"" (8.00mm)"",""Voltage - Supply"":""100 ~ 240VAC"",""Panel Cutout Dimensions"":""-"",""Mounting Type"":""DIN Rail"",""Termination Style"":""Screw Terminal"",""Ingress Protection"":""IP20"",""Features"":""-"",""Series"":""E5DC""}"
"E5CC-QX3D5M-000","CONTROL TEMP/PROC 24V PANEL MNT","Omron","Temperature Controllers","251.49","0","CONTROL TEMP/PROC 24V PANEL MNT","https://files.omron.eu/downloads/latest/datasheet/en/h177_e5_c_e5_c-t_digital_temperature_controller_datasheet_en.pdf","{""Type"":""Process, Temperature Controller (RTD, Type B, E, J, K, L, N, PLII, R, S, T, U, W)"",""Input Range"":""-200°C ~ 2300°C, 0 ~ 20mA, 0 ~ 10VDC"",""Output Type"":""Relay (3), Voltage (External SSR)"",""Control Method"":""On/Off, Proportional (PID)"",""Communications"":""-"",""Number of Characters Per Row"":""4, 4"",""Display Type"":""LCD - Dual Color Characters, Backlight"",""Display Characters - Height"":""0.600\"" (15.20mm), 0.280\"" (7.10mm)"",""Voltage - Supply"":""24VAC/DC"",""Panel Cutout Dimensions"":""Square - 45.00mm x 45.00mm"",""Mounting Type"":""Panel Mount"",""Termination Style"":""Screw Terminal"",""Ingress Protection"":""IP66 - Dust Tight, Water Resistant"",""Features"":""-"",""Series"":""E5CC""}"
"E5GC-RX1A6M-000","CONTROL TEMP/PROC 100-240V PL MT","Omron","Temperature Controllers","217.37","0","CONTROL TEMP/PROC 100-240V PL MT","https://files.omron.eu/downloads/latest/datasheet/en/h177_e5_c_e5_c-t_digital_temperature_controller_datasheet_en.pdf","{""Type"":""Process, Temperature Controller (Type B, E, J, K, L, N, PLII, R, S, T, U, W)"",""Input Range"":""-200°C ~ 2300°C, 0 ~ 20mA, 0 ~ 10VDC"",""Output Type"":""Relay (2)"",""Control Method"":""On/Off, Proportional (PID)"",""Communications"":""-"",""Number of Characters Per Row"":""4, 4"",""Display Type"":""LCD - Dual Color Characters, Backlight"",""Display Characters - Height"":""0.413\"" (10.50mm), 0.197\"" (5.00mm)"",""Voltage - Supply"":""100 ~ 240VAC"",""Panel Cutout Dimensions"":""Rectangular - 45.00mm x 22.20mm"",""Mounting Type"":""Panel Mount"",""Termination Style"":""Screw Terminal"",""Ingress Protection"":""IP66 - Dust Tight, Water Resistant"",""Features"":""-"",""Series"":""E5GC""}"
"E5DC-RX2DSM-000","CONTROL TEMP/PROC REL OUT 24V","Omron","Temperature Controllers","221.82","0","CONTROL TEMP/PROC REL OUT 24V","https://files.omron.eu/downloads/latest/datasheet/en/h177_e5_c_e5_c-t_digital_temperature_controller_datasheet_en.pdf","{""Type"":""Process, Temperature Controller (RTD, Type B, E, J, K, L, N, PLII, R, S, T, U, W)"",""Input Range"":""-200°C ~ 2300°C, 0 ~ 20mA, 0 ~ 10VDC"",""Output Type"":""Relay (3)"",""Control Method"":""On/Off, Proportional (PID)"",""Communications"":""-"",""Number of Characters Per Row"":""4, 4"",""Display Type"":""LCD - Dual Color Characters, Backlight"",""Display Characters - Height"":""0.334\"" (8.50mm), 0.314\"" (8.00mm)"",""Voltage - Supply"":""24VAC/DC"",""Panel Cutout Dimensions"":""-"",""Mounting Type"":""DIN Rail"",""Termination Style"":""Screw Terminal"",""Ingress Protection"":""IP20"",""Features"":""-"",""Series"":""E5DC""}"
"K3MA-L-C 100-240VAC","TEMP METER LCD PANEL MOUNT","Omron","Temperature Controllers","238.14","0","TEMP METER LCD PANEL MOUNT","https://files.omron.eu/downloads/latest/datasheet/en/n109_k3ma-l_temperature_meter_datasheet_en.pdf","{""Type"":""Temperature Meter"",""Measuring Type"":""RTD, Thermocouple"",""Measuring Range"":""-200°C ~ 1800°C"",""Display Type"":""LCD - Dual Color Characters, Backlight"",""Number of Characters Per Row"":""4"",""Display Characters - Height"":""0.560\"" (14.20mm)"",""Output Type"":""Relay"",""Voltage - Supply"":""100 ~ 240VAC"",""Panel Cutout Dimensions"":""Rectangular - 92.00mm x 45.00mm"",""Mounting Type"":""Panel Mount"",""Termination Style"":""Screw Terminal"",""Ingress Protection"":""IP66 - Dust Tight, Water Resistant"",""Features"":""-"",""Series"":""K3MA-L""}"
"K3MA-L-C 24VAC/VDC","TEMP METER LCD PANEL MOUNT","Omron","Temperature Controllers","238.14","0","TEMP METER LCD PANEL MOUNT","https://assets.omron.com/m/1e3ff20e6b9b66e0/original/K3MA-Product-Brochure.pdf","{""Type"":""Temperature Meter"",""Measuring Type"":""RTD, Thermocouple"",""Measuring Range"":""-200°C ~ 1800°C"",""Display Type"":""LCD - Dual Color Characters, Backlight"",""Number of Characters Per Row"":""4"",""Display Characters - Height"":""0.560\"" (14.20mm)"",""Output Type"":""Relay"",""Voltage - Supply"":""24VAC/DC"",""Panel Cutout Dimensions"":""Rectangular - 92.00mm x 45.00mm"",""Mounting Type"":""Panel Mount"",""Termination Style"":""Screw Terminal"",""Ingress Protection"":""IP66 - Dust Tight, Water Resistant"",""Features"":""-"",""Series"":""K3MA-L""}"
"E5CB-R1P AC100-240","CONTROL TEMP RELAY OUT 100-240V","Omron","Temperature Controllers","238.14","0","CONTROL TEMP RELAY OUT 100-240V","https://www.ia.omron.com:443/data_pdf/cat/e5cb_h172-e1_8_6_csm2667.pdf","{""Type"":""Temperature Controller (RTD)"",""Input Range"":""-200°C ~ 850°C"",""Output Type"":""Relay (2)"",""Control Method"":""On/Off, Proportional (PID)"",""Communications"":""-"",""Number of Characters Per Row"":""4, 4"",""Display Type"":""LED - Dual Color Characters"",""Display Characters - Height"":""0.638\"" (16.20mm)"",""Voltage - Supply"":""100 ~ 240VAC"",""Panel Cutout Dimensions"":""Square - 45.00mm x 45.00mm"",""Mounting Type"":""Panel Mount"",""Termination Style"":""Screw Terminal"",""Ingress Protection"":""IP66 - Dust Tight, Water Resistant"",""Features"":""-"",""Series"":""E5CB""}"
"E5GC-RX2A6M-000","CONTROL TEMP/PROC 100-240V PL MT","Omron","Temperature Controllers","241.11","0","CONTROL TEMP/PROC 100-240V PL MT","https://assets.omron.com/m/249385e26c54a37e/original/E5_C-Series-Digital-Temperature-Controller-Datasheet.pdf","{""Type"":""Process, Temperature Controller (Type B, E, J, K, L, N, PLII, R, S, T, U, W)"",""Input Range"":""-200°C ~ 2300°C, 0 ~ 20mA, 0 ~ 10VDC"",""Output Type"":""Relay (3)"",""Control Method"":""On/Off, Proportional (PID)"",""Communications"":""-"",""Number of Characters Per Row"":""4, 4"",""Display Type"":""LCD - Dual Color Characters, Backlight"",""Display Characters - Height"":""0.413\"" (10.50mm), 0.197\"" (5.00mm)"",""Voltage - Supply"":""100 ~ 240VAC"",""Panel Cutout Dimensions"":""Rectangular - 45.00mm x 22.20mm"",""Mounting Type"":""Panel Mount"",""Termination Style"":""Screw Terminal"",""Ingress Protection"":""IP66 - Dust Tight, Water Resistant"",""Features"":""-"",""Series"":""E5GC""}"
"E5CC-RX3D5M-000","CONTROL TEMP/PROC RELAY OUT 24V","Omron","Temperature Controllers","247.78","0","CONTROL TEMP/PROC RELAY OUT 24V","https://files.omron.eu/downloads/latest/datasheet/en/h177_e5_c_e5_c-t_digital_temperature_controller_datasheet_en.pdf","{""Type"":""Process, Temperature Controller (RTD, Type B, E, J, K, L, N, PLII, R, S, T, U, W)"",""Input Range"":""-200°C ~ 2300°C, 0 ~ 20mA, 0 ~ 10VDC"",""Output Type"":""Relay (4)"",""Control Method"":""On/Off, Proportional (PID)"",""Communications"":""-"",""Number of Characters Per Row"":""4, 4"",""Display Type"":""LCD - Dual Color Characters, Backlight"",""Display Characters - Height"":""0.600\"" (15.20mm), 0.280\"" (7.10mm)"",""Voltage - Supply"":""24VAC/DC"",""Panel Cutout Dimensions"":""Square - 45.00mm x 45.00mm"",""Mounting Type"":""Panel Mount"",""Termination Style"":""Screw Terminal"",""Ingress Protection"":""IP66 - Dust Tight, Water Resistant"",""Features"":""-"",""Series"":""E5CC""}"
"E5CC-RX2ASM-800","CONTROL TEMP/PROC 100-240V PL MT","Omron","Temperature Controllers","264.12","0","CONTROL TEMP/PROC 100-240V PL MT","https://files.omron.eu/downloads/latest/datasheet/en/h179_e5_c-800_digital_temperature_controller_datasheet_en.pdf","{""Type"":""Process, Temperature Controller (RTD, Type B, E, J, K, L, N, PLII, R, S, T, U, W)"",""Input Range"":""-200°C ~ 2300°C, 0 ~ 20mA, 0 ~ 10VDC"",""Output Type"":""Relay (3)"",""Control Method"":""On/Off, Proportional (PID)"",""Communications"":""-"",""Number of Characters Per Row"":""4, 4"",""Display Type"":""LCD - Dual Color Characters, Backlight"",""Display Characters - Height"":""0.600\"" (15.20mm), 0.280\"" (7.10mm)"",""Voltage - Supply"":""100 ~ 240VAC"",""Panel Cutout Dimensions"":""Square - 45.00mm x 45.00mm"",""Mounting Type"":""Panel Mount"",""Termination Style"":""Screw Terminal"",""Ingress Protection"":""IP66 - Dust Tight, Water Resistant"",""Features"":""-"",""Series"":""E5CC""}"
"E5CC-QX2ASM-800","CONTROL TEMP/PROC 100-240V PANEL","Omron","Temperature Controllers","268.57","0","CONTROL TEMP/PROC 100-240V PANEL","https://files.omron.eu/downloads/latest/datasheet/en/h179_e5_c-800_digital_temperature_controller_datasheet_en.pdf","{""Type"":""Process, Temperature Controller (RTD, Type B, E, J, K, L, N, PLII, R, S, T, U, W)"",""Input Range"":""-200°C ~ 2300°C, 0 ~ 20mA, 0 ~ 10VDC"",""Output Type"":""Relay (2), Voltage (External SSR)"",""Control Method"":""On/Off, Proportional (PID)"",""Communications"":""-"",""Number of Characters Per Row"":""4, 4"",""Display Type"":""LCD - Dual Color Characters, Backlight"",""Display Characters - Height"":""0.600\"" (15.20mm), 0.280\"" (7.10mm)"",""Voltage - Supply"":""100 ~ 240VAC"",""Panel Cutout Dimensions"":""Square - 45.00mm x 45.00mm"",""Mounting Type"":""Panel Mount"",""Termination Style"":""Screw Terminal"",""Ingress Protection"":""IP66 - Dust Tight, Water Resistant"",""Features"":""-"",""Series"":""E5CC""}"
"1051432","COMMUNICATIONS MODULE","SICK","PLC & Controllers","732.77","0","COMMUNICATIONS MODULE","https://cdn.sick.com/media/pdf/6/76/976/dataSheet_FX0-GETC00000_1051432_en.pdf","{""Type"":""Communications Module"",""For Use With/Related Products"":""-"",""Number of Inputs and Type"":""-"",""Number of Outputs and Type"":""-"",""Voltage - Supply"":""-"",""Mounting Type"":""DIN Rail"",""Termination Style"":""Spring Terminal"",""Features"":""-"",""Series"":""Flexi Soft""}"
"1044073","COMMUNICATIONS MODULE","SICK","PLC & Controllers","748.47","0","COMMUNICATIONS MODULE","https://cdn.sick.com/media/pdf/4/84/484/dataSheet_FX0-GMOD00000_1044073_en.pdf","{""Type"":""Communications Module"",""For Use With/Related Products"":""-"",""Number of Inputs and Type"":""-"",""Number of Outputs and Type"":""-"",""Voltage - Supply"":""-"",""Mounting Type"":""DIN Rail"",""Termination Style"":""Spring Terminal"",""Features"":""-"",""Series"":""Flexi Soft""}"
"1044075","COMMUNICATIONS MODULE","SICK","PLC & Controllers","748.47","0","COMMUNICATIONS MODULE","https://cdn.sick.com/media/pdf/1/81/481/dataSheet_FX0-GPRO00000_1044075_en.pdf","{""Type"":""Communications Module"",""For Use With/Related Products"":""-"",""Number of Inputs and Type"":""-"",""Number of Outputs and Type"":""-"",""Voltage - Supply"":""-"",""Mounting Type"":""DIN Rail"",""Termination Style"":""Spring Terminal"",""Features"":""-"",""Series"":""Flexi Soft""}"
"1062344","FLEXISOFT MOTION CON","SICK","Servo & Motion","831.77","0","FLEXISOFT MOTION CON","https://cdn.sick.com/media/pdf/0/00/800/dataSheet_FX3-MOC000000_1062344_en.pdf","{""Type"":""Motion Control Module"",""For Use With/Related Products"":""-"",""Number of Inputs and Type"":""-"",""Number of Outputs and Type"":""-"",""Voltage - Supply"":""-"",""Mounting Type"":""DIN Rail"",""Termination Style"":""Spring Terminal"",""Features"":""-"",""Series"":""Flexi Soft""}"
"1044072","COMMUNICATIONS MODULE","SICK","PLC & Controllers","748.47","0","COMMUNICATIONS MODULE","https://cdn.sick.com/media/pdf/5/85/485/dataSheet_FX0-GENT00000_1044072_en.pdf","{""Type"":""Communications Module"",""For Use With/Related Products"":""-"",""Number of Inputs and Type"":""-"",""Number of Outputs and Type"":""-"",""Voltage - Supply"":""-"",""Mounting Type"":""DIN Rail"",""Termination Style"":""Spring Terminal"",""Features"":""-"",""Series"":""Flexi Soft""}"
"1044074","COMMUNICATIONS MODULE","SICK","PLC & Controllers","748.47","0","COMMUNICATIONS MODULE","https://cdn.sick.com/media/pdf/7/87/487/dataSheet_FX0-GPNT00000_1044074_en.pdf","{""Type"":""Communications Module"",""For Use With/Related Products"":""-"",""Number of Inputs and Type"":""-"",""Number of Outputs and Type"":""-"",""Voltage - Supply"":""-"",""Mounting Type"":""DIN Rail"",""Termination Style"":""Spring Terminal"",""Features"":""-"",""Series"":""Flexi Soft""}"
"1069070","COMMUNICATIONS MODULE","SICK","PLC & Controllers","1078.17","0","COMMUNICATIONS MODULE","https://cdn.sick.com/media/pdf/3/53/553/dataSheet_FX3-GEPR00000_1069070_en.pdf","{""Type"":""Communications Module"",""For Use With/Related Products"":""-"",""Number of Inputs and Type"":""-"",""Number of Outputs and Type"":""-"",""Voltage - Supply"":""-"",""Mounting Type"":""DIN Rail"",""Termination Style"":""Spring Terminal"",""Features"":""-"",""Series"":""Flexi Soft""}"
"1057833","FLEXISOFT MOTION CON","SICK","Servo & Motion","1093.25","0","FLEXISOFT MOTION CON","https://cdn.sick.com/media/pdf/4/44/844/dataSheet_FX3-MOC100000_1057833_en.pdf","{""Type"":""Motion Control Module"",""For Use With/Related Products"":""-"",""Number of Inputs and Type"":""-"",""Number of Outputs and Type"":""-"",""Voltage - Supply"":""-"",""Mounting Type"":""DIN Rail"",""Termination Style"":""Spring Terminal"",""Features"":""-"",""Series"":""Flexi Soft""}"
"1044076","COMMUNICATIONS MODULE","SICK","PLC & Controllers","732.77","0","COMMUNICATIONS MODULE","https://cdn.sick.com/media/pdf/2/82/482/dataSheet_FX0-GCAN00000_1044076_en.pdf","{""Type"":""Communications Module"",""For Use With/Related Products"":""-"",""Number of Inputs and Type"":""-"",""Number of Outputs and Type"":""-"",""Voltage - Supply"":""-"",""Mounting Type"":""DIN Rail"",""Termination Style"":""Spring Terminal"",""Features"":""-"",""Series"":""Flexi Soft""}"
"4008095","LENS,PLCONV  F  7,27 D5,5   R","SICK","PLC & Controllers","14.04","0","LENS,PLCONV  F  7,27 D5,5   R","","{""Series"":""*"",""Pack Size"":""168""}"
"4065481","BRACKET, MOUNTING, PLC","SICK","PLC & Controllers","36.25","0","BRACKET, MOUNTING, PLC","","{""Series"":""*"",""Pack Size"":""65""}"
"4023062","LENS,PLCONV  F 37,71 D40,0  R","SICK","PLC & Controllers","74.87","0","LENS,PLCONV  F 37,71 D40,0  R","","{""Series"":""*"",""Pack Size"":""32""}"
"6067078","OPTOCOUPLER, TYPE PLC-OCS-24VDC/","SICK","PLC & Controllers","93.58","0","OPTOCOUPLER, TYPE PLC-OCS-24VDC/","","{""Series"":""*"",""Pack Size"":""26""}"
"1044077","COMMUNICATIONS MODULE","SICK","PLC & Controllers","902.77","0","COMMUNICATIONS MODULE","https://cdn.sick.com/media/pdf/3/83/483/dataSheet_FX0-GDEV00000_1044077_en.pdf","{""Type"":""Communications Module"",""For Use With/Related Products"":""-"",""Number of Inputs and Type"":""-"",""Number of Outputs and Type"":""-"",""Voltage - Supply"":""-"",""Mounting Type"":""DIN Rail"",""Termination Style"":""Spring Terminal"",""Features"":""-"",""Series"":""Flexi Soft"",""Pack Size"":""3""}"
"1123789","FLEXI ETHERNET GATEW","SICK","PLC & Controllers","902.77","0","FLEXI ETHERNET GATEW","","{""Series"":""-"",""Pack Size"":""3""}"
"1102420","FLEXISOFT ETC  GW","SICK","PLC & Controllers","923.99","0","FLEXISOFT ETC  GW","","{""Series"":""Flexi Soft"",""Pack Size"":""3""}"
"1085195","COMMUNICATIONS MODULE","SICK","PLC & Controllers","1066.78","0","COMMUNICATIONS MODULE","https://cdn.sick.com/media/pdf/5/45/045/dataSheet_FX0-GCC100200_1085195_en.pdf","{""Type"":""Communications Module"",""For Use With/Related Products"":""-"",""Number of Inputs and Type"":""-"",""Number of Outputs and Type"":""-"",""Voltage - Supply"":""-"",""Mounting Type"":""DIN Rail"",""Termination Style"":""Spring Terminal"",""Features"":""-"",""Series"":""Flexi Soft"",""Pack Size"":""3""}"
"6042537","PLC,ADVANTECH ADAM-5550CE","SICK","PLC & Controllers","1077.31","0","PLC,ADVANTECH ADAM-5550CE","","{""Series"":""*"",""Pack Size"":""3""}"
"1112296","COMMUNICATIONS MODULE","SICK","PLC & Controllers","1509.94","0","COMMUNICATIONS MODULE","https://cdn.sick.com/media/pdf/0/80/580/dataSheet_FX3-GEPR00010_1112296_en.pdf","{""Type"":""Communications Module"",""For Use With/Related Products"":""-"",""Number of Inputs and Type"":""-"",""Number of Outputs and Type"":""-"",""Voltage - Supply"":""-"",""Mounting Type"":""DIN Rail"",""Termination Style"":""Spring Terminal"",""Features"":""-"",""Series"":""Flexi Soft"",""Pack Size"":""2""}"
"1112300","FLEXISOFT MOTION CON","SICK","Servo & Motion","1558.99","0","FLEXISOFT MOTION CON","https://cdn.sick.com/media/pdf/2/82/582/dataSheet_FX3-MOC100010_1112300_en.pdf","{""Type"":""Motion Control Module"",""For Use With/Related Products"":""-"",""Number of Inputs and Type"":""-"",""Number of Outputs and Type"":""-"",""Voltage - Supply"":""-"",""Mounting Type"":""DIN Rail"",""Termination Style"":""Spring Terminal"",""Features"":""-"",""Series"":""Flexi Soft"",""Pack Size"":""2""}"
"1073800","INCLINATION SENSOR","SICK","Sensors & Switches","0","0","INCLINATION SENSOR","https://cdn.sick.com/media/pdf/9/59/759/dataSheet_TMS88A-PLC360_1073800_en.pdf","{""Measuring Range"":""±360°"",""Sensitivity"":""-"",""Bandwidth"":""0.1Hz ~ 25Hz"",""Voltage Rating"":""17 V ~ 35 V"",""Output Type"":""Current"",""Interface"":""Analog"",""Package / Case"":""Module"",""Operating Temperature"":""-40°C ~ 80°C (TA)"",""Series"":""TMS88""}"
"1099830","COMMUNICATIONS MODULE","SICK","PLC & Controllers","0","0","COMMUNICATIONS MODULE","https://cdn.sick.com/media/pdf/2/52/952/dataSheet_FX0-GENT00030_1099830_en.pdf","{""Type"":""Communications Module"",""For Use With/Related Products"":""-"",""Number of Inputs and Type"":""-"",""Number of Outputs and Type"":""-"",""Voltage - Supply"":""-"",""Mounting Type"":""DIN Rail"",""Termination Style"":""Spring Terminal"",""Features"":""-"",""Series"":""Flexi Soft""}"
"1073797","INCLINATION SENSOR","SICK","Sensors & Switches","0","0","INCLINATION SENSOR","https://cdn.sick.com/media/pdf/1/51/051/dataSheet_TMM88B-PLC090_1073797_en.pdf","{""Axis"":""X, Y"",""Measuring Range"":""±90°"",""Sensitivity"":""-"",""Bandwidth"":""0.1Hz ~ 25Hz"",""Voltage Rating"":""17 V ~ 35 V"",""Output Type"":""Voltage"",""Interface"":""Analog"",""Package / Case"":""Module"",""Operating Temperature"":""-40°C ~ 80°C"",""Grade"":""-"",""Qualification"":""-"",""Series"":""TMM88""}"
"1042964","COMMUNICATIONS MODULE","SICK","PLC & Controllers","0","0","COMMUNICATIONS MODULE","https://cdn.sick.com/media/pdf/0/40/440/dataSheet_UE410-EN1_1042964_en.pdf","{""Type"":""Communications Module"",""For Use With/Related Products"":""-"",""Number of Inputs and Type"":""-"",""Number of Outputs and Type"":""-"",""Voltage - Supply"":""-"",""Mounting Type"":""DIN Rail"",""Termination Style"":""Screw Terminal"",""Features"":""-"",""Series"":""Flexi Classic""}"
"1073796","INCLINATION SENSOR","SICK","Sensors & Switches","0","0","INCLINATION SENSOR","https://cdn.sick.com/media/pdf/5/55/055/dataSheet_TMS88B-PLC360_1073796_en.pdf","{""Measuring Range"":""±360°"",""Sensitivity"":""-"",""Bandwidth"":""0.1Hz ~ 25Hz"",""Voltage Rating"":""17 V ~ 35 V"",""Output Type"":""Voltage"",""Interface"":""Analog"",""Package / Case"":""Module"",""Operating Temperature"":""-40°C ~ 80°C (TA)"",""Series"":""TMS88""}"
"1073801","INCLINATION SENSOR","SICK","Sensors & Switches","0","0","INCLINATION SENSOR","https://cdn.sick.com/media/pdf/8/58/758/dataSheet_TMM88A-PLC090_1073801_en.pdf","{""Axis"":""X, Y"",""Measuring Range"":""±90°"",""Sensitivity"":""-"",""Bandwidth"":""0.1Hz ~ 25Hz"",""Voltage Rating"":""10 V ~ 35 V"",""Output Type"":""Voltage"",""Interface"":""Analog"",""Package / Case"":""Module"",""Operating Temperature"":""-40°C ~ 80°C (TA)"",""Series"":""TMM88""}"
"1042193","COMMUNICATIONS MODULE","SICK","PLC & Controllers","0","0","COMMUNICATIONS MODULE","https://cdn.sick.com/media/pdf/6/46/446/dataSheet_UE410-EN3_1042193_en.pdf","{""Type"":""Communications Module"",""For Use With/Related Products"":""-"",""Number of Inputs and Type"":""-"",""Number of Outputs and Type"":""-"",""Voltage - Supply"":""-"",""Mounting Type"":""DIN Rail"",""Termination Style"":""Screw Terminal"",""Features"":""-"",""Series"":""Flexi Classic""}"
"6039038","DIG. IN.  DUAL     2DI 24V DC 3.","SICK","I/O Modules","107.62","0","DIG. IN.  DUAL     2DI 24V DC 3.","https://cdn.sick.com/media/pdf/2/42/742/dataSheet_I-O-extension-module-2-digital_6039038_en.pdf","{""Series"":""*"",""Pack Size"":""22""}"
"6037750","DIG. OUT. OCTUBLE  8DO 24V DC 0,","SICK","I/O Modules","252.66","0","DIG. OUT. OCTUBLE  8DO 24V DC 0,","https://cdn.sick.com/media/pdf/1/41/341/dataSheet_I-O-extension-module-8-outputs_6037750_en.pdf","{""Series"":""*"",""Pack Size"":""10""}"
"6038825","MODUL,DR  DIGITAL 8 CH.I/O     I","SICK","I/O Modules","994.25","0","MODUL,DR  DIGITAL 8 CH.I/O     I","https://cdn.sick.com/media/pdf/2/72/172/dataSheet_Fieldbus-module-IP-20_6038825_en.pdf","{""Series"":""*"",""Pack Size"":""3""}"
"2023160","BALL CLAMPING HOLDER","SICK","Sensors & Switches","32.13","0","BALL CLAMPING HOLDER","https://cdn.sick.com/media/pdf/6/66/266/dataSheet_BEF-GH-MINI01_2023160_en.pdf","{""Accessory Type"":""Mounting Bracket"",""For Use With/Related Products"":""W2S-2, W4-3 Series"",""Series"":""-""}"
"2027128","BALL CLAMPING HOLDER","SICK","Sensors & Switches","30.41","0","BALL CLAMPING HOLDER","https://cdn.sick.com/media/pdf/2/72/372/dataSheet_BEF-GH-MINI02_2027128_en.pdf","{""Accessory Type"":""Bracket"",""For Use With/Related Products"":""Sensor"",""Series"":""-"",""Pack Size"":""78""}"
"5326455","UH-MITRE CONNECTOR   45DEG SLOT","SICK","Cables & Connectors","0","0","UH-MITRE CONNECTOR   45DEG SLOT","","{""Series"":""*""}"
"6053986","MOTOR_SERVO,PA-2000E","SICK","Servo & Motion","848.04","0","MOTOR_SERVO,PA-2000E","","{""Series"":""*"",""Pack Size"":""3""}"
"6067093","MOTOR, SERVODRIVE, TYPE IMOT3 74","SICK","Servo & Motion","9355.34","0","MOTOR, SERVODRIVE, TYPE IMOT3 74","","{""Series"":""*""}"
"6067094","MOTOR, SERVODRIVE, TYPE IMOT3 74","SICK","Servo & Motion","10110.98","0","MOTOR, SERVODRIVE, TYPE IMOT3 74","","{""Series"":""*""}"
"6083576","MOTOR, SERVODRIVE,TYPE IMOT3 777","SICK","Servo & Motion","12907.75","0","MOTOR, SERVODRIVE,TYPE IMOT3 777","","{""Series"":""*""}"
"4093493","SERVODRIVE TYPE IMOT3 777-SW","SICK","Servo & Motion","7904.91","0","SERVODRIVE TYPE IMOT3 777-SW","","{""Series"":""*""}"
"4093494","SERVODRIVE TYPE IMOT3 777-W-SW","SICK","Servo & Motion","8544.74","0","SERVODRIVE TYPE IMOT3 777-W-SW","","{""Series"":""*""}"
"4083506","CONTACTOR, 25A/11KW","SICK","Motor Control","770.84","0","CONTACTOR, 25A/11KW","","{""Series"":""*"",""Pack Size"":""4""}"
"1059504","SENSOR REED SWITCH NO/NC CABLE","SICK","Sensors & Switches","114.1","0","SENSOR REED SWITCH NO/NC CABLE","https://cdn.sick.com/media/pdf/0/70/670/dataSheet_RE13-SA03_1059504_en.pdf","{""Type"":""Reed Switch"",""Output Type"":""NO/NC"",""Actuator Material"":""Magnet"",""Termination Style"":""Cable"",""Voltage - Supply"":""30V"",""Must Operate"":""-"",""Must Release"":""-"",""Operating Temperature"":""-20°C ~ 60°C"",""Package / Case"":""Flange Mount"",""Series"":""RE1""}"
"1059503","SENSOR REED SW NO/NC CONNECTOR","SICK","Sensors & Switches","115.24","0","SENSOR REED SW NO/NC CONNECTOR","https://cdn.sick.com/media/pdf/9/69/669/dataSheet_RE13-SAC_1059503_en.pdf","{""Type"":""Reed Switch"",""Output Type"":""NO/NC"",""Actuator Material"":""Magnet"",""Termination Style"":""Connector"",""Voltage - Supply"":""30V"",""Must Operate"":""-"",""Must Release"":""-"",""Operating Temperature"":""-20°C ~ 60°C"",""Package / Case"":""Flange Mount"",""Series"":""RE1""}"
"1057652","SENSOR OPTICAL 20-1000CM ANALOG","SICK","Sensors & Switches","616.78","0","SENSOR OPTICAL 20-1000CM ANALOG","https://cdn.sick.com/media/pdf/3/53/353/dataSheet_DT35-B15251_1057652_en.pdf","{""Sensing Distance"":""1.97\"" ~ 472.44\"" (5 ~ 1200cm)"",""Output Type"":""Analog"",""Voltage - Supply"":""12V ~ 30V"",""Voltage - Output Difference (Typ) @ Distance"":""-"",""Voltage - Output (Typ) @ Distance"":""-"",""Operating Temperature"":""-30°C ~ 55°C"",""Series"":""Dx35""}"
"1040764","SENSOR PROX INDUCTIVE 4MM CYLIND","SICK","Sensors & Switches","50.97","0","SENSOR PROX INDUCTIVE 4MM CYLIND","https://cdn.sick.com/media/pdf/1/81/481/dataSheet_IME12-04BPSZC0S_1040764_en.pdf","{""Sensor Type"":""Inductive"",""Sensing Distance"":""0.157\"" (4mm)"",""Output Type"":""PNP-NO, 3-Wire"",""Response Frequency"":""2kHz"",""Shielding"":""Unshielded"",""Material - Body"":""Nickel-Plated Brass"",""Voltage - Supply"":""10V ~ 30V"",""Termination Style"":""Connector"",""Operating Temperature"":""-25°C ~ 75°C"",""Ingress Protection"":""IP67"",""Indicator"":""LED"",""Package / Case"":""Cylinder, Threaded - M12"",""Series"":""IME""}"
"1040780","SENSOR PROX INDUCTIVE 8MM CYLIND","SICK","Sensors & Switches","51.03","0","SENSOR PROX INDUCTIVE 8MM CYLIND","https://cdn.sick.com/media/pdf/0/90/490/dataSheet_IME12-08NPSZC0S_1040780_en.pdf","{""Sensor Type"":""Inductive"",""Sensing Distance"":""0.315\"" (8mm)"",""Output Type"":""PNP-NO, 3-Wire"",""Response Frequency"":""2kHz"",""Shielding"":""Unshielded"",""Material - Body"":""Nickel-Plated Brass"",""Voltage - Supply"":""10V ~ 30V"",""Termination Style"":""Connector"",""Operating Temperature"":""-25°C ~ 75°C"",""Ingress Protection"":""IP67"",""Indicator"":""LED"",""Package / Case"":""Cylinder, Threaded - M12"",""Series"":""IME""}"
"1040966","SENSOR PROX INDUCTIVE 8MM CYLIND","SICK","Sensors & Switches","56.68","0","SENSOR PROX INDUCTIVE 8MM CYLIND","https://cdn.sick.com/media/pdf/9/79/579/dataSheet_IME18-08BPSZC0S_1040966_en.pdf","{""Sensor Type"":""Inductive"",""Sensing Distance"":""0.315\"" (8mm)"",""Output Type"":""PNP-NO, 3-Wire"",""Response Frequency"":""1kHz"",""Shielding"":""Unshielded"",""Material - Body"":""Nickel-Plated Brass"",""Voltage - Supply"":""10V ~ 30V"",""Termination Style"":""Connector"",""Operating Temperature"":""-25°C ~ 75°C"",""Ingress Protection"":""IP67"",""Indicator"":""LED"",""Package / Case"":""Cylinder, Threaded - M18"",""Series"":""IME""}"
"1040886","SENSOR PROX INDUCTIVE 4MM CYLIND","SICK","Sensors & Switches","59.14","0","SENSOR PROX INDUCTIVE 4MM CYLIND","https://cdn.sick.com/media/pdf/8/98/398/dataSheet_IME08-04NPSZT0S_1040886_en.pdf","{""Sensor Type"":""Inductive"",""Sensing Distance"":""0.157\"" (4mm)"",""Output Type"":""PNP-NO, 3-Wire"",""Response Frequency"":""4kHz"",""Shielding"":""Unshielded"",""Material - Body"":""Nickel-Plated Brass"",""Voltage - Supply"":""10V ~ 30V"",""Termination Style"":""Connector"",""Operating Temperature"":""-25°C ~ 75°C"",""Ingress Protection"":""IP67"",""Indicator"":""LED"",""Package / Case"":""Cylinder, Threaded - M8"",""Series"":""IME""}"
"1056708","SENSOR PROX INDUCTIVE 8MM CYLIND","SICK","Sensors & Switches","66.39","0","SENSOR PROX INDUCTIVE 8MM CYLIND","https://cdn.sick.com/media/pdf/4/44/444/dataSheet_IME18-08BPPZC0S_1056708_en.pdf","{""Sensor Type"":""Inductive"",""Sensing Distance"":""0.315\"" (8mm)"",""Output Type"":""PNP-NC/NO, 4-Wire"",""Response Frequency"":""1kHz"",""Shielding"":""Shielded"",""Material - Body"":""Plastic"",""Voltage - Supply"":""10V ~ 30V"",""Termination Style"":""Connector"",""Operating Temperature"":""-25°C ~ 75°C (TA)"",""Ingress Protection"":""IP67"",""Indicator"":""LED"",""Package / Case"":""Cylinder, Threaded - M18"",""Series"":""IME""}"
"1070814","SENSOR SWITCH SPST-NO CABLE","SICK","Sensors & Switches","72.35","0","SENSOR SWITCH SPST-NO CABLE","https://cdn.sick.com/media/pdf/4/54/654/dataSheet_MZT7-03VPS-KP0_1070814_en.pdf","{""Type"":""Switch"",""Output Type"":""SPST-NO"",""Actuator Material"":""-"",""Termination Style"":""Cable with Connector"",""Voltage - Supply"":""10V ~ 30V"",""Must Operate"":""-"",""Must Release"":""-"",""Operating Temperature"":""-30°C ~ 80°C"",""Package / Case"":""Cylinder"",""Series"":""MZT7""}"
"1040070","SENSOR PROX 60MM IP67 CYLINDER","SICK","Sensors & Switches","128.87","0","SENSOR PROX 60MM IP67 CYLINDER","https://cdn.sick.com/media/pdf/4/54/154/dataSheet_MM12-60APS-ZCK_1040070_en.pdf","{""Sensing Distance"":""2.362\"" (60mm)"",""Output Type"":""PNP-NO, 3-Wire"",""Response Frequency"":""1kHz"",""Shielding"":""Unshielded"",""Material - Body"":""Nickel-Plated Brass"",""Voltage - Supply"":""10V ~ 30V"",""Termination Style"":""Connector"",""Operating Temperature"":""-25°C ~ 75°C"",""Ingress Protection"":""IP67"",""Indicator"":""LED"",""Package / Case"":""Cylinder, Threaded - M12"",""Series"":""MME""}"
"6030132","SENSOR PROX CAP 1MM-10MM FLANGE","SICK","Sensors & Switches","169.37","0","SENSOR PROX CAP 1MM-10MM FLANGE","https://cdn.sick.com/media/pdf/3/63/263/dataSheet_CQ28-10NPP-KW1_6030132_en.pdf","{""Sensor Type"":""Capacitive"",""Sensing Distance"":""0.039\"" ~ 0.394\"" (1mm ~ 10mm)"",""Output Type"":""PNP-NC/NO, 4-Wire"",""Response Frequency"":""10Hz"",""Shielding"":""Unshielded"",""Material - Body"":""Plastic"",""Voltage - Supply"":""10V ~ 30V"",""Termination Style"":""Cable Leads"",""Operating Temperature"":""-20°C ~ 85°C"",""Ingress Protection"":""IP68"",""Indicator"":""LED"",""Package / Case"":""Flange Mount"",""Series"":""CQ""}"
"1091946","SENSOR PROX INDUCTIVE 4MM CYLIND","SICK","Sensors & Switches","192.7","0","SENSOR PROX INDUCTIVE 4MM CYLIND","https://cdn.sick.com/media/pdf/3/53/453/dataSheet_IME2S12-04N4DC0_1091946_en.pdf","{""Sensor Type"":""Inductive"",""Sensing Distance"":""0.157\"" (4mm)"",""Output Type"":""-"",""Response Frequency"":""-"",""Shielding"":""Unshielded"",""Material - Body"":""Nickel-Plated Brass"",""Voltage - Supply"":""19.2V ~ 28.8V"",""Termination Style"":""Connector"",""Operating Temperature"":""-25°C ~ 70°C"",""Ingress Protection"":""IP67"",""Indicator"":""LED"",""Package / Case"":""Cylinder, Threaded - M12"",""Series"":""IME2S""}"
"1091944","IND -SICH SCHALT","SICK","Sensors & Switches","195.61","0","IND -SICH SCHALT","https://cdn.sick.com/media/pdf/9/49/449/dataSheet_IME2S12-04B4DC0_1091944_en.pdf","{""Sensor Type"":""Inductive"",""Sensing Distance"":""0.157\"" (4mm)"",""Output Type"":""Digital"",""Response Frequency"":""-"",""Shielding"":""Unshielded"",""Material - Body"":""Nickel-Plated Brass"",""Voltage - Supply"":""19.2V ~ 28.8V"",""Termination Style"":""Connector"",""Operating Temperature"":""-25°C ~ 70°C"",""Ingress Protection"":""IP67"",""Indicator"":""LED"",""Package / Case"":""Cylinder, Threaded - M12"",""Series"":""IME2S""}"
"1133546","HYBRID PHOTOELECTRIC SENSORS, W1","SICK","Sensors & Switches","492.44","0","HYBRID PHOTOELECTRIC SENSORS, W1","https://www.sick.com/media/pdf/3/63/563/dataSheet_WTM10L-241611D0A00ZWZZZZZZZZZ1_1133546_en.pdf","{""Sensing Method"":""Proximity"",""Sensing Distance"":""0.984\"" ~ 27.559\"" (25mm ~ 700mm)"",""Voltage - Supply"":""10V ~ 30V"",""Response Time"":""1.8ms, 5ms, 15ms"",""Output Configuration"":""Push-Pull, NPN/PNP - Dark-ON/Light-ON"",""Light Source"":""Red (655nm)"",""Connection Method"":""Connector, M12"",""Ingress Protection"":""IP67, IP69"",""Cable Length"":""-"",""Adjustment Type"":""Fixed"",""Operating Temperature"":""-10°C ~ 55°C"",""Series"":""W10""}"
"1085343","RELAY SAFETY 3PST 6A 24V","SICK","Safety","254.64","0","RELAY SAFETY 3PST 6A 24V","https://www.sick.com/media/pdf/5/75/375/dataSheet_FLX3-CPUC200_1085351_en.pdf","{""Mounting Type"":""DIN Rail"",""Coil Voltage"":""24VDC"",""Contact Form"":""3PST-2NO/1NC (2 Form A, 1 Form B)"",""Contact Rating (Current)"":""6 A"",""Switching Voltage"":""230VAC, 230VDC - Max"",""Features"":""-"",""Termination Style"":""Spring Terminal"",""Must Operate Voltage"":""-"",""Must Release Voltage"":""-"",""Operate Time"":""10 ms"",""Operating Temperature"":""-"",""Contact Material"":""Silver (Ag), Gold (Au)"",""Series"":""ReLy""}"
"1085345","RELAY SAFETY DPST 6A 24V","SICK","Safety","388.66","0","RELAY SAFETY DPST 6A 24V","https://cdn.sick.com/media/pdf/5/45/945/dataSheet_RLY3-EMSS100_1085345_en.pdf","{""Mounting Type"":""DIN Rail"",""Coil Voltage"":""24VDC"",""Contact Form"":""DPST-NO (2 Form A)"",""Contact Rating (Current)"":""6 A"",""Switching Voltage"":""250VDC - Max"",""Features"":""-"",""Termination Style"":""Spring Terminal"",""Must Operate Voltage"":""-"",""Must Release Voltage"":""-"",""Operate Time"":""10 ms"",""Operating Temperature"":""-"",""Contact Material"":""Silver (Ag), Gold (Au)"",""Series"":""ReLy""}"
"1099971","SAFETY RELAY 24VDC 12A 12MS","SICK","Safety","359.22","0","SAFETY RELAY 24VDC 12A 12MS","https://www.sick.com/media/pdf/5/75/375/dataSheet_FLX3-CPUC200_1085351_en.pdf","{""Mounting Type"":""DIN Rail"",""Coil Voltage"":""24VDC"",""Contact Form"":""SPST-NO (1 Form A) x 4"",""Contact Rating (Current)"":""6 A"",""Switching Voltage"":""230VAC, 230VDC - Max"",""Features"":""-"",""Termination Style"":""Spring Terminal"",""Must Operate Voltage"":""-"",""Must Release Voltage"":""-"",""Operate Time"":""12 ms"",""Operating Temperature"":""-25°C ~ 55°C"",""Contact Material"":""Silver (Ag), Gold (Au)"",""Series"":""ReLy""}"
"1043783","FLEXISOFT CONTROLLER","SICK","Safety","389.07","0","FLEXISOFT CONTROLLER","https://cdn.sick.com/media/pdf/7/77/477/dataSheet_FX3-CPU000000_1043783_en.pdf","{""Controller Type"":""General Purpose"",""Number of Inputs and Type"":""-"",""Safety Outputs and Type"":""-"",""Auxiliary Outputs and Type"":""Relay"",""Contact Rating @ Voltage"":""-"",""Safety Category"":""Category 4, PLe, SIL3"",""Voltage - Supply"":""24VDC"",""Mounting Type"":""DIN Rail"",""Termination Style"":""Spring Terminal"",""Operating Temperature"":""-25°C ~ 55°C"",""Ingress Protection"":""IP20"",""Features"":""-"",""Series"":""Flexi Soft""}"
"1085344","RELAY SAFETY DPST 6A 24V","SICK","Safety","493.64","0","RELAY SAFETY DPST 6A 24V","https://cdn.sick.com/media/pdf/5/45/345/dataSheet_RLY3-OSSD200_1085344_en.pdf","{""Mounting Type"":""DIN Rail"",""Coil Voltage"":""24VDC"",""Contact Form"":""DPST-NO (2 Form A)"",""Contact Rating (Current)"":""6 A"",""Switching Voltage"":""250VDC - Max"",""Features"":""-"",""Termination Style"":""Spring Terminal"",""Must Operate Voltage"":""-"",""Must Release Voltage"":""-"",""Operate Time"":""10 ms"",""Operating Temperature"":""-"",""Contact Material"":""Silver (Ag), Gold (Au)"",""Series"":""ReLy""}"
"1044125","FLEXISOFT 8IN/4OUT","SICK","Safety","596.28","0","FLEXISOFT 8IN/4OUT","https://cdn.sick.com/media/pdf/0/80/480/dataSheet_FX3-XTIO84002_1044125_en.pdf","{""Controller Type"":""General Purpose"",""Number of Inputs and Type"":""8 - Digital"",""Safety Outputs and Type"":""2 - Digital"",""Auxiliary Outputs and Type"":""Relay"",""Contact Rating @ Voltage"":""-"",""Safety Category"":""Category 4, PLe, SIL3"",""Voltage - Supply"":""24VDC"",""Mounting Type"":""DIN Rail"",""Termination Style"":""Spring Terminal"",""Operating Temperature"":""-25°C ~ 55°C"",""Ingress Protection"":""IP20"",""Features"":""-"",""Series"":""Flexi Soft""}"
"1100688","SAFETY RELAY CAT 4","SICK","Safety","750.78","0","SAFETY RELAY CAT 4","https://cdn.sick.com/media/pdf/6/86/586/dataSheet_RLY3-TIME100_1100688_en.pdf","{""Mounting Type"":""DIN Rail"",""Coil Voltage"":""24VDC"",""Contact Form"":""DPST-NO (2 Form A)"",""Contact Rating (Current)"":""2 A"",""Switching Voltage"":""230VAC, 230VDC - Max"",""Features"":""-"",""Termination Style"":""Spring Terminal"",""Must Operate Voltage"":""-"",""Must Release Voltage"":""-"",""Operating Temperature"":""-"",""Contact Material"":""Silver (Ag), Gold (Au)"",""Series"":""ReLy""}"
"1061778","FLEXISOFT 6IN/8OUT","SICK","Safety","414.34","0","FLEXISOFT 6IN/8OUT","https://cdn.sick.com/media/pdf/9/49/849/dataSheet_FX0-STIO68002_1061778_en.pdf","{""Controller Type"":""General Purpose"",""Number of Inputs and Type"":""8 - Digital"",""Safety Outputs and Type"":""-"",""Auxiliary Outputs and Type"":""Relay"",""Contact Rating @ Voltage"":""-"",""Safety Category"":""Category 4, PLe, SIL3"",""Voltage - Supply"":""24VDC"",""Mounting Type"":""DIN Rail"",""Termination Style"":""Spring Terminal"",""Operating Temperature"":""-25°C ~ 55°C"",""Ingress Protection"":""IP20"",""Features"":""-"",""Series"":""Flexi Soft""}"
"1085346","RELAY SAFETY DPST 6A 24V","SICK","Safety","487.32","0","RELAY SAFETY DPST 6A 24V","https://cdn.sick.com/media/pdf/6/46/946/dataSheet_RLY3-HAND100_1085346_en.pdf","{""Mounting Type"":""DIN Rail"",""Coil Voltage"":""24VDC"",""Contact Form"":""DPST-NO (2 Form A)"",""Contact Rating (Current)"":""6 A"",""Switching Voltage"":""250VDC - Max"",""Features"":""-"",""Termination Style"":""Spring Terminal"",""Must Operate Voltage"":""-"",""Must Release Voltage"":""-"",""Operate Time"":""10 ms"",""Operating Temperature"":""-"",""Contact Material"":""Silver (Ag), Gold (Au)"",""Series"":""ReLy""}"
"1100696","RELY","SICK","Safety","662.41","0","RELY","https://cdn.sick.com/media/pdf/3/13/013/dataSheet_RLY3-LOOP100_1100696_en.pdf","{""Mounting Type"":""DIN Rail"",""Coil Voltage"":""24VDC"",""Contact Form"":""3PST-NO (3 Form A)"",""Contact Rating (Current)"":""6 A"",""Switching Voltage"":""230VAC, 230VDC - Max"",""Features"":""Lighted Indicator"",""Termination Style"":""Spring Terminal"",""Must Operate Voltage"":""16.8 VDC"",""Must Release Voltage"":""-"",""Operate Time"":""79 ms"",""Operating Temperature"":""-25°C ~ 55°C"",""Contact Material"":""Silver (Ag), Gold (Au)"",""Series"":""ReLy""}"
"1100692","RELY","SICK","Safety","733.16","0","RELY","https://cdn.sick.com/media/pdf/2/12/012/dataSheet_RLY3-MULT100_1100692_en.pdf","{""Mounting Type"":""DIN Rail"",""Coil Voltage"":""24VDC"",""Contact Form"":""3PST-NO (3 Form A)"",""Contact Rating (Current)"":""6 A"",""Switching Voltage"":""230VAC, 230VDC - Max"",""Features"":""Lighted Indicator"",""Termination Style"":""Spring Terminal"",""Must Operate Voltage"":""16.8 VDC"",""Must Release Voltage"":""-"",""Operating Temperature"":""-25°C ~ 55°C"",""Contact Material"":""Silver (Ag), Gold (Au)"",""Series"":""ReLy""}"
"6029947","SAFETY INTERLOOK","SICK","Safety","1828.83","0","SAFETY INTERLOOK","https://cdn.sick.com/media/pdf/7/77/677/dataSheet_T4000-1RCA04_6029947_en.pdf","{""Controller Type"":""General Purpose"",""Number of Inputs and Type"":""4 - Digital"",""Safety Outputs and Type"":""Relay (2)"",""Auxiliary Outputs and Type"":""-"",""Contact Rating @ Voltage"":""6A @ 30VDC"",""Safety Category"":""Category 4, PLe, SIL3"",""Voltage - Supply"":""24VDC"",""Mounting Type"":""DIN Rail"",""Termination Style"":""Spring Terminal"",""Operating Temperature"":""0°C ~ 55°C"",""Ingress Protection"":""IP20"",""Features"":""-"",""Series"":""T4000""}"
"1099973","RELAY SAFETY 12A 24V","SICK","Safety","435.28","0","RELAY SAFETY 12A 24V","https://cdn.sick.com/media/pdf/2/72/672/dataSheet_RLY3-EMSS300_1099973_en.pdf","{""Mounting Type"":""DIN Rail"",""Coil Voltage"":""24VDC"",""Contact Form"":""3PST-NO (3 Form A)"",""Contact Rating (Current)"":""6 A"",""Switching Voltage"":""230VAC, 230VDC - Max"",""Features"":""Lighted Indicator"",""Termination Style"":""Spring Terminal"",""Must Operate Voltage"":""-"",""Must Release Voltage"":""-"",""Operate Time"":""12 ms"",""Operating Temperature"":""-25°C ~ 55°C"",""Contact Material"":""Silver (Ag), Gold (Au)"",""Series"":""ReLy""}"
"6026143","SAFETY-UNIT","SICK","Safety","496.77","0","SAFETY-UNIT","https://www.sick.com/media/pdf/0/90/590/dataSheet_UE410-4RO3_6026143_en.pdf","{""Controller Type"":""General Purpose"",""Number of Inputs and Type"":""4 - Digital"",""Safety Outputs and Type"":""Relay"",""Auxiliary Outputs and Type"":""-"",""Contact Rating @ Voltage"":""75mA @ 30VDC"",""Safety Category"":""Category 4, PLe, SIL3"",""Voltage - Supply"":""18 ~ 30VDC"",""Mounting Type"":""DIN Rail"",""Termination Style"":""Screw Terminal"",""Operating Temperature"":""-25°C ~ 55°C"",""Ingress Protection"":""IP20, IP40"",""Features"":""-"",""Series"":""Flexi Classic""}"
"1099969","RELAY SAFETY 12A 24V","SICK","Safety","548.4","0","RELAY SAFETY 12A 24V","https://cdn.sick.com/media/pdf/4/84/584/dataSheet_RLY3-OSSD300_1099969_en.pdf","{""Mounting Type"":""DIN Rail"",""Coil Voltage"":""24VDC"",""Contact Form"":""3PST-NO (3 Form A)"",""Contact Rating (Current)"":""6 A"",""Switching Voltage"":""230VAC, 230VDC - Max"",""Features"":""Lighted Indicator"",""Termination Style"":""Spring Terminal"",""Must Operate Voltage"":""-"",""Must Release Voltage"":""-"",""Operate Time"":""12 ms"",""Operating Temperature"":""-25°C ~ 55°C"",""Contact Material"":""Silver (Ag), Gold (Au)"",""Series"":""ReLy""}"
"6026144","SAFETY-UNIT","SICK","Safety","360.49","0","SAFETY-UNIT","https://www.sick.com/media/pdf/8/88/588/dataSheet_UE410-2RO3_6026144_en.pdf","{""Controller Type"":""General Purpose"",""Number of Inputs and Type"":""2 - Digital"",""Safety Outputs and Type"":""Relay"",""Auxiliary Outputs and Type"":""-"",""Contact Rating @ Voltage"":""75mA @ 30VDC"",""Safety Category"":""Category 4, PLe, SIL3"",""Voltage - Supply"":""18 ~ 30VDC"",""Mounting Type"":""DIN Rail"",""Termination Style"":""Screw Terminal"",""Operating Temperature"":""-25°C ~ 55°C"",""Ingress Protection"":""IP20, IP40"",""Features"":""-"",""Series"":""Flexi Classic""}"
"6083526","RELAY, SAFETY 24VAC/DC 2*NO 1*NC","SICK","Relays & Timers","573.16","0","RELAY, SAFETY 24VAC/DC 2*NO 1*NC","","{""Series"":""*"",""Pack Size"":""5""}"
"6053182","SAFETY-UNIT   (C)","SICK","Safety","874.96","0","SAFETY-UNIT   (C)","https://cdn.sick.com/media/pdf/8/48/648/dataSheet_UE410-4RO401_6053182_en.pdf","{""Controller Type"":""General Purpose"",""Number of Inputs and Type"":""4 - Digital"",""Safety Outputs and Type"":""Relay"",""Auxiliary Outputs and Type"":""-"",""Contact Rating @ Voltage"":""75mA @ 30VDC"",""Safety Category"":""Category 4, PLe, SIL3"",""Voltage - Supply"":""18 ~ 30VDC"",""Mounting Type"":""DIN Rail"",""Termination Style"":""Spring Terminal"",""Operating Temperature"":""-25°C ~ 55°C"",""Ingress Protection"":""IP20, IP40"",""Features"":""-"",""Series"":""Flexi Soft"",""Pack Size"":""3""}"
"6029946","SAFETY INTERLOOK","SICK","Safety","1540.43","0","SAFETY INTERLOOK","https://cdn.sick.com/media/pdf/6/76/676/dataSheet_T4000-1RCA02_6029946_en.pdf","{""Controller Type"":""General Purpose"",""Number of Inputs and Type"":""2 - Digital"",""Safety Outputs and Type"":""Relay"",""Auxiliary Outputs and Type"":""-"",""Contact Rating @ Voltage"":""6A @ 30VDC"",""Safety Category"":""Category 4, PLe, SIL3"",""Voltage - Supply"":""24VDC"",""Mounting Type"":""DIN Rail"",""Termination Style"":""Screw Terminal"",""Operating Temperature"":""0°C ~ 55°C"",""Ingress Protection"":""IP20"",""Features"":""-"",""Series"":""T4000"",""Pack Size"":""2""}"
"6066935","POW.SUP.,PLUG  90-255VAC 5V2  1A","SICK","Power Supplies","102.14","0","POW.SUP.,PLUG  90-255VAC 5V2  1A","","{""Series"":""-""}"
"7028789","POWERSUPPLY, CLASS II 100-240VAC","SICK","Power Supplies","502.76","0","POWERSUPPLY, CLASS II 100-240VAC","https://cdn.sick.com/media/pdf/1/51/351/dataSheet_PS50W-24V_7028789_en.pdf","{""Series"":""-""}"
"7028790","POWERSUPPLY, CLASS II 120/240VAC","SICK","Power Supplies","635.43","0","POWERSUPPLY, CLASS II 120/240VAC","https://cdn.sick.com/media/pdf/2/52/352/dataSheet_PS95W-24V_7028790_en.pdf","{""Series"":""-""}"
"6041095","EX-NAMUR-SWITCH DC24V","SICK","Power Supplies","395.21","0","EX-NAMUR-SWITCH DC24V","https://cdn.sick.com/media/pdf/0/40/440/dataSheet_EN2-2EX3_6041095_en.pdf","{""Accessory Type"":""Power Supply"",""For Use With/Related Products"":""Networking"",""Series"":""-""}"
"1046978","EFI GATEWAYS, UE4740-22H0000, AC","SICK","Industrial Networking","1606.41","0","EFI GATEWAYS, UE4740-22H0000, AC","https://cdn.sick.com/media/pdf/1/41/741/dataSheet_UE4740-22H0000_1046978_en.pdf","{""Type"":""EFI Gateway"",""For Use With/Related Products"":""Networking"",""Series"":""-""}"
"6076923","SENSOR INTEGRATION GATEWAY, SIG3","SICK","Industrial Networking","686.63","0","SENSOR INTEGRATION GATEWAY, SIG3","https://cdn.sick.com/media/pdf/4/64/064/dataSheet_SIG350-0005AP100_6076923_en.pdf","{""Accessory Type"":""Input, Output Unit"",""Color"":""Black"",""Features"":""12 Connector Opening"",""For Use With/Related Products"":""Circular Connectors"",""Material"":""Plastic"",""Shell Size - Insert"":""M12"",""Series"":""SIG350""}"
"6076924","SENSOR INTEGRATION GATEWAY, SIG3","SICK","Industrial Networking","686.63","0","SENSOR INTEGRATION GATEWAY, SIG3","https://cdn.sick.com/media/pdf/5/65/065/dataSheet_SIG350-0006AP100_6076924_en.pdf","{""Accessory Type"":""Input, Output Unit"",""Color"":""Black"",""Features"":""12 Connector Opening"",""For Use With/Related Products"":""Circular Connectors"",""Material"":""Plastic"",""Shell Size - Insert"":""M12"",""Series"":""SIG350""}"
"6071650","IO-LINK GATEWAY","SICK","Industrial Networking","277.61","0","IO-LINK GATEWAY","https://cdn.sick.com/media/pdf/0/60/660/dataSheet_WI180C-IOA00_6071650_en.pdf","{""Type"":""Coupler"",""For Use With/Related Products"":""AOD1, KTL180, WLL180T"",""Series"":""-"",""Pack Size"":""9""}"
"6074861","WI180C-IOB01  IO-LINK-GATEWAY","SICK","Industrial Networking","277.61","0","WI180C-IOB01  IO-LINK-GATEWAY","https://cdn.sick.com/media/pdf/3/83/983/dataSheet_WI180C-IOB01_6074861_en.pdf","{""Series"":""*"",""Pack Size"":""9""}"
"6068090","ETHERNET/IP GATEWAY","SICK","Industrial Networking","633.27","0","ETHERNET/IP GATEWAY","https://cdn.sick.com/media/pdf/2/12/712/dataSheet_WI180C-EN_6068090_en.pdf","{""Type"":""Coupler"",""For Use With/Related Products"":""AOD1, KTL180, WLL180T"",""Series"":""-"",""Pack Size"":""4""}"
"6055231","FIELD BUS GATEWAY","SICK","Industrial Networking","643.34","0","FIELD BUS GATEWAY","https://cdn.sick.com/media/pdf/5/45/745/dataSheet_WI180C-PBS01_6055231_en.pdf","{""Type"":""Coupler"",""For Use With/Related Products"":""OD Mini, WLL180T"",""Series"":""-"",""Pack Size"":""4""}"
"6052566","FIELD BUS GATEWAY","SICK","Industrial Networking","643.34","0","FIELD BUS GATEWAY","https://cdn.sick.com/media/pdf/4/44/744/dataSheet_WI180C-PB_6052566_en.pdf","{""Type"":""Coupler"",""For Use With/Related Products"":""Networking"",""Series"":""-"",""Pack Size"":""4""}"
"6068091","WI180C-PNS01    PROFINET GATEWAY","SICK","Industrial Networking","643.34","0","WI180C-PNS01    PROFINET GATEWAY","https://cdn.sick.com/media/pdf/4/44/544/dataSheet_WI180C-PNS01_6068091_en.pdf","{""Series"":""*"",""Pack Size"":""4""}"
"6068088","PROFINET GATEWAY","SICK","Industrial Networking","645.68","0","PROFINET GATEWAY","https://cdn.sick.com/media/pdf/8/68/468/dataSheet_WI180C-PN_6068088_en.pdf","{""Type"":""Coupler"",""For Use With/Related Products"":""AOD1, KTL180, WLL180T"",""Series"":""-"",""Pack Size"":""4""}"
"6068089","ETHERCAT GATEWAY","SICK","Industrial Networking","649.78","0","ETHERCAT GATEWAY","https://cdn.sick.com/media/pdf/7/97/797/dataSheet_WI180C-EC_6068089_en.pdf","{""Type"":""Coupler"",""For Use With/Related Products"":""AOD1, KTL180, WLL180T"",""Series"":""-"",""Pack Size"":""4""}"
"7029355","GATEWAY        SERIAL/ETHERNET,","SICK","Industrial Networking","1129.95","0","GATEWAY        SERIAL/ETHERNET,","","{""Series"":""*"",""Pack Size"":""3""}"
"6044464","GATEWAY        RS232/DEVICENET","SICK","Industrial Networking","1373.25","0","GATEWAY        RS232/DEVICENET","","{""Series"":""*"",""Pack Size"":""2""}"
"6043409","GATEWAY        RS232/DEVICENET","SICK","Industrial Networking","1490.2","0","GATEWAY        RS232/DEVICENET","","{""Series"":""*"",""Pack Size"":""2""}"
"1089191","PROFINET GATEWAY KIT","SICK","Industrial Networking","1805.57","0","PROFINET GATEWAY KIT","","{""Series"":""*"",""Pack Size"":""2""}"
"6079357","DATA COLLECTOR","SICK","Industrial Networking","2021.26","0","DATA COLLECTOR","https://cdn.sick.com/media/pdf/7/47/747/dataSheet_TDC-E210AC_6079357_en.pdf","{""Function"":""Gateway"",""Modulation or Protocol"":""802.11b/g/n, HSPA"",""Frequency"":""2.4GHz"",""Applications"":""General Purpose"",""Interface"":""RJ45"",""Sensitivity"":""-"",""Power - Output"":""-"",""Data Rate (Max)"":""150Mbps"",""Features"":""IP20"",""Series"":""-"",""Pack Size"":""2""}"
"1138829","GATEWAY ALDIS RFID TDC-E210AC","SICK","Industrial Networking","6277.06","0","GATEWAY ALDIS RFID TDC-E210AC","","{""Series"":""*""}"
"1138832","GATEWAY ALDIS LASER TDC-E210AC","SICK","Industrial Networking","6277.06","0","GATEWAY ALDIS LASER TDC-E210AC","","{""Series"":""*""}"
"1138834","GATEWAY ALDIS VISION TDC-E210AC","SICK","Industrial Networking","6277.06","0","GATEWAY ALDIS VISION TDC-E210AC","","{""Series"":""*""}"
"6070344","DATA COLLECTOR","SICK","Industrial Networking","0","0","DATA COLLECTOR","https://cdn.sick.com/media/pdf/4/74/574/dataSheet_TDC-E210GC_6070344_en.pdf","{""Function"":""Gateway"",""Modulation or Protocol"":""802.11b/g/n, HSPA"",""Frequency"":""2.4GHz"",""Applications"":""General Purpose"",""Interface"":""RJ45"",""Sensitivity"":""-"",""Power - Output"":""-"",""Data Rate (Max)"":""150Mbps"",""Features"":""IP20"",""Series"":""-""}"
"4079283","RELAY, 24VDC 10A DPDT","SICK","Relays & Timers","70.2","0","RELAY, 24VDC 10A DPDT","","{""Series"":""*"",""Pack Size"":""34""}"
"4079284","RELAY, 120VAC 10A DPDT","SICK","Relays & Timers","70.2","0","RELAY, 120VAC 10A DPDT","","{""Series"":""*"",""Pack Size"":""34""}"
"4079282","RELAY, 24VDC 10A 4PDT","SICK","Relays & Timers","99.42","0","RELAY, 24VDC 10A 4PDT","","{""Series"":""*"",""Pack Size"":""24""}"
"1095598","PWRSUP W-RELAY","SICK","Relays & Timers","1484.35","0","PWRSUP W-RELAY","","{""Series"":""*"",""Pack Size"":""2""}"
"1069560","INTERLOCK RFID","SICK","Cables & Connectors","302.54","0","INTERLOCK RFID","https://cdn.sick.com/media/pdf/3/63/363/dataSheet_STR1-SASM0AC5_1069560_en.pdf","{""Type"":""RFID"",""Circuit"":""-"",""Current Rating (Amps)"":""100mA (DC)"",""Voltage Rating"":""-"",""Voltage - Supply"":""24VDC"",""Holding Force"":""-"",""Actuator Type"":""Non-Contact"",""Termination Style"":""Cable with Connector (M12)"",""Features"":""Staus Indicator"",""Must Operate"":""10mm"",""Must Release"":""25mm"",""Conduit Thread Size"":""-"",""Operating Temperature"":""-30°C ~ 70°C"",""Ingress Protection"":""IP67/IP69K - Dust Tight, Water Resistant, Waterproof"",""Approval Agency"":""CE, cULus, TUV"",""Series"":""STR1""}"
"6007303","CONN RCPT FMALE 4POS SCREW","SICK","Cables & Connectors","26.97","0","CONN RCPT FMALE 4POS SCREW","https://cdn.sick.com/media/pdf/9/29/629/dataSheet_DOS-1204-W_6007303_en.pdf","{""Connector Type"":""Receptacle, Female Sockets"",""Number of Positions"":""4"",""Shell Size - Insert"":""M12-4"",""Shell Size, MIL"":""-"",""Mounting Type"":""Free Hanging (In-Line), Right Angle"",""Mounting Feature"":""-"",""Termination"":""Screw"",""Fastening Type"":""Threaded"",""Orientation"":""Keyed"",""Primary Material"":""Metal"",""Shell Material"":""Copper Zinc"",""Shell Finish"":""-"",""Contact Finish - Mating"":""-"",""Color"":""Black, Silver"",""Ingress Protection"":""IP67 - Dust Tight, Waterproof"",""Material Flammability Rating"":""-"",""Features"":""Backshell, Coupling Nut"",""Shielding"":""Unshielded"",""Current Rating (Amps)"":""4A"",""Voltage Rating"":""250V"",""Cable Opening"":""0.118\"" ~ 0.256\"" (3.00mm ~ 6.50mm)"",""Operating Temperature"":""-40°C ~ 85°C"",""Series"":""M12""}"
"6044999","MAL ST CAB FK  M12-5P","SICK","Cables & Connectors","38.46","0","MAL ST CAB FK  M12-5P","https://cdn.sick.com/media/pdf/1/81/581/dataSheet_STE-1205-GFE_6044999_en.pdf","{""Connector Type"":""Plug, Male Pins"",""Number of Positions"":""5"",""Grade"":""-"",""Qualification"":""-"",""Shell Size - Insert"":""M12-5"",""Shell Size, MIL"":""-"",""Mounting Type"":""Free Hanging (In-Line)"",""Mounting Feature"":""-"",""Termination"":""Spring-Cage"",""Fastening Type"":""Threaded"",""Orientation"":""A"",""Primary Material"":""Metal"",""Shell Material"":""Brass"",""Shell Finish"":""Nickel"",""Contact Finish - Mating"":""-"",""Color"":""Silver"",""Ingress Protection"":""IP67 - Dust Tight, Waterproof"",""Material Flammability Rating"":""-"",""Features"":""Backshell, Coupling Nut"",""Shielding"":""Unshielded"",""Current Rating (Amps)"":""4A"",""Voltage Rating"":""60V"",""Cable Opening"":""-"",""Operating Temperature"":""-40°C ~ 85°C"",""Series"":""-""}"
"6028422","FEM ST  PG9 M12-8P","SICK","Cables & Connectors","47.87","0","FEM ST  PG9 M12-8P","https://cdn.sick.com/media/pdf/5/35/635/dataSheet_DOS-1208-G_6028422_en.pdf","{""Connector Type"":""Plug, Female Sockets"",""Number of Positions"":""8"",""Shell Size - Insert"":""M12-8"",""Shell Size, MIL"":""-"",""Mounting Type"":""Free Hanging (In-Line)"",""Mounting Feature"":""-"",""Termination"":""Screw"",""Fastening Type"":""Threaded"",""Orientation"":""Keyed"",""Primary Material"":""Plastic"",""Shell Material"":""Polyamide (PA), Nylon"",""Shell Finish"":""-"",""Contact Finish - Mating"":""-"",""Color"":""Black"",""Ingress Protection"":""IP67 - Dust Tight, Waterproof"",""Material Flammability Rating"":""-"",""Features"":""Backshell, Coupling Nut"",""Shielding"":""Unshielded"",""Current Rating (Amps)"":""2A"",""Voltage Rating"":""60V"",""Cable Opening"":""-"",""Operating Temperature"":""-40°C ~ 85°C"",""Series"":""-""}"
"1075225","ENCODER INCREMENTAL CABLE","SICK","Encoders","629.07","0","ENCODER INCREMENTAL CABLE","https://cdn.sick.com/media/pdf/4/74/874/dataSheet_DFS25A-A2AAL001500_1075225_en.pdf","{""DigiKey Programmable"":""Not Verified"",""Encoder Type"":""Incremental"",""Output Type"":""-"",""Pulses per Revolution"":""1500"",""Voltage - Supply"":""4.5V ~ 5.5V"",""Actuator Type"":""Shaft"",""Detent"":""No"",""Built in Switch"":""No"",""Mounting Type"":""Chassis Mount"",""Orientation"":""User Selectable"",""Termination Style"":""Cable"",""Rotational Life (Cycles Min)"":""-"",""Series"":""DFS2x""}"
"6028628","ENC MECH DIGITAL USR SELECT CONN","SICK","Encoders","2487.8","0","ENC MECH DIGITAL USR SELECT CONN","https://cdn.sick.com/media/pdf/6/26/326/dataSheet_MRA-F130-120D1_6028628_en.pdf","{""DigiKey Programmable"":""-"",""Encoder Type"":""Mechanical"",""Output Type"":""Digital"",""Pulses per Revolution"":""-"",""Voltage - Supply"":""-"",""Actuator Type"":""Cable Pull"",""Detent"":""No"",""Built in Switch"":""No"",""Mounting Type"":""Chassis Mount"",""Orientation"":""User Selectable"",""Termination Style"":""Connector"",""Rotational Life (Cycles Min)"":""1M"",""Grade"":""-"",""Qualification"":""-"",""Series"":""-""}"
"6081868","SENSOR/ACTUATOR CABLE, CONNECTIO","SICK","Cables & Connectors","72.81","0","SENSOR/ACTUATOR CABLE, CONNECTIO","https://cdn.sick.com/media/pdf/7/37/437/dataSheet_Connection-cable_6081868_en.pdf","{""Connector Type"":""D-Sub 09 pos Female to RJ45, 8p8c"",""Length"":""6.56' (2.00m)"",""Cable Type"":""Round"",""Color"":""Black"",""Shielding"":""Unshielded"",""Usage"":""-"",""Series"":""-""}"
"1043700","FLEXISOFT MEMORY PLUG","SICK","Cables & Connectors","71.36","0","FLEXISOFT MEMORY PLUG","https://cdn.sick.com/media/pdf/6/16/316/dataSheet_FX3-MPL000001_1043700_en.pdf","{""Accessory Type"":""Terminal Block"",""For Use With/Related Products"":""-"",""Series"":""-""}"
"2045890","TERM BLOCK PLUG 12POS","SICK","Cables & Connectors","77.96","0","TERM BLOCK PLUG 12POS","https://cdn.sick.com/media/pdf/2/12/612/dataSheet_Terminal-plug-spring_2045890_en.pdf","{""Type"":""Plug, Female Sockets"",""Number of Positions"":""4 (Mate), 8 (Input)"",""Positions Per Level"":""4 (Mate), 8 (Input)"",""Number of Levels"":""1"",""Pitch"":""-"",""Header Orientation"":""-"",""Plug Wire Entry"":""180°"",""Termination Style"":""Screwless - Leg Spring, Push-In Spring"",""Mounting Type"":""Free Hanging (In-Line)"",""Current - IEC"":""-"",""Wire Gauge or Range - AWG"":""16-24 AWG"",""Wire Gauge or Range - mm²"":""0.25-1.5mm²"",""Color"":""Black"",""Operating Temperature"":""-"",""Contact Mating Finish"":""-"",""Features"":""Retention Latches (Non-Wire Side)"",""Series"":""-""}"
"6036140","CONTACT BLOCK DPST-NC 3A 250V","SICK","Cables & Connectors","51.15","0","CONTACT BLOCK DPST-NC 3A 250V","https://cdn.sick.com/media/pdf/2/72/972/dataSheet_ES21-CG2001_6036140_en.pdf","{""Circuit"":""DPST-NC"",""Requires"":""Switch Body"",""Termination Style"":""Screw Terminal"",""Contact Rating @ Voltage"":""3A @ 250VAC"",""(Select First, Then Apply Filters) Compatible Series"":""SICK, ES21"",""Series"":""ES21""}"
"5327609","CLIP BLOCK 14, PA SLOT8","SICK","Cables & Connectors","7.03","0","CLIP BLOCK 14, PA SLOT8","","{""Series"":""*"",""Pack Size"":""336""}"
"6036136","CONTACT BLOCK SPST-NC","SICK","Cables & Connectors","14.59","0","CONTACT BLOCK SPST-NC","","{""Circuit"":""SPST-NC"",""Requires"":""Switch Body"",""Termination Style"":""Screw Terminal"",""Contact Rating @ Voltage"":""-"",""(Select First, Then Apply Filters) Compatible Series"":""SICK, ES21"",""Series"":""ES21"",""Pack Size"":""162""}"
"6036135","CONTACT BLOCK SPST-NO","SICK","Cables & Connectors","14.59","0","CONTACT BLOCK SPST-NO","","{""Circuit"":""SPST-NO"",""Requires"":""Switch Body"",""Termination Style"":""Screw Terminal"",""Contact Rating @ Voltage"":""-"",""(Select First, Then Apply Filters) Compatible Series"":""SICK, ES21"",""Series"":""ES21"",""Pack Size"":""162""}"
"6036137","CONTACT BLOCK","SICK","Cables & Connectors","29.16","0","CONTACT BLOCK","","{""Circuit"":""-"",""Requires"":""Switch Body"",""Termination Style"":""Screw Terminal"",""Contact Rating @ Voltage"":""-"",""(Select First, Then Apply Filters) Compatible Series"":""SICK, ES21"",""Series"":""ES21"",""Pack Size"":""81""}"
"6036139","CONTACT BLOCK SPST-NC 3A 250V","SICK","Cables & Connectors","30.49","0","CONTACT BLOCK SPST-NC 3A 250V","https://cdn.sick.com/media/pdf/1/71/971/dataSheet_ES21-CG1001_6036139_en.pdf","{""Circuit"":""SPST-NC"",""Requires"":""Switch Body"",""Termination Style"":""Screw Terminal"",""Contact Rating @ Voltage"":""3A @ 250VAC"",""(Select First, Then Apply Filters) Compatible Series"":""SICK, ES21"",""Series"":""ES21"",""Pack Size"":""78""}"
"6036141","CONTACT BLOCK DPST-NO/NC 3A 250V","SICK","Cables & Connectors","43.74","0","CONTACT BLOCK DPST-NO/NC 3A 250V","//mm.digikey.com/Volume0/opasdata/d220001/medias/docus/8458/ES21.pdf","{""Circuit"":""DPST-NO/NC"",""Requires"":""Switch Body"",""Termination Style"":""Screw Terminal"",""Contact Rating @ Voltage"":""3A @ 250VAC"",""(Select First, Then Apply Filters) Compatible Series"":""SICK, ES21"",""Series"":""ES21"",""Pack Size"":""54""}"
"2045891","SCREW TERMINAL SET","SICK","Cables & Connectors","50.37","0","SCREW TERMINAL SET","https://cdn.sick.com/media/pdf/0/10/610/dataSheet_Screw-terminal-connector_2045891_en.pdf","{""Series"":""-"",""Pack Size"":""47""}"
"6035721","CONTACT BLOCK 3PST-NC 3A 250V","SICK","Cables & Connectors","57","0","CONTACT BLOCK 3PST-NC 3A 250V","https://cdn.sick.com/media/pdf/1/41/541/dataSheet_ES21-CH3001_6035721_en.pdf","{""Circuit"":""3PST-NC"",""Requires"":""Switch Body"",""Termination Style"":""Screw Terminal"",""Contact Rating @ Voltage"":""3A @ 250VAC"",""(Select First, Then Apply Filters) Compatible Series"":""SICK, ES21"",""Series"":""ES21"",""Pack Size"":""42""}"
"6036144","CONTACT BLK 3PST-2NC/1NO 3A 250V","SICK","Cables & Connectors","57","0","CONTACT BLK 3PST-2NC/1NO 3A 250V","//mm.digikey.com/Volume0/opasdata/d220001/medias/docus/8458/ES21.pdf","{""Circuit"":""3PST-2NC/1NO"",""Requires"":""Switch Body"",""Termination Style"":""Screw Terminal"",""Contact Rating @ Voltage"":""3A @ 250VAC"",""(Select First, Then Apply Filters) Compatible Series"":""SICK, ES21"",""Series"":""ES21"",""Pack Size"":""42""}"
"6036143","CONTACT BLK 3PST-2NC/1NO 3A 250V","SICK","Cables & Connectors","79.55","0","CONTACT BLK 3PST-2NC/1NO 3A 250V","https://cdn.sick.com/media/pdf/4/74/974/dataSheet_ES21-CH2111_6036143_en.pdf","{""Circuit"":""3PST-2NC/1NO"",""Requires"":""Switch Body"",""Termination Style"":""Screw Terminal"",""Contact Rating @ Voltage"":""3A @ 250VAC"",""(Select First, Then Apply Filters) Compatible Series"":""SICK, ES21"",""Series"":""ES21"",""Pack Size"":""30""}"
"2073707","FRONT WINDOW F.INSPECTOR FLEX IR","SICK","Cables & Connectors","164.39","0","FRONT WINDOW F.INSPECTOR FLEX IR","https://cdn.sick.com/media/pdf/4/44/344/dataSheet_Inspector-Flex-visible-block-f_2073707_en.pdf","{""Series"":""*"",""Pack Size"":""15""}"
"1037067","ENC ABSLT DIGITAL USR SELCT CONN","SICK","Encoders","602","0","ENC ABSLT DIGITAL USR SELCT CONN","https://cdn.sick.com/media/pdf/3/33/233/dataSheet_SRS50-HFA0-K21_1037067_en.pdf","{""DigiKey Programmable"":""-"",""Encoder Type"":""Absolute"",""Output Type"":""Digital"",""Pulses per Revolution"":""1024"",""Voltage - Supply"":""7V ~ 12V"",""Actuator Type"":""Shaft"",""Detent"":""No"",""Built in Switch"":""No"",""Mounting Type"":""Chassis Mount"",""Orientation"":""User Selectable"",""Termination Style"":""Connector"",""Rotational Life (Cycles Min)"":""3.6B"",""Grade"":""-"",""Qualification"":""-"",""Series"":""SRS50""}"
"1122108","ENCODER INCRE HTL/PSH-PULL CONN","SICK","Encoders","255.09","0","ENCODER INCRE HTL/PSH-PULL CONN","https://cdn.sick.com/media/pdf/7/27/227/dataSheet_DBS36E-S3EP00512_1122108_en.pdf","{""DigiKey Programmable"":""-"",""Encoder Type"":""Incremental"",""Output Type"":""HTL, Push-Pull"",""Pulses per Revolution"":""512"",""Voltage - Supply"":""7V ~ 30V"",""Actuator Type"":""Shaft"",""Detent"":""No"",""Built in Switch"":""No"",""Mounting Type"":""Flange Mount"",""Orientation"":""User Selectable"",""Termination Style"":""Cable with Connector"",""Rotational Life (Cycles Min)"":""2B"",""Grade"":""-"",""Qualification"":""-"",""Series"":""DBS36""}"
"1088225","ENC INCREM QUAD USR SELECT CABLE","SICK","Encoders","342.95","0","ENC INCREM QUAD USR SELECT CABLE","https://cdn.sick.com/media/pdf/5/45/745/dataSheet_DBS36E-BBAK00S42_1088225_en.pdf","{""DigiKey Programmable"":""-"",""Encoder Type"":""Incremental"",""Output Type"":""Quadrature (Incremental)"",""Pulses per Revolution"":""2500"",""Voltage - Supply"":""4.5V ~ 5.5V"",""Actuator Type"":""Hole for Shaft"",""Detent"":""No"",""Built in Switch"":""No"",""Mounting Type"":""Chassis Mount"",""Orientation"":""User Selectable"",""Termination Style"":""Cable"",""Rotational Life (Cycles Min)"":""2B"",""Grade"":""-"",""Qualification"":""-"",""Series"":""DBS36""}"
"1070746","ENCODER INCREMENTAL CABLE","SICK","Encoders","386.53","0","ENCODER INCREMENTAL CABLE","https://cdn.sick.com/media/pdf/4/84/584/dataSheet_DBS60E-S4FK01000_1070746_en.pdf","{""DigiKey Programmable"":""Not Verified"",""Encoder Type"":""Incremental"",""Output Type"":""-"",""Pulses per Revolution"":""1000"",""Voltage - Supply"":""4.5V ~ 30V"",""Actuator Type"":""Shaft"",""Detent"":""No"",""Built in Switch"":""No"",""Mounting Type"":""Chassis Mount"",""Orientation"":""User Selectable"",""Termination Style"":""Cable"",""Rotational Life (Cycles Min)"":""-"",""Series"":""DBS60""}"
"1094795","ENCODER INCREMENTAL QUAD CONN","SICK","Encoders","443.81","0","ENCODER INCREMENTAL QUAD CONN","https://www.sick.com/media/pdf/9/49/349/dataSheet_DBS60E-TJECD1000_1094795_en.pdf","{""DigiKey Programmable"":""Not Verified"",""Encoder Type"":""Incremental"",""Output Type"":""Quadrature (Incremental)"",""Pulses per Revolution"":""1000"",""Voltage - Supply"":""10V ~ 27V"",""Actuator Type"":""Hole for Shaft"",""Detent"":""No"",""Built in Switch"":""No"",""Mounting Type"":""Servo Mount"",""Orientation"":""User Selectable"",""Termination Style"":""Connector"",""Rotational Life (Cycles Min)"":""3.6B"",""Series"":""DBS60""}"
"1082132","ENC INCRE QUAD USR SEL CBL CONN","SICK","Encoders","526.94","0","ENC INCRE QUAD USR SEL CBL CONN","https://cdn.sick.com/media/pdf/4/44/944/dataSheet_DBS60E-SZEP00S42_1082132_en.pdf","{""DigiKey Programmable"":""-"",""Encoder Type"":""Incremental"",""Output Type"":""Quadrature (Incremental)"",""Pulses per Revolution"":""5000"",""Voltage - Supply"":""10V ~ 27V"",""Actuator Type"":""6mm Dia Round End"",""Detent"":""No"",""Built in Switch"":""No"",""Mounting Type"":""Flange Mount"",""Orientation"":""User Selectable"",""Termination Style"":""Cable with Connector"",""Rotational Life (Cycles Min)"":""3.6B"",""Grade"":""-"",""Qualification"":""-"",""Series"":""DBS60""}"
"5322778","ENC MECH DIGITAL USR SELECT CONN","SICK","Encoders","592.67","0","ENC MECH DIGITAL USR SELECT CONN","https://cdn.sick.com/media/pdf/6/36/336/dataSheet_MRA-G080-103D3_5322778_en.pdf","{""DigiKey Programmable"":""-"",""Encoder Type"":""Mechanical"",""Output Type"":""Digital"",""Pulses per Revolution"":""-"",""Voltage - Supply"":""-"",""Actuator Type"":""Cable Pull"",""Detent"":""No"",""Built in Switch"":""No"",""Mounting Type"":""Chassis Mount"",""Orientation"":""User Selectable"",""Termination Style"":""Connector"",""Rotational Life (Cycles Min)"":""1M"",""Grade"":""-"",""Qualification"":""-"",""Series"":""-""}"
"1094819","ENCODER INCREMENTAL QUAD CONN","SICK","Encoders","593.43","0","ENCODER INCREMENTAL QUAD CONN","https://cdn.sick.com/media/pdf/8/68/568/dataSheet_DFS20A-A2BAC002500_1094819_en.pdf","{""DigiKey Programmable"":""Not Verified"",""Encoder Type"":""Incremental"",""Output Type"":""Quadrature (Incremental)"",""Pulses per Revolution"":""2500"",""Voltage - Supply"":""8V ~ 30V"",""Actuator Type"":""Shaft"",""Detent"":""No"",""Built in Switch"":""No"",""Mounting Type"":""Servo Mount"",""Orientation"":""User Selectable"",""Termination Style"":""Connector"",""Rotational Life (Cycles Min)"":""3.6B"",""Series"":""DFS2x""}"
"1036721","ENC INCREM HTL/TTL USR SEL CONN","SICK","Encoders","602.56","0","ENC INCREM HTL/TTL USR SEL CONN","https://cdn.sick.com/media/pdf/0/50/050/dataSheet_DFS60B-S4PC10000_1036721_en.pdf","{""DigiKey Programmable"":""-"",""Encoder Type"":""Incremental"",""Output Type"":""HTL, TTL"",""Pulses per Revolution"":""10000"",""Voltage - Supply"":""4.5V ~ 32V"",""Actuator Type"":""Shaft"",""Detent"":""No"",""Built in Switch"":""No"",""Mounting Type"":""Flange Mount"",""Orientation"":""User Selectable"",""Termination Style"":""Connector"",""Rotational Life (Cycles Min)"":""-"",""Series"":""DFS60""}"
"1036722","ENC INCREM QUAD USR SELECT CABLE","SICK","Encoders","680.17","0","ENC INCREM QUAD USR SELECT CABLE","https://cdn.sick.com/media/pdf/0/50/550/dataSheet_DFS60B-S4PK10000_1036722_en.pdf","{""DigiKey Programmable"":""-"",""Encoder Type"":""Incremental"",""Output Type"":""Quadrature (Incremental)"",""Pulses per Revolution"":""10000"",""Voltage - Supply"":""4.5V ~ 32V"",""Actuator Type"":""Shaft"",""Detent"":""No"",""Built in Switch"":""No"",""Mounting Type"":""Flange Mount"",""Orientation"":""User Selectable"",""Termination Style"":""Cable"",""Rotational Life (Cycles Min)"":""-"",""Series"":""DFS60""}"
"1088235","ENC INCREM QUAD USR SELECT CABLE","SICK","Encoders","705.34","0","ENC INCREM QUAD USR SELECT CABLE","https://cdn.sick.com/media/pdf/5/45/845/dataSheet_DFS60B-THAK00S96_1088235_en.pdf","{""DigiKey Programmable"":""-"",""Encoder Type"":""Incremental"",""Output Type"":""Quadrature (Incremental)"",""Pulses per Revolution"":""10000"",""Voltage - Supply"":""4.5V ~ 5.5V"",""Actuator Type"":""Hole for Shaft"",""Detent"":""No"",""Built in Switch"":""No"",""Mounting Type"":""Chassis Mount"",""Orientation"":""User Selectable"",""Termination Style"":""Cable"",""Rotational Life (Cycles Min)"":""-"",""Series"":""DFS60""}"
"1070877","ENCODER INCREMENTAL CONNECTOR","SICK","Encoders","741.35","0","ENCODER INCREMENTAL CONNECTOR","https://cdn.sick.com/media/pdf/7/67/467/dataSheet_DFS25A-A2CAD005000_1070877_en.pdf","{""DigiKey Programmable"":""Not Verified"",""Encoder Type"":""Incremental"",""Output Type"":""-"",""Pulses per Revolution"":""5000"",""Voltage - Supply"":""8V ~ 30V"",""Actuator Type"":""Shaft"",""Detent"":""No"",""Built in Switch"":""No"",""Mounting Type"":""Chassis Mount"",""Orientation"":""User Selectable"",""Termination Style"":""Connector"",""Rotational Life (Cycles Min)"":""-"",""Series"":""DFS2x""}"
"1037071","ENC ABSLT DIGITAL USR SELCT CONN","SICK","Encoders","829.03","0","ENC ABSLT DIGITAL USR SELCT CONN","https://cdn.sick.com/media/pdf/2/72/272/dataSheet_SRM50-HFA0-K21_1037071_en.pdf","{""DigiKey Programmable"":""-"",""Encoder Type"":""Absolute"",""Output Type"":""Digital"",""Pulses per Revolution"":""1024"",""Voltage - Supply"":""7V ~ 12V"",""Actuator Type"":""Shaft"",""Detent"":""No"",""Built in Switch"":""No"",""Mounting Type"":""Chassis Mount"",""Orientation"":""User Selectable"",""Termination Style"":""Connector"",""Rotational Life (Cycles Min)"":""3.6B"",""Grade"":""-"",""Qualification"":""-"",""Series"":""SRM50""}"
"1095214","ENC INCRE QUAD USR SEL CBL CONN","SICK","Encoders","893","0","ENC INCRE QUAD USR SEL CBL CONN","https://cdn.sick.com/media/pdf/5/45/245/dataSheet_DFS60B-TGNZ00S01_1095214_en.pdf","{""DigiKey Programmable"":""-"",""Encoder Type"":""Incremental"",""Output Type"":""Quadrature (Incremental)"",""Pulses per Revolution"":""-"",""Voltage - Supply"":""4.5V ~ 5.5V"",""Actuator Type"":""Hole for Shaft"",""Detent"":""No"",""Built in Switch"":""No"",""Mounting Type"":""Chassis Mount"",""Orientation"":""User Selectable"",""Termination Style"":""Cable with Connector"",""Rotational Life (Cycles Min)"":""-"",""Series"":""DFS60""}"
"6045312","ENC ABSLT QUAD USER SELECT CONN","SICK","Encoders","1026.42","0","ENC ABSLT QUAD USER SELECT CONN","https://cdn.sick.com/media/pdf/8/48/348/dataSheet_ACM60B-S1KE13x06_6045312_en.pdf","{""DigiKey Programmable"":""-"",""Encoder Type"":""Absolute"",""Output Type"":""Quadrature (Analog)"",""Pulses per Revolution"":""-"",""Voltage - Supply"":""18V ~ 33V"",""Actuator Type"":""Shaft"",""Detent"":""No"",""Built in Switch"":""No"",""Mounting Type"":""Flange Mount"",""Orientation"":""User Selectable"",""Termination Style"":""Connector"",""Rotational Life (Cycles Min)"":""2B"",""Series"":""ACM60""}"
"1037095","ENC ABSLT DIGITAL USR SELCT CONN","SICK","Encoders","1116.04","0","ENC ABSLT DIGITAL USR SELCT CONN","https://cdn.sick.com/media/pdf/6/96/296/dataSheet_SRM50-HWA0-K21_1037095_en.pdf","{""DigiKey Programmable"":""-"",""Encoder Type"":""Absolute"",""Output Type"":""Digital"",""Pulses per Revolution"":""1024"",""Voltage - Supply"":""7V ~ 12V"",""Actuator Type"":""Shaft"",""Detent"":""No"",""Built in Switch"":""No"",""Mounting Type"":""Chassis Mount"",""Orientation"":""User Selectable"",""Termination Style"":""Connector"",""Rotational Life (Cycles Min)"":""3.6B"",""Grade"":""-"",""Qualification"":""-"",""Series"":""SRM50""}"
"6039747","ENC ABSOLT QUAD USR SELECT CABLE","SICK","Encoders","1243.32","0","ENC ABSOLT QUAD USR SELECT CABLE","https://cdn.sick.com/media/pdf/5/85/385/dataSheet_BCG08-K1KM03PP_6039747_en.pdf","{""DigiKey Programmable"":""-"",""Encoder Type"":""Absolute"",""Output Type"":""Quadrature (Analog)"",""Pulses per Revolution"":""-"",""Voltage - Supply"":""19V ~ 33V"",""Actuator Type"":""Cable Pull"",""Detent"":""No"",""Built in Switch"":""No"",""Mounting Type"":""Chassis Mount"",""Orientation"":""User Selectable"",""Termination Style"":""Cable"",""Rotational Life (Cycles Min)"":""1M"",""Series"":""EcoLine""}"
"1038033","ENC MAG SSI USR SELECT CONNECTOR","SICK","Encoders","1400.72","0","ENC MAG SSI USR SELECT CONNECTOR","https://cdn.sick.com/media/pdf/0/40/840/dataSheet_TTK70-AXA0-K02_1038033_en.pdf","{""DigiKey Programmable"":""-"",""Encoder Type"":""Magnetic"",""Output Type"":""SSI"",""Pulses per Revolution"":""-"",""Voltage - Supply"":""4.5V ~ 30V"",""Actuator Type"":""Shaft"",""Detent"":""No"",""Built in Switch"":""No"",""Mounting Type"":""Chassis Mount"",""Orientation"":""User Selectable"",""Termination Style"":""Connector"",""Rotational Life (Cycles Min)"":""-"",""Grade"":""-"",""Qualification"":""-"",""Series"":""TTK70""}"
"1084906","SYSTEM CONTROLLER","SICK","Temperature Controllers","2261.04","0","SYSTEM CONTROLLER","","{""Series"":""-"",""Pack Size"":""2""}"
"2084701","INSPECTORXX VIEWER","SICK","Temperature Controllers","2304.32","0","INSPECTORXX VIEWER","https://cdn.sick.com/media/pdf/5/45/945/dataSheet_SIU2-L0011A002_2084701_en.pdf","{""Controller Type"":""Multi-Controller"",""Output"":""-"",""Voltage - Supply"":""24VDC"",""Features"":""Display"",""Mounting Type"":""Panel Mount"",""Operating Temperature"":""0°C ~ 50°C"",""Series"":""-"",""Pack Size"":""2""}"
"2081658","LECTOR6XX VIEWER","SICK","Temperature Controllers","2304.32","0","LECTOR6XX VIEWER","","{""Series"":""-"",""Pack Size"":""2""}"
"1071521","SYSTEM CONTROLLER","SICK","Temperature Controllers","3227.23","0","SYSTEM CONTROLLER","","{""Series"":""-""}"
"1081367","SYSTEM CONTROLLER","SICK","Temperature Controllers","4143.12","0","SYSTEM CONTROLLER","","{""Series"":""-""}"
"1090765","SYSTEM CONTROLLER","SICK","Temperature Controllers","4143.12","0","SYSTEM CONTROLLER","","{""Series"":""-""}"
"1092860","SYSTEM CONTROLLER","SICK","Temperature Controllers","6244.68","0","SYSTEM CONTROLLER","","{""Series"":""-""}"
"1076144","SYSTEM CONTROLLER","SICK","Temperature Controllers","15427.3","0","SYSTEM CONTROLLER","","{""Series"":""-""}"
"SR2B121BD","COMPACT SMART RELAY, ZELIO LOGIC","Schneider Electric","PLC & Controllers","292.24","0","COMPACT SMART RELAY, ZELIO LOGIC","https://media.distributordatasolutions.com/228/schneider_synd_json/4a63739d0440f808b6fca6dab21d92a298933ecf.pdf","{""Number of Inputs and Type"":""12 - Digital (8), Analog (4)"",""Number of Outputs and Type"":""4 - Relay"",""Expandable"":""Non-Expandable"",""Voltage - Supply"":""24VDC"",""Display Type"":""-"",""Number of Characters Per Row"":""-"",""Communications"":""-"",""Memory Size"":""-"",""Mounting Type"":""DIN Rail"",""Features"":""-"",""Series"":""Zelio Logic""}"
"TM3DI16","INPUT MODULE 16 DIGITAL 24V","Schneider Electric","I/O Modules","214.4","0","INPUT MODULE 16 DIGITAL 24V","https://media.distributordatasolutions.com/228/schneider_synd_json/11e766b203d7cd84432c1968b2a811e379ca728a.pdf","{""Type"":""Input Module"",""For Use With/Related Products"":""Modicon TM3 Series"",""Number of Inputs and Type"":""16 - Digital"",""Number of Outputs and Type"":""-"",""Voltage - Supply"":""24VDC"",""Mounting Type"":""DIN Rail"",""Termination Style"":""Screw Terminal"",""Features"":""-"",""Series"":""Modicon TM3""}"
"SR2A101FU","COMPACT SMART RELAY, ZELIO LOGIC","Schneider Electric","PLC & Controllers","267.37","0","COMPACT SMART RELAY, ZELIO LOGIC","https://media.distributordatasolutions.com/228/schneider_synd_json/da97c57147cb032aa8a745cb54535bd4712497ac.pdf","{""Number of Inputs and Type"":""6 - Digital"",""Number of Outputs and Type"":""4 - Relay"",""Expandable"":""Non-Expandable"",""Voltage - Supply"":""100 ~ 240VAC"",""Display Type"":""-"",""Number of Characters Per Row"":""-"",""Communications"":""-"",""Memory Size"":""-"",""Mounting Type"":""DIN Rail"",""Features"":""-"",""Series"":""Zelio Logic""}"
"SR2B121FU","COMPACT SMART RELAY, ZELIO LOGIC","Schneider Electric","PLC & Controllers","298.44","0","COMPACT SMART RELAY, ZELIO LOGIC","https://media.distributordatasolutions.com/228/schneider_synd_json/5b569271b6f8b7ddc939543ee73f99bbcd3d43ea.pdf","{""Number of Inputs and Type"":""8 - Digital"",""Number of Outputs and Type"":""4 - Relay"",""Expandable"":""Non-Expandable"",""Voltage - Supply"":""100 ~ 240VAC"",""Display Type"":""-"",""Number of Characters Per Row"":""-"",""Communications"":""-"",""Memory Size"":""-"",""Mounting Type"":""DIN Rail"",""Features"":""-"",""Series"":""Zelio Logic""}"
"TM3AI8","INPUT MODULE 8 ANALOG 24V","Schneider Electric","I/O Modules","343.82","0","INPUT MODULE 8 ANALOG 24V","https://media.distributordatasolutions.com/228/schneider_synd_json/601fcb1798984b43ef740aca36a42d9e45061198.pdf","{""Type"":""Input Module"",""For Use With/Related Products"":""Multiple Series"",""Number of Inputs and Type"":""8 - Analog"",""Number of Outputs and Type"":""-"",""Voltage - Supply"":""24VDC"",""Mounting Type"":""DIN Rail"",""Termination Style"":""Screw Terminal"",""Features"":""-"",""Series"":""Modicon TM3""}"
"TM3AQ4","OUTPUT MODULE 4 ANALOG 24V","Schneider Electric","I/O Modules","343.82","0","OUTPUT MODULE 4 ANALOG 24V","https://media.distributordatasolutions.com/228/schneider_synd_json/a7422fac4d86923e289eb7b2e3db9efa9e9773b6.pdf","{""Type"":""Output Module"",""For Use With/Related Products"":""Modicon TM3 Series"",""Number of Inputs and Type"":""-"",""Number of Outputs and Type"":""4 - Analog"",""Voltage - Supply"":""24VDC"",""Mounting Type"":""DIN Rail"",""Termination Style"":""Screw Terminal"",""Features"":""-"",""Series"":""Modicon TM3""}"
"TM3TI4","I/O MODULE 4 ANALOG 24V","Schneider Electric","I/O Modules","343.82","0","I/O MODULE 4 ANALOG 24V","https://media.distributordatasolutions.com/228/schneider_synd_json/b22fe46bc96a2ce15f50e0c3610a9b4710f2ecee.pdf","{""Type"":""Input, Output (I/O) Module"",""For Use With/Related Products"":""Multiple Series"",""Number of Inputs and Type"":""4 - Analog"",""Number of Outputs and Type"":""-"",""Voltage - Supply"":""24VDC"",""Mounting Type"":""DIN Rail"",""Termination Style"":""Screw Terminal"",""Features"":""RTD, Type B, C, E, J, K, N, R, S, T"",""Series"":""Modicon TM3""}"
"TM3AM6","I/O MODULE 4 ANALOG 2 ANALOG 24V","Schneider Electric","I/O Modules","372.58","0","I/O MODULE 4 ANALOG 2 ANALOG 24V","https://media.distributordatasolutions.com/228/schneider_synd_json/81a2b15f36c1892a98184730f4a791a9b660aed8.pdf","{""Type"":""Input, Output (I/O) Module"",""For Use With/Related Products"":""Modicon TM3 Series"",""Number of Inputs and Type"":""4 - Analog"",""Number of Outputs and Type"":""2 - Analog"",""Voltage - Supply"":""24VDC"",""Mounting Type"":""DIN Rail"",""Termination Style"":""Screw Terminal"",""Features"":""-"",""Series"":""Modicon TM3""}"
"TM221CE16R","M221-16IO RELAY ETHERNET","Schneider Electric","PLC & Controllers","377.82","0","M221-16IO RELAY ETHERNET","https://media.distributordatasolutions.com/228/schneider_synd_json/866949826ded32872cfd6affbf22a735399e145b.pdf","{""Number of Inputs and Type"":""11 - Digital (9), Analog (2)"",""Number of Outputs and Type"":""7 - Relay"",""Expandable"":""8 Modules Max"",""Voltage - Supply"":""100 ~ 240VAC"",""Display Type"":""No Display"",""Number of Characters Per Row"":""-"",""Communications"":""Ethernet, USB"",""Memory Size"":""256KB"",""Mounting Type"":""DIN Rail"",""Features"":""-"",""Series"":""Modicon M221""}"
"TM221ME16R","M221-16IO RELAY ETHERNET BOOK","Schneider Electric","PLC & Controllers","403.97","0","M221-16IO RELAY ETHERNET BOOK","https://media.distributordatasolutions.com/228/schneider_synd_json/05443275e42514d9013addc5201922916bb0ceef.pdf","{""Number of Inputs and Type"":""10 - Digital (8), Analog (2)"",""Number of Outputs and Type"":""8 - Relay"",""Expandable"":""7 Modules Max"",""Voltage - Supply"":""24VDC"",""Display Type"":""No Display"",""Number of Characters Per Row"":""-"",""Communications"":""Ethernet, USB"",""Memory Size"":""256KB"",""Mounting Type"":""DIN Rail"",""Features"":""-"",""Series"":""Modicon M221""}"
"TM221CE40R","M221-40IO RELAY ETHERNET","Schneider Electric","PLC & Controllers","403.97","0","M221-40IO RELAY ETHERNET","https://media.distributordatasolutions.com/228/schneider_synd_json/8a13a587dcbb45cf749d47664288d8389a411286.pdf","{""Number of Inputs and Type"":""26 - Digital (24), Analog (2)"",""Number of Outputs and Type"":""16 - Relay"",""Expandable"":""7 Modules Max"",""Voltage - Supply"":""100 ~ 240VAC"",""Display Type"":""No Display"",""Number of Characters Per Row"":""-"",""Communications"":""Ethernet, USB"",""Memory Size"":""256KB"",""Mounting Type"":""DIN Rail"",""Features"":""-"",""Series"":""Modicon M221""}"
"TM221CE24R","M221-24IO RELAY ETHERNET","Schneider Electric","PLC & Controllers","417.04","0","M221-24IO RELAY ETHERNET","https://media.distributordatasolutions.com/228/schneider_synd_json/9a89996361bd85d98cb9d51aa6e5ad46929331ca.pdf","{""Number of Inputs and Type"":""16 - Digital (14), Analog (2)"",""Number of Outputs and Type"":""10 - Relay"",""Expandable"":""14 Modules Max"",""Voltage - Supply"":""100 ~ 240VAC"",""Display Type"":""No Display"",""Number of Characters Per Row"":""-"",""Communications"":""Ethernet, USB"",""Memory Size"":""256KB"",""Mounting Type"":""DIN Rail"",""Features"":""-"",""Series"":""Modicon M221""}"
"SR3B261BD","MODULAR SMART RELAY, ZELIO LOGIC","Schneider Electric","PLC & Controllers","493.27","0","MODULAR SMART RELAY, ZELIO LOGIC","https://media.distributordatasolutions.com/228/schneider_synd_json/352f8947adccc647322a56c5c0321b335883c247.pdf","{""Number of Inputs and Type"":""22 - Digital (16), Analog (6)"",""Number of Outputs and Type"":""10 - Relay"",""Expandable"":""Non-Expandable"",""Voltage - Supply"":""24VDC"",""Display Type"":""-"",""Number of Characters Per Row"":""-"",""Communications"":""-"",""Memory Size"":""-"",""Mounting Type"":""DIN Rail"",""Features"":""-"",""Series"":""Zelio Logic""}"
"TM172PBG42RI","M172 PERF BLIND 42 I/O ETH, 2 RS","Schneider Electric","PLC & Controllers","534.22","0","M172 PERF BLIND 42 I/O ETH, 2 RS","https://media.distributordatasolutions.com/228/schneider_synd_json/50b36307b13bfc4b3e47ae012b8b7e496891a660.pdf","{""Number of Inputs and Type"":""24 - Digital (12), Analog (12)"",""Number of Outputs and Type"":""18 - Digital (3), Analog (6), Relay (9)"",""Expandable"":""Non-Expandable"",""Voltage - Supply"":""20 ~ 24VAC, 38VDC"",""Display Type"":""No Display"",""Number of Characters Per Row"":""-"",""Communications"":""BACnet, CANopen, Ethernet, Modbus, RJ45, USB"",""Memory Size"":""-"",""Mounting Type"":""DIN Rail"",""Features"":""-"",""Series"":""Modicon M172""}"
"TM251MESE","LOGIC CONTROLLER, MODICON M251,","Schneider Electric","PLC & Controllers","678.49","0","LOGIC CONTROLLER, MODICON M251,","https://media.distributordatasolutions.com/228/schneider_synd_json/c7c2f95dbda292c52ff28493893f6195ef316948.pdf","{""Number of Inputs and Type"":""-"",""Number of Outputs and Type"":""-"",""Expandable"":""21 Modules Max"",""Voltage - Supply"":""24VDC"",""Display Type"":""No Display"",""Number of Characters Per Row"":""-"",""Communications"":""RJ45, RS-232, RS-485, USB"",""Memory Size"":""-"",""Mounting Type"":""DIN Rail"",""Features"":""-"",""Series"":""Modicon M251""}"
"TM241CE40T","LOGIC CONTROLLER, MODICON M241,","Schneider Electric","PLC & Controllers","743.87","0","LOGIC CONTROLLER, MODICON M241,","https://media.distributordatasolutions.com/228/schneider_synd_json/1c2fb90918a1fe70fe39f4a10a70fcf4c9a1716c.pdf","{""Number of Inputs and Type"":""24 - Digital"",""Number of Outputs and Type"":""16 - Solid State"",""Expandable"":""21 Modules Max"",""Voltage - Supply"":""24VDC"",""Display Type"":""No Display"",""Number of Characters Per Row"":""-"",""Communications"":""RJ45, RS-232, RS-485, USB"",""Memory Size"":""-"",""Mounting Type"":""DIN Rail"",""Features"":""-"",""Series"":""Modicon M241""}"
"SR3XT101FU","I/O MODULE 6 DIG 4 REL 100-240V","Schneider Electric","I/O Modules","130.57","0","I/O MODULE 6 DIG 4 REL 100-240V","https://media.distributordatasolutions.com/228/schneider_synd_json/8f732b6a418ceb3c4d2c439324a0054169a698ae.pdf","{""Type"":""Input, Output (I/O) Module"",""For Use With/Related Products"":""Zelio Logic Series"",""Number of Inputs and Type"":""6 - Digital"",""Number of Outputs and Type"":""4 - Relay"",""Voltage - Supply"":""100 ~ 240VAC"",""Mounting Type"":""DIN Rail"",""Termination Style"":""Screw Terminal"",""Features"":""-"",""Series"":""Zelio Logic""}"
"SR3XT141JD","I/O MODULE 8 DIGITAL 6 RELAY 12V","Schneider Electric","I/O Modules","145.08","0","I/O MODULE 8 DIGITAL 6 RELAY 12V","https://media.distributordatasolutions.com/228/schneider_synd_json/94e1508523694f4cfabc0fa50429b20085bf5bb7.pdf","{""Type"":""Input, Output (I/O) Module"",""For Use With/Related Products"":""Zelio Logic Series"",""Number of Inputs and Type"":""8 - Digital"",""Number of Outputs and Type"":""6 - Relay"",""Voltage - Supply"":""12VDC"",""Mounting Type"":""DIN Rail"",""Termination Style"":""Screw Terminal"",""Features"":""-"",""Series"":""Zelio Logic""}"
"TM5SDI6D","INPUT MODULE 6 DIGITAL 24V","Schneider Electric","I/O Modules","162.06","0","INPUT MODULE 6 DIGITAL 24V","https://media.distributordatasolutions.com/228/schneider_synd_json/ed14d07ce53c38893a12f527be08a81baeda0715.pdf","{""Type"":""Input Module"",""For Use With/Related Products"":""Modicon TM5 Series"",""Number of Inputs and Type"":""6 - Digital"",""Number of Outputs and Type"":""-"",""Voltage - Supply"":""24VDC"",""Mounting Type"":""DIN Rail"",""Termination Style"":""Screw Terminal"",""Features"":""-"",""Series"":""Modicon TM5""}"
"SR2E121FU","COMPACT SMART RELAY, ZELIO LOGIC","Schneider Electric","PLC & Controllers","234.2","0","COMPACT SMART RELAY, ZELIO LOGIC","https://media.distributordatasolutions.com/228/schneider_synd_json/f4b6e08d8d68bd539bff1a42693edabaa1c6587b.pdf","{""Number of Inputs and Type"":""8 - Digital"",""Number of Outputs and Type"":""4 - Relay"",""Expandable"":""Non-Expandable"",""Voltage - Supply"":""100 ~ 240VAC"",""Display Type"":""No Display"",""Number of Characters Per Row"":""-"",""Communications"":""-"",""Memory Size"":""-"",""Mounting Type"":""DIN Rail"",""Features"":""-"",""Series"":""Zelio Logic""}"
"SR2A101BD","ZELIO SR2 10 I-O 24VDC W/DISPLAY","Schneider Electric","PLC & Controllers","240.42","0","ZELIO SR2 10 I-O 24VDC W/DISPLAY","https://media.distributordatasolutions.com/228/schneider_synd_json/2a09f7aa1a89d23be25653ca0090141b00808601.pdf","{""Number of Inputs and Type"":""10 - Digital"",""Number of Outputs and Type"":""4 - Relay"",""Expandable"":""Non-Expandable"",""Voltage - Supply"":""24VDC"",""Display Type"":""-"",""Number of Characters Per Row"":""-"",""Communications"":""-"",""Memory Size"":""-"",""Mounting Type"":""DIN Rail"",""Features"":""-"",""Series"":""Zelio Control""}"
"TM3DM24R","I/O MODULE 16 DIG 8 RELAY 24V","Schneider Electric","I/O Modules","286.3","0","I/O MODULE 16 DIG 8 RELAY 24V","https://media.distributordatasolutions.com/228/schneider_synd_json/e2dba8969139d28be923a6e9bddd4c150cf831c7.pdf","{""Type"":""Input, Output (I/O) Module"",""For Use With/Related Products"":""Modicon TM3 Series"",""Number of Inputs and Type"":""16 - Digital"",""Number of Outputs and Type"":""8 - Relay"",""Voltage - Supply"":""24VDC"",""Mounting Type"":""DIN Rail"",""Termination Style"":""Screw Terminal"",""Features"":""-"",""Series"":""Modicon TM3""}"
"TWDXCAISO","MODBUS TAP ISOLATION","Schneider Electric","Industrial Networking","286.92","0","MODBUS TAP ISOLATION","https://media.distributordatasolutions.com/228/schneider_synd_json/5bc9689519016cf18a2499a590160c16db2f397e.pdf","{""Number of Inputs and Type"":""-"",""Number of Outputs and Type"":""-"",""Voltage - Supply"":""24VDC"",""Mounting Type"":""DIN Rail"",""Features"":""-"",""Series"":""Zelio Logic""}"
"TM172E28R","I/O MOD 6DIGI 10ANLG 2DIGI 2ANLG","Schneider Electric","PLC & Controllers","290.52","0","I/O MOD 6DIGI 10ANLG 2DIGI 2ANLG","https://media.distributordatasolutions.com/228/schneider_synd_json/318392873a71fb4a57d321679e03a40f8a8483b8.pdf","{""Type"":""Input, Output (I/O) Module"",""For Use With/Related Products"":""Modicon M171, Modicon M172 Series"",""Number of Inputs and Type"":""16 - Digital (6), Analog (10)"",""Number of Outputs and Type"":""12 - Digital (2), Analog (2), Relay (8)"",""Voltage - Supply"":""24VAC, 20 ~ 38VDC"",""Mounting Type"":""DIN Rail"",""Termination Style"":""Screw Terminal"",""Features"":""RTD"",""Series"":""Modicon M172""}"
"SR2B121B","COMPACT SMART RELAY, ZELIO LOGIC","Schneider Electric","PLC & Controllers","292.24","0","COMPACT SMART RELAY, ZELIO LOGIC","https://media.distributordatasolutions.com/228/schneider_synd_json/c6e960034d446827ff149de0786b61ddd00989bc.pdf","{""Number of Inputs and Type"":""8 - Digital"",""Number of Outputs and Type"":""4 - Relay"",""Expandable"":""Non-Expandable"",""Voltage - Supply"":""24VAC"",""Display Type"":""-"",""Number of Characters Per Row"":""-"",""Communications"":""-"",""Memory Size"":""-"",""Mounting Type"":""DIN Rail"",""Features"":""-"",""Series"":""Zelio Logic""}"
"TM3TM3","I/O MODULE 2 ANALOG 1 ANALOG 24V","Schneider Electric","I/O Modules","358.21","0","I/O MODULE 2 ANALOG 1 ANALOG 24V","https://media.distributordatasolutions.com/228/schneider_synd_json/27b858eba3b1611dcae2a73b6ad16511773d9b71.pdf","{""Type"":""Input, Output (I/O) Module"",""For Use With/Related Products"":""Modicon TM3 Series"",""Number of Inputs and Type"":""2 - Analog"",""Number of Outputs and Type"":""1 - Analog"",""Voltage - Supply"":""24VDC"",""Mounting Type"":""DIN Rail"",""Termination Style"":""Screw Terminal"",""Features"":""-"",""Series"":""Modicon TM3""}"
"SR3PACKFU","MODULAR DISCOVERY PACKS, ZELIO L","Schneider Electric","PLC & Controllers","391.72","0","MODULAR DISCOVERY PACKS, ZELIO L","https://media.distributordatasolutions.com/228/schneider_synd_json/38f47a4c82f373703a6cf57b207a2169637f7b15.pdf","{""Number of Inputs and Type"":""6 - Digital"",""Number of Outputs and Type"":""4 - Relay"",""Expandable"":""Non-Expandable"",""Voltage - Supply"":""100 ~ 240VAC"",""Display Type"":""-"",""Number of Characters Per Row"":""-"",""Communications"":""-"",""Memory Size"":""-"",""Mounting Type"":""DIN Rail"",""Features"":""-"",""Series"":""Zelio Logic""}"
"SR3PACKBD","MODULAR DISCOVERY PACKS, ZELIO L","Schneider Electric","PLC & Controllers","391.72","0","MODULAR DISCOVERY PACKS, ZELIO L","https://media.distributordatasolutions.com/228/schneider_synd_json/77da25113c9f2184082c76a5df3b688b0378cc00.pdf","{""Number of Inputs and Type"":""6 - Analog"",""Number of Outputs and Type"":""4 - Relay"",""Expandable"":""-"",""Voltage - Supply"":""19.2 ~ 30VDC"",""Display Type"":""-"",""Number of Characters Per Row"":""-"",""Communications"":""-"",""Memory Size"":""-"",""Mounting Type"":""Panel Mount"",""Features"":""-"",""Series"":""Zelio Logic""}"
"SR2B202BD","COMPACT SMART RELAY, ZELIO LOGIC","Schneider Electric","PLC & Controllers","406.22","0","COMPACT SMART RELAY, ZELIO LOGIC","https://media.distributordatasolutions.com/228/schneider_synd_json/96c737ff297941e71934f5aaffa6987aed99ba16.pdf","{""Number of Inputs and Type"":""18 - Digital (12), Analog (6)"",""Number of Outputs and Type"":""8 - Solid State"",""Expandable"":""Non-Expandable"",""Voltage - Supply"":""24VDC"",""Display Type"":""-"",""Number of Characters Per Row"":""-"",""Communications"":""-"",""Memory Size"":""-"",""Mounting Type"":""DIN Rail"",""Features"":""-"",""Series"":""Zelio Logic""}"
"SR3B261FU","MODULAR SMART RELAY, ZELIO LOGIC","Schneider Electric","PLC & Controllers","503.64","0","MODULAR SMART RELAY, ZELIO LOGIC","https://media.distributordatasolutions.com/228/schneider_synd_json/0fcc4cdaa3708befe831854941e8e28431f69c2a.pdf","{""Number of Inputs and Type"":""16 - Digital"",""Number of Outputs and Type"":""10 - Relay"",""Expandable"":""Non-Expandable"",""Voltage - Supply"":""100 ~ 240VAC"",""Display Type"":""-"",""Number of Characters Per Row"":""-"",""Communications"":""-"",""Memory Size"":""-"",""Mounting Type"":""DIN Rail"",""Features"":""-"",""Series"":""Zelio Logic""}"
"TM172PDG28RI","M172 PERF DISPLAY 28 I/O ETH 2RS","Schneider Electric","PLC & Controllers","510.21","0","M172 PERF DISPLAY 28 I/O ETH 2RS","https://media.distributordatasolutions.com/228/schneider_synd_json/9fbcc24371518fa8857cee3d16be013d7cda7a10.pdf","{""Number of Inputs and Type"":""16 - Digital (8), Analog (8)"",""Number of Outputs and Type"":""12 - Analog (4), Relay (8)"",""Expandable"":""Non-Expandable"",""Voltage - Supply"":""20 ~ 24VAC, 38VDC"",""Display Type"":""LCD, Backlight"",""Number of Characters Per Row"":""-"",""Communications"":""BACnet, CANopen, Ethernet, Modbus, RJ45, USB"",""Memory Size"":""-"",""Mounting Type"":""DIN Rail"",""Features"":""-"",""Series"":""Modicon M172""}"
"TPRAN2X1","TESYS ISLAND ANALOG I/O MODULE 2","Schneider Electric","I/O Modules","322.84","0","TESYS ISLAND ANALOG I/O MODULE 2","https://media.distributordatasolutions.com/228/schneider_synd_json/d31dc91eddb34756614283a674c8ffd50312f636.pdf","{""Type"":""I/O Module"",""Series"":""-""}"
"ABE7P16T111","SUB-BASE FOR PLUG-IN RELAY ABE7","Schneider Electric","I/O Modules","445.61","0","SUB-BASE FOR PLUG-IN RELAY ABE7","https://media.distributordatasolutions.com/228/schneider_synd_json/ac78d87420f69f5a1d88d5ce34492e89a487f61f.pdf","{""Style"":""-"",""Number of Channels"":""16"",""Connector Type"":""Screw Terminal Blocks"",""Mounting Type"":""DIN Rail"",""Series"":""Modicon ABE7""}"
"SR3XT101JD","I/O MODULE 6 DIGITAL 4 RELAY 12V","Schneider Electric","I/O Modules","155.44","0","I/O MODULE 6 DIGITAL 4 RELAY 12V","https://media.distributordatasolutions.com/228/schneider_synd_json/e4489c196b4a655ca31ce02b579add3af0f133bc.pdf","{""Type"":""Input, Output (I/O) Module"",""For Use With/Related Products"":""Zelio Logic Series"",""Number of Inputs and Type"":""6 - Digital"",""Number of Outputs and Type"":""4 - Relay"",""Voltage - Supply"":""12VDC"",""Mounting Type"":""DIN Rail"",""Termination Style"":""Screw Terminal"",""Features"":""-"",""Series"":""Zelio Logic""}"
"TPRDG4X2","TESYS ISLAND DIGITAL I/O MODULE","Schneider Electric","I/O Modules","157.67","0","TESYS ISLAND DIGITAL I/O MODULE","https://media.distributordatasolutions.com/228/schneider_synd_json/aad33b7408294ced0e0305c6845ff5f3702060e5.pdf","{""Type"":""I/O Module"",""Series"":""-""}"
"SR3XT61JD","I/O MODULE 6 DIGITAL 2 RELAY 12V","Schneider Electric","I/O Modules","186.53","0","I/O MODULE 6 DIGITAL 2 RELAY 12V","https://media.distributordatasolutions.com/228/schneider_synd_json/d5af0e403a4a0a124223fae6635be12b085c8324.pdf","{""Type"":""Input, Output (I/O) Module"",""For Use With/Related Products"":""Zelio Logic Series"",""Number of Inputs and Type"":""6 - Digital"",""Number of Outputs and Type"":""2 - Relay"",""Voltage - Supply"":""12VDC"",""Mounting Type"":""DIN Rail"",""Termination Style"":""Screw Terminal"",""Features"":""-"",""Series"":""Zelio Logic""}"
"TPRPM009","TESYS ISLAND POWER INTERFACE MOD","Schneider Electric","I/O Modules","221.98","0","TESYS ISLAND POWER INTERFACE MOD","https://media.distributordatasolutions.com/228/schneider_synd_json/6e883e08fb455e54c316aeaec22a80cac3bfe195.pdf","{""Type"":""I/O Module"",""Series"":""-""}"
"ABE7P16T215","SUB-BASE FOR PLUG-IN RELAY ABE7","Schneider Electric","I/O Modules","716.93","0","SUB-BASE FOR PLUG-IN RELAY ABE7","https://media.distributordatasolutions.com/228/schneider_synd_json/65caf89b02ffe98e6aae23a8bdd9687b0d72de3b.pdf","{""Style"":""Standard"",""Number of Channels"":""16"",""Connector Type"":""Screw Terminal Blocks"",""Mounting Type"":""DIN Rail"",""Series"":""Modicon ABE7""}"
"STBDDI3725KS","I/O MODULE 16 DIGITAL 24V","Schneider Electric","I/O Modules","282.18","0","I/O MODULE 16 DIGITAL 24V","https://media.distributordatasolutions.com/228/schneider_synd_json/a05ac28293a6423521a7859a70421c7a8ada2c73.pdf","{""Type"":""Input, Output (I/O) Module"",""For Use With/Related Products"":""Modicon STB Series"",""Number of Inputs and Type"":""16 - Digital"",""Number of Outputs and Type"":""-"",""Voltage - Supply"":""24VDC"",""Mounting Type"":""DIN Rail"",""Termination Style"":""Screw Terminal"",""Features"":""-"",""Series"":""Modicon STB""}"
"LTMTIN42BD","ELECTRO RELAY EXP 4 DI + 2 DO DC","Schneider Electric","Relays & Timers","282.62","0","ELECTRO RELAY EXP 4 DI + 2 DO DC","https://download.se.com/files?p_enDocType=Catalog&p_File_Name=TeSys_Tera_Catalog-LVCATENTER_EN_2025_12.pdf&p_Doc_Ref=LVCATENTER_EN","{""Accessory Type"":""I/O Extension Module"",""For Use With/Related Products"":""-"",""Usage"":""Motor"",""Specifications"":""690VAC"",""Series"":""TeSys""}"
"LTMTIN42FM","ELECTRO RELAY EXP 4 DI + 2 DO AC","Schneider Electric","Relays & Timers","282.62","0","ELECTRO RELAY EXP 4 DI + 2 DO AC","https://download.se.com/files?p_enDocType=Catalog&p_File_Name=TeSys_Tera_Catalog-LVCATENTER_EN_2025_12.pdf&p_Doc_Ref=LVCATENTER_EN","{""Accessory Type"":""I/O Extension Module"",""For Use With/Related Products"":""-"",""Usage"":""Motor"",""Specifications"":""690VAC"",""Series"":""TeSys""}"
"STBDDO3705KS","I/O MODULE 16 DIGITAL 24V","Schneider Electric","I/O Modules","322.34","0","I/O MODULE 16 DIGITAL 24V","https://media.distributordatasolutions.com/228/schneider_synd_json/30e6694a0d76457e1d0ac4fd2c39db8824f6bbd8.pdf","{""Type"":""Input, Output (I/O) Module"",""For Use With/Related Products"":""Modicon STB Series"",""Number of Inputs and Type"":""-"",""Number of Outputs and Type"":""16 - Digital"",""Voltage - Supply"":""24VDC"",""Mounting Type"":""DIN Rail"",""Termination Style"":""Screw Terminal"",""Features"":""-"",""Series"":""Modicon STB""}"
"STBACO0220K","I/O MODULE 2 ANALOG 24V","Schneider Electric","I/O Modules","507.52","0","I/O MODULE 2 ANALOG 24V","https://media.distributordatasolutions.com/228/schneider_synd_json/0357572c9d19534757961535af376b8f7dc015c7.pdf","{""Type"":""Input, Output (I/O) Module"",""For Use With/Related Products"":""Modicon STB Series"",""Number of Inputs and Type"":""-"",""Number of Outputs and Type"":""2 - Analog"",""Voltage - Supply"":""24VDC"",""Mounting Type"":""DIN Rail"",""Termination Style"":""Screw Terminal"",""Features"":""-"",""Series"":""Modicon STB""}"
"ATV320U75M3C","VARIABLE SPEED DRIVE, ALTIVAR MA","Schneider Electric","Drives & VFDs","1155.7","0","VARIABLE SPEED DRIVE, ALTIVAR MA","https://media.distributordatasolutions.com/228/schneider_synd_json/f58ce81d1efb38be5856eb656b0b058cadedd6f4.pdf","{""Mounting Type"":""Chassis Mount"",""Number of Motors"":""1"",""Voltage - Load"":""200 ~ 240V"",""Current - Output"":""33A"",""Wattage - Load"":""7500 W"",""Voltage - Supply"":""-"",""Interface"":""-"",""Features"":""-"",""Operating Temperature"":""-10°C ~ 60°C"",""Series"":""Altivar""}"
"ATV12H075F1","VARIABLE SPEED DRIVE ATV12 - 0.7","Schneider Electric","Drives & VFDs","274.61","0","VARIABLE SPEED DRIVE ATV12 - 0.7","https://media.distributordatasolutions.com/228/schneider_synd_json/ff13e21218564a7f0a87579f36e697645a63f56e.pdf","{""Mounting Type"":""Chassis Mount"",""Number of Motors"":""1"",""Voltage - Load"":""100 ~ 120V"",""Current - Output"":""4.2A"",""Wattage - Load"":""750 W"",""Voltage - Supply"":""-"",""Interface"":""RS-485"",""Features"":""-"",""Operating Temperature"":""-10°C ~ 60°C"",""Series"":""Altivar""}"
"ATV12H018F1","VARIABLE SPEED DRIVE ATV12 - 0.1","Schneider Electric","Drives & VFDs","237.29","0","VARIABLE SPEED DRIVE ATV12 - 0.1","https://media.distributordatasolutions.com/228/schneider_synd_json/41932925f14bef3184e73eeb442a10994b48f309.pdf","{""Mounting Type"":""Chassis Mount"",""Number of Motors"":""1"",""Voltage - Load"":""100 ~ 120V"",""Current - Output"":""1.4A"",""Wattage - Load"":""180 W"",""Voltage - Supply"":""-"",""Interface"":""RS-485"",""Features"":""-"",""Operating Temperature"":""-10°C ~ 60°C"",""Series"":""Altivar""}"
"ATV12H018M2","VARIABLE SPEED DRIVE ATV12 - 0.1","Schneider Electric","Drives & VFDs","238.04","0","VARIABLE SPEED DRIVE ATV12 - 0.1","https://media.distributordatasolutions.com/228/schneider_synd_json/d5dc40203793f196e98cc409e7918dbeab2e4b07.pdf","{""Mounting Type"":""Chassis Mount"",""Number of Motors"":""1"",""Voltage - Load"":""200 ~ 240V"",""Current - Output"":""1.4A"",""Wattage - Load"":""180 W"",""Voltage - Supply"":""-"",""Interface"":""RS-485"",""Features"":""-"",""Operating Temperature"":""-10°C ~ 60°C"",""Series"":""Altivar""}"
"ATV12H037F1","VARIABLE SPEED DRIVE ATV12 - 0.3","Schneider Electric","Drives & VFDs","243.43","0","VARIABLE SPEED DRIVE ATV12 - 0.3","https://media.distributordatasolutions.com/228/schneider_synd_json/94ac3679f29ec111722a3ad9dc480d6f78331986.pdf","{""Mounting Type"":""Chassis Mount"",""Number of Motors"":""1"",""Voltage - Load"":""100 ~ 120V"",""Current - Output"":""2.4A"",""Wattage - Load"":""370 W"",""Voltage - Supply"":""-"",""Interface"":""RS-485"",""Features"":""-"",""Operating Temperature"":""-10°C ~ 60°C"",""Series"":""Altivar""}"
"ATV12H037M2","VARIABLE SPEED DRIVE ATV12 - 0.3","Schneider Electric","Drives & VFDs","244.2","0","VARIABLE SPEED DRIVE ATV12 - 0.3","https://media.distributordatasolutions.com/228/schneider_synd_json/9018a4f8a5c0af531f013be4194adb796304f779.pdf","{""Mounting Type"":""Chassis Mount"",""Number of Motors"":""1"",""Voltage - Load"":""200 ~ 240V"",""Current - Output"":""2.4A"",""Wattage - Load"":""370 W"",""Voltage - Supply"":""-"",""Interface"":""RS-485"",""Features"":""-"",""Operating Temperature"":""-10°C ~ 60°C"",""Series"":""Altivar""}"
"ATV12H075M2","VARIABLE SPEED DRIVE ATV12 - 0.7","Schneider Electric","Drives & VFDs","275.49","0","VARIABLE SPEED DRIVE ATV12 - 0.7","https://media.distributordatasolutions.com/228/schneider_synd_json/c4d6dd7c67bd976f286cc3d40df2905bedf3d909.pdf","{""Mounting Type"":""Chassis Mount"",""Number of Motors"":""1"",""Voltage - Load"":""200 ~ 240V"",""Current - Output"":""4.2A"",""Wattage - Load"":""750 W"",""Voltage - Supply"":""-"",""Interface"":""RS-485"",""Features"":""-"",""Operating Temperature"":""-10°C ~ 60°C"",""Series"":""Altivar""}"
"ATV12HU15M2","VARIABLE SPEED DRIVE ATV12 - 1.5","Schneider Electric","Drives & VFDs","396.75","0","VARIABLE SPEED DRIVE ATV12 - 1.5","https://media.distributordatasolutions.com/228/schneider_synd_json/c8a5d951b56463bd29e49ce6083ca54da658ba96.pdf","{""Mounting Type"":""Chassis Mount"",""Number of Motors"":""1"",""Voltage - Load"":""200 ~ 240V"",""Current - Output"":""7.5A"",""Wattage - Load"":""1500 W"",""Voltage - Supply"":""-"",""Interface"":""RS-485"",""Features"":""-"",""Operating Temperature"":""-10°C ~ 60°C"",""Series"":""Altivar""}"
"ATV320U07N4C","VARIABLE SPEED DRIVE, ALTIVAR MA","Schneider Electric","Drives & VFDs","503","0","VARIABLE SPEED DRIVE, ALTIVAR MA","https://media.distributordatasolutions.com/228/schneider_synd_json/71f33c14fdeddbb5809541b633f82ee7d2068f36.pdf","{""Mounting Type"":""Chassis Mount"",""Number of Motors"":""1"",""Voltage - Load"":""380 ~ 500V"",""Current - Output"":""2.3A"",""Wattage - Load"":""750 W"",""Voltage - Supply"":""-"",""Interface"":""-"",""Features"":""-"",""Operating Temperature"":""-10°C ~ 60°C"",""Approval Agency"":""-"",""Series"":""Altivar""}"
"ATV320U15N4C","ATV320 COMPACT DR IP20 -2HP-400/","Schneider Electric","Drives & VFDs","606.8","0","ATV320 COMPACT DR IP20 -2HP-400/","https://media.distributordatasolutions.com/228/schneider_synd_json/bd33701979c4fbf97e182722fc2e46448928a279.pdf","{""Mounting Type"":""Chassis Mount"",""Number of Motors"":""1"",""Voltage - Load"":""380 ~ 500V"",""Current - Output"":""4.1A"",""Wattage - Load"":""1500 W"",""Voltage - Supply"":""-"",""Interface"":""CAN"",""Features"":""-"",""Operating Temperature"":""-10°C ~ 60°C"",""Series"":""Altivar""}"
"ATV320U40M3C","ATV320 COMPACT DR IP20 -5HP-200/","Schneider Electric","Drives & VFDs","805.71","0","ATV320 COMPACT DR IP20 -5HP-200/","https://media.distributordatasolutions.com/228/schneider_synd_json/31aee0eb074b8af4c311b7428ba373cb27508b5a.pdf","{""Mounting Type"":""Chassis Mount"",""Number of Motors"":""1"",""Voltage - Load"":""200 ~ 240V"",""Current - Output"":""17.5A"",""Wattage - Load"":""4000 W"",""Voltage - Supply"":""-"",""Interface"":""CAN"",""Features"":""-"",""Operating Temperature"":""-10°C ~ 60°C"",""Series"":""Altivar""}"
"ATV320U55N4C","VARIABLE SPEED DRIVE, ALTIVAR MA","Schneider Electric","Drives & VFDs","1097.75","0","VARIABLE SPEED DRIVE, ALTIVAR MA","https://media.distributordatasolutions.com/228/schneider_synd_json/74f25552645901d7c7381598ece0b5bb20273a16.pdf","{""Mounting Type"":""Chassis Mount"",""Number of Motors"":""1"",""Voltage - Load"":""380 ~ 500V"",""Current - Output"":""14.3A"",""Wattage - Load"":""5500 W"",""Voltage - Supply"":""-"",""Interface"":""-"",""Features"":""-"",""Operating Temperature"":""-10°C ~ 60°C"",""Series"":""Altivar""}"
"ATV340U75N4E","VARIABLE SPEED DRIVE, ALTIVAR MA","Schneider Electric","Drives & VFDs","1987.7","0","VARIABLE SPEED DRIVE, ALTIVAR MA","https://media.distributordatasolutions.com/228/schneider_synd_json/7e0401302a0e185335c13375c6b808ec026dabec.pdf","{""Mounting Type"":""Chassis Mount"",""Number of Motors"":""1"",""Voltage - Load"":""380 ~ 480V"",""Current - Output"":""24A"",""Wattage - Load"":""7500 W"",""Voltage - Supply"":""-"",""Interface"":""EtherCat, RS-485"",""Features"":""-"",""Operating Temperature"":""-15°C ~ 60°C"",""Series"":""Altivar""}"
"ATV12H075M3","VARIABLE SPEED DRIVE ATV12 - 0.7","Schneider Electric","Drives & VFDs","265.96","0","VARIABLE SPEED DRIVE ATV12 - 0.7","https://media.distributordatasolutions.com/228/schneider_synd_json/a97cd1ddeb928e0d676c2a90dfe16060005ed698.pdf","{""Mounting Type"":""Chassis Mount"",""Number of Motors"":""1"",""Voltage - Load"":""200 ~ 240V"",""Current - Output"":""4.2A"",""Wattage - Load"":""750 W"",""Voltage - Supply"":""-"",""Interface"":""RS-485"",""Features"":""-"",""Operating Temperature"":""-10°C ~ 60°C"",""Series"":""Altivar""}"
"ATV320U02M2C","VARIABLE SPEED DRIVE, ALTIVAR MA","Schneider Electric","Drives & VFDs","326.13","0","VARIABLE SPEED DRIVE, ALTIVAR MA","https://media.distributordatasolutions.com/228/schneider_synd_json/8678b5c60bdf72858b8167561b2964d31ee4c69f.pdf","{""Mounting Type"":""Chassis Mount"",""Number of Motors"":""1"",""Voltage - Load"":""200 ~ 240V"",""Current - Output"":""1.5A"",""Wattage - Load"":""180 W"",""Voltage - Supply"":""-"",""Interface"":""-"",""Features"":""-"",""Operating Temperature"":""-10°C ~ 60°C"",""Series"":""Altivar""}"
"ATV320U07M2C","VARIABLE SPEED DRIVE, ALTIVAR MA","Schneider Electric","Drives & VFDs","407.59","0","VARIABLE SPEED DRIVE, ALTIVAR MA","https://media.distributordatasolutions.com/228/schneider_synd_json/0f9355fd2088b6e94f3142ffe8ff0e1b8f82be83.pdf","{""Mounting Type"":""Chassis Mount"",""Number of Motors"":""1"",""Voltage - Load"":""200 ~ 240V"",""Current - Output"":""4.8A"",""Wattage - Load"":""750 W"",""Voltage - Supply"":""-"",""Interface"":""-"",""Features"":""-"",""Operating Temperature"":""-10°C ~ 60°C"",""Series"":""Altivar""}"
"ATV12HU22M3","VARIABLE SPEED DRIVE ATV12 - 2.2","Schneider Electric","Drives & VFDs","411.17","0","VARIABLE SPEED DRIVE ATV12 - 2.2","https://media.distributordatasolutions.com/228/schneider_synd_json/e2514270bc2fba4a2dadf3849093e3bc398c1ecd.pdf","{""Mounting Type"":""Chassis Mount"",""Number of Motors"":""1"",""Voltage - Load"":""200 ~ 240V"",""Current - Output"":""10A"",""Wattage - Load"":""2200 W"",""Voltage - Supply"":""-"",""Interface"":""EtherCat, RS-485"",""Features"":""-"",""Operating Temperature"":""-10°C ~ 60°C"",""Series"":""Altivar""}"
"ATV320U07N4B","VARIABLE SPEED DRIVE, ALTIVAR MA","Schneider Electric","Drives & VFDs","542.64","0","VARIABLE SPEED DRIVE, ALTIVAR MA","https://media.distributordatasolutions.com/228/schneider_synd_json/77e8ed55dd5eb228200c28c5e6ef3c5b03e460b9.pdf","{""Mounting Type"":""Chassis Mount"",""Number of Motors"":""1"",""Voltage - Load"":""380 ~ 500V"",""Current - Output"":""2.3A"",""Wattage - Load"":""750 W"",""Voltage - Supply"":""-"",""Interface"":""-"",""Features"":""-"",""Operating Temperature"":""-10°C ~ 60°C"",""Series"":""Altivar""}"
"ATV320U11N4B","VARIABLE SPEED DRIVE, ALTIVAR MA","Schneider Electric","Drives & VFDs","591.73","0","VARIABLE SPEED DRIVE, ALTIVAR MA","https://media.distributordatasolutions.com/228/schneider_synd_json/095e183d1d735fa74fd6512095a75e22ea4e562d.pdf","{""Mounting Type"":""Chassis Mount"",""Number of Motors"":""1"",""Voltage - Load"":""380 ~ 500V"",""Current - Output"":""3A"",""Wattage - Load"":""1100 W"",""Voltage - Supply"":""-"",""Interface"":""-"",""Features"":""-"",""Operating Temperature"":""-10°C ~ 60°C"",""Series"":""Altivar""}"
"ATV320U22M3C","VARIABLE SPEED DRIVE, ALTIVAR MA","Schneider Electric","Drives & VFDs","644.15","0","VARIABLE SPEED DRIVE, ALTIVAR MA","https://media.distributordatasolutions.com/228/schneider_synd_json/f72102c9e81c0ec81adb17f82bafdbf8a8218083.pdf","{""Mounting Type"":""Chassis Mount"",""Number of Motors"":""1"",""Voltage - Load"":""200 ~ 240V"",""Current - Output"":""11A"",""Wattage - Load"":""2200 W"",""Voltage - Supply"":""-"",""Interface"":""-"",""Features"":""-"",""Operating Temperature"":""-10°C ~ 60°C"",""Series"":""Altivar""}"
"HMISTO735","4.3"" COLOR TOUCH PANEL ETHERNET","Schneider Electric","HMI & Visualization","583.58","0","4.3"" COLOR TOUCH PANEL ETHERNET","https://media.distributordatasolutions.com/228/schneider_synd_json/2dcf2cc13553da01557d33e4ce83691e0999716b.pdf","{""Type"":""Touchscreen"",""Size - Display"":""4.3\"""",""Display Type"":""Color"",""Case Color"":""Blue"",""Operating Temperature"":""0°C ~ 50°C"",""Ingress Protection"":""IP65F - Dust Tight, Oil and Water Resistant"",""Voltage - Supply"":""12 ~ 24VDC"",""Features"":""-"",""For Use With/Related Products"":""Multiple Manufacturer, Multiple Product"",""Series"":""Harmony""}"
"HMIST6400","MAGELIS 7"" WIDE BASIC HMI","Schneider Electric","HMI & Visualization","856.17","0","MAGELIS 7"" WIDE BASIC HMI","https://media.distributordatasolutions.com/228/schneider_synd_json/072ea2d4a8295f9f689ef0d7bd45e479ccfbd115.pdf","{""Type"":""Touchscreen"",""Size - Display"":""7.0\"""",""Display Type"":""Color"",""Case Color"":""Blue"",""Operating Temperature"":""0°C ~ 50°C"",""Ingress Protection"":""IP65 - Dust Tight, Oil and Water Resistant; NEMA 4"",""Voltage - Supply"":""24VDC"",""Features"":""-"",""For Use With/Related Products"":""Multiple Manufacturer, Multiple Product"",""Series"":""Harmony ST6""}"
"HMISTU855","TOUCH PANEL SCREEN 5""7 COLOR","Schneider Electric","HMI & Visualization","1052.72","0","TOUCH PANEL SCREEN 5""7 COLOR","https://media.distributordatasolutions.com/228/schneider_synd_json/4f7f09aee7fb6f7c462392a48903a0194f0d271f.pdf","{""Type"":""Touchscreen"",""Size - Display"":""5.7\"""",""Display Type"":""Color"",""Case Color"":""Blue"",""Operating Temperature"":""0°C ~ 50°C"",""Ingress Protection"":""IP65 - Dust Tight, Oil and Water Resistant; NEMA 4X"",""Voltage - Supply"":""24VDC"",""Features"":""-"",""For Use With/Related Products"":""Multiple Manufacturer, Multiple Product"",""Series"":""Harmony""}"
"HMIST6500","TOUCH PANEL SCREEN, HARMONY ST6,","Schneider Electric","HMI & Visualization","1537.47","0","TOUCH PANEL SCREEN, HARMONY ST6,","https://media.distributordatasolutions.com/228/schneider_synd_json/41c052741525337b2433b8e506782f0f6e9f05ce.pdf","{""Type"":""Touchscreen"",""Size - Display"":""10.0\"""",""Display Type"":""Color"",""Case Color"":""-"",""Operating Temperature"":""0°C ~ 50°C"",""Ingress Protection"":""IP65 - Dust Tight, Water Resistant; NEMA 4, 13"",""Voltage - Supply"":""24VDC"",""Features"":""Memory Card Interface"",""For Use With/Related Products"":""Multiple Manufacturer, Multiple Product"",""Series"":""Harmony ST6""}"
"HMIG3U","BASE UNIT, HARMONY GTU, PREMIUM","Schneider Electric","HMI & Visualization","1583.07","0","BASE UNIT, HARMONY GTU, PREMIUM","https://media.distributordatasolutions.com/228/schneider_synd_json/8e96ffbe5f0cffefda359a777988712872a8c1b3.pdf","{""Accessory Type"":""Base Unit"",""For Use With/Related Products"":""Harmony GTU Series"",""Specifications"":""-"",""Series"":""Harmony GTO""}"
"HMIZSADCO1","HARMONY STO & STU, A PANEL CUTOU","Schneider Electric","HMI & Visualization","34.37","0","HARMONY STO & STU, A PANEL CUTOU","https://media.distributordatasolutions.com/228/schneider_synd_json/ea5a2d467a4e60494d11ea9c88523d6b3e43118d.pdf","{""Accessory Type"":""Adapter"",""For Use With/Related Products"":""Harmony STO, Harmony STU Series"",""Specifications"":""-"",""Series"":""Harmony""}"
"HMIZGFIX","HARMONY GTO, INSTALLATION FASTEN","Schneider Electric","HMI & Visualization","108.53","0","HARMONY GTO, INSTALLATION FASTEN","https://media.distributordatasolutions.com/228/schneider_synd_json/ba2d05b2185b0f37107fb58a33cece5973079e08.pdf","{""Accessory Type"":""Fastener"",""For Use With/Related Products"":""Harmony GTO Series"",""Specifications"":""-"",""Series"":""Harmony""}"
"HMIZG65","10.4-INCH SCREEN PROTECTION SHEE","Schneider Electric","HMI & Visualization","132.65","0","10.4-INCH SCREEN PROTECTION SHEE","https://media.distributordatasolutions.com/228/schneider_synd_json/60be82fab505bf0c505b188aee6f4d389de807bf.pdf","{""Accessory Type"":""Disposable Protection Film"",""For Use With/Related Products"":""Harmony GTO Series"",""Specifications"":""-"",""Series"":""Harmony""}"
"MPCYK50SPSKIT","DISPOSABLE, DIRT-RESISTANT SHEET","Schneider Electric","HMI & Visualization","203.67","0","DISPOSABLE, DIRT-RESISTANT SHEET","https://media.distributordatasolutions.com/228/schneider_synd_json/890562f98cf73017b0e70b372ed9a4f3f81ae9b1.pdf","{""Accessory Type"":""Disposable Protection Film"",""For Use With/Related Products"":""Harmony Series"",""Specifications"":""-"",""Series"":""Harmony""}"
"XBTZGCO3","HARMONY XBT - MECHANICAL ADAPTOR","Schneider Electric","HMI & Visualization","221.75","0","HARMONY XBT - MECHANICAL ADAPTOR","https://media.distributordatasolutions.com/228/schneider_synd_json/868f8aaa64aca41289f8e009a1a9ce82bcb4c5fb.pdf","{""Accessory Type"":""Adapter"",""For Use With/Related Products"":""Harmony XBT Series"",""Specifications"":""-"",""Series"":""Magelis""}"
"HMIS5T","STU REAR MODULE","Schneider Electric","HMI & Visualization","392.09","0","STU REAR MODULE","https://media.distributordatasolutions.com/228/schneider_synd_json/f627c90ffc706edb995f5fe9f7a7d86214d5db6c.pdf","{""Accessory Type"":""Panel"",""For Use With/Related Products"":""Harmony STU Series"",""Specifications"":""-"",""Series"":""Harmony STU""}"
"HMIYCABWIFIAN51","CABLE, HARMONY IPC, REMOTE WIFI","Schneider Electric","HMI & Visualization","90.44","0","CABLE, HARMONY IPC, REMOTE WIFI","https://media.distributordatasolutions.com/228/schneider_synd_json/8859f7237a8eb94b27758e3ed47f6b5dd8b98186.pdf","{""Accessory Type"":""Cable Assembly"",""For Use With/Related Products"":""Schneider Electric, Harmony iPC"",""Specifications"":""Interface, 16.4' (5.00m)"",""Series"":""Harmony""}"
"XBTZG65","PEEL OFF PROTECTIVE SHEETS - SET","Schneider Electric","HMI & Visualization","107.33","0","PEEL OFF PROTECTIVE SHEETS - SET","https://media.distributordatasolutions.com/228/schneider_synd_json/9ca0f4f5b4d35390bf4a00b9b5343d1cd5321cf7.pdf","{""Accessory Type"":""Disposable Protection Film"",""For Use With/Related Products"":""Harmony XBT Series"",""Specifications"":""-"",""Series"":""Magelis""}"
"XBTZG62","PEEL OFF PROTECTIVE SHEETS - SET","Schneider Electric","HMI & Visualization","107.33","0","PEEL OFF PROTECTIVE SHEETS - SET","https://media.distributordatasolutions.com/228/schneider_synd_json/b8bbbbef88bd41ace80aa649f6b79b908b1c15aa.pdf","{""Accessory Type"":""Disposable Protection Film"",""For Use With/Related Products"":""Harmony XBT Series"",""Specifications"":""-"",""Series"":""Magelis""}"
"HMIZG66","DISPOSABLE, DIRT-RESISTANT SHEET","Schneider Electric","HMI & Visualization","132.65","0","DISPOSABLE, DIRT-RESISTANT SHEET","https://media.distributordatasolutions.com/228/schneider_synd_json/84962e81b26eaf6e929ee881414569a24c175bad.pdf","{""Accessory Type"":""Disposable Protection Film"",""For Use With/Related Products"":""Harmony Series"",""Specifications"":""-"",""Series"":""Harmony""}"
"HMIZGPWS","HARMONY GTO, DC POWER SUPPLY CON","Schneider Electric","HMI & Visualization","135.65","0","HARMONY GTO, DC POWER SUPPLY CON","https://media.distributordatasolutions.com/228/schneider_synd_json/f8344880dbb3bba2e0dfc43fd874154f329688ef.pdf","{""Accessory Type"":""Connector"",""For Use With/Related Products"":""Multiple Series"",""Specifications"":""-"",""Series"":""Harmony""}"
"XBTZG9721","HARMONY XBT - DIRECT CONNECTION","Schneider Electric","HMI & Visualization","171.84","0","HARMONY XBT - DIRECT CONNECTION","https://media.distributordatasolutions.com/228/schneider_synd_json/898ffc5854e33e310ab7aac92d3308b9cd406264.pdf","{""Accessory Type"":""Cable Assembly"",""For Use With/Related Products"":""Multiple Series"",""Specifications"":""Interface, 1.82' (2.50m), RS-485"",""Series"":""Harmony""}"
"HMIZGPWS2","HARMONY GTO, DC POWER SUPPLY CON","Schneider Electric","HMI & Visualization","203.49","0","HARMONY GTO, DC POWER SUPPLY CON","https://media.distributordatasolutions.com/228/schneider_synd_json/7ca0e30d888c50ecfde8cdeed8b8de5502d7798d.pdf","{""Accessory Type"":""Connector"",""For Use With/Related Products"":""Harmony GTO Series"",""Specifications"":""-"",""Series"":""Harmony""}"
"HMIYCABDPDVI31","CABLE, HARMONY MODULAR IPC/ FP6,","Schneider Electric","HMI & Visualization","235.15","0","CABLE, HARMONY MODULAR IPC/ FP6,","https://media.distributordatasolutions.com/228/schneider_synd_json/6f54460388e96e5e6b2b60982772ae9c90a8593c.pdf","{""Accessory Type"":""Cable Assembly"",""For Use With/Related Products"":""-"",""Specifications"":""Interface, 9.84' (3.00m)"",""Series"":""Harmony""}"
"XBTZGCO1","HARMONY XBT - MECHANICAL ADAPTOR","Schneider Electric","HMI & Visualization","254.05","0","HARMONY XBT - MECHANICAL ADAPTOR","https://media.distributordatasolutions.com/228/schneider_synd_json/cfa5cf32a641b493e82636607fa5538b1fde77d7.pdf","{""Accessory Type"":""Adapter"",""For Use With/Related Products"":""Harmony XBT Series"",""Specifications"":""-"",""Series"":""Magelis""}"
"BMH0702P16A2A","MOTOR 70MM IP54 KEY ENC SINGLE16","Schneider Electric","Servo & Motion","1191.13","0","MOTOR 70MM IP54 KEY ENC SINGLE16","https://media.distributordatasolutions.com/228/schneider_synd_json/a6284b278501ab3561007175991b2e5332987af4.pdf","{""Type"":""AC Motor"",""Function"":""Servomotor"",""Motor Type"":""-"",""Voltage - Rated"":""480VAC"",""RPM"":""8000 RPM"",""Torque - Rated (oz-in / mNm)"":""311.6 / 2200"",""Power - Rated"":""700W"",""Encoder Type"":""-"",""Size / Dimension"":""Square - 2.760\"" x 2.760\"" (70.10mm x 70.10mm)"",""Diameter - Shaft"":""0.430\"" (10.92mm)"",""Length - Shaft and Bearing"":""0.910\"" (23.11mm)"",""Mounting Hole Spacing"":""2.360\"" (59.94mm)"",""Termination Style"":""Connector"",""Features"":""Key"",""Gear Reduction Ratio"":""-"",""Torque - Max Momentary (oz-in / mNm)"":""-"",""Operating Temperature"":""-"",""Series"":""BMH""}"
"BMH0703P16A2A","MOTOR 70MM IP54 KEY ENC SINGLE16","Schneider Electric","Servo & Motion","1245.27","0","MOTOR 70MM IP54 KEY ENC SINGLE16","https://media.distributordatasolutions.com/228/schneider_synd_json/a6ab4670ad42832bb6f997071e8daa63e4f2f1b4.pdf","{""Type"":""AC Motor"",""Function"":""Servomotor"",""Motor Type"":""-"",""Voltage - Rated"":""480VAC"",""RPM"":""8000 RPM"",""Torque - Rated (oz-in / mNm)"":""339.8 / 2400"",""Power - Rated"":""1.3kW"",""Encoder Type"":""-"",""Size / Dimension"":""Square - 2.760\"" x 2.760\"" (70.10mm x 70.10mm)"",""Diameter - Shaft"":""0.550\"" (13.97mm)"",""Length - Shaft and Bearing"":""1.180\"" (29.97mm)"",""Mounting Hole Spacing"":""2.360\"" (59.94mm)"",""Termination Style"":""Connector"",""Features"":""Key"",""Gear Reduction Ratio"":""-"",""Torque - Max Momentary (oz-in / mNm)"":""-"",""Operating Temperature"":""-"",""Series"":""BMH""}"
"LXM32CD18N4","LXM32C P/D,+/- 10V 18A RMS PEAK","Schneider Electric","Servo & Motion","1895.51","0","LXM32C P/D,+/- 10V 18A RMS PEAK","https://media.distributordatasolutions.com/228/schneider_synd_json/abf61aa07b700388713ee5cf1fcb2d4dc3490806.pdf","{""Type"":""Module"",""Motor Type"":""Servo"",""Control / Drive Type"":""Servo AC"",""Number of Motors"":""1"",""Voltage - Load"":""200 ~ 480V"",""Current - Output"":""18A"",""Wattage - Load"":""3.3 kW"",""Voltage - Supply"":""200 ~ 480VAC"",""Interface"":""Modbus TCP, RS-485"",""Mounting Type"":""Chassis Mount"",""Operating Temperature"":""0°C ~ 50°C"",""Features"":""-"",""For Use With/Related Products"":""Lexium 32 Series"",""Series"":""Lexium 32""}"
"BMH1003P02A2A","MOTOR 100MM IP54 NOKEY ENC MULTI","Schneider Electric","Servo & Motion","2477","0","MOTOR 100MM IP54 NOKEY ENC MULTI","https://media.distributordatasolutions.com/228/schneider_synd_json/0bd479fd01a6ca7146151cbb8d7a127ee56b7692.pdf","{""Type"":""AC Motor"",""Function"":""Servomotor"",""Motor Type"":""-"",""Voltage - Rated"":""480VAC"",""RPM"":""6000 RPM"",""Torque - Rated (oz-in / mNm)"":""878 / 6200"",""Power - Rated"":""2.7kW"",""Encoder Type"":""-"",""Size / Dimension"":""Square - 3.937\"" x 3.937\"" (100.00mm x 100.00mm)"",""Diameter - Shaft"":""0.750\"" (19.05mm)"",""Length - Shaft and Bearing"":""1.570\"" (39.88mm)"",""Mounting Hole Spacing"":""3.740\"" (95.00mm)"",""Termination Style"":""Connector"",""Features"":""Key"",""Gear Reduction Ratio"":""-"",""Torque - Max Momentary (oz-in / mNm)"":""-"",""Operating Temperature"":""-"",""Series"":""BMH""}"
"BMH1003P17F2A","MOTOR 100MM IP54 KEY ENC MULTI16","Schneider Electric","Servo & Motion","2659.74","0","MOTOR 100MM IP54 KEY ENC MULTI16","https://media.distributordatasolutions.com/228/schneider_synd_json/2d1c0f81d655bd6ae2ef742b88db83ca888779cc.pdf","{""Type"":""AC Motor"",""Function"":""Servomotor"",""Motor Type"":""-"",""Voltage - Rated"":""480VAC"",""RPM"":""6000 RPM"",""Torque - Rated (oz-in / mNm)"":""878 / 6200"",""Power - Rated"":""2.7kW"",""Encoder Type"":""-"",""Size / Dimension"":""Square - 3.937\"" x 3.937\"" (100.00mm x 100.00mm)"",""Diameter - Shaft"":""0.750\"" (19.05mm)"",""Length - Shaft and Bearing"":""1.570\"" (39.88mm)"",""Mounting Hole Spacing"":""3.740\"" (95.00mm)"",""Termination Style"":""Connector"",""Features"":""Brake, Key"",""Gear Reduction Ratio"":""-"",""Torque - Max Momentary (oz-in / mNm)"":""-"",""Operating Temperature"":""-"",""Series"":""BMH""}"
"LXM32MD72N4","LXM32 MODULAR 72A RMS PEAK 3PH 4","Schneider Electric","Servo & Motion","3616.47","0","LXM32 MODULAR 72A RMS PEAK 3PH 4","https://media.distributordatasolutions.com/228/schneider_synd_json/c4e7c061188c94303503654e54b1375d66c42a37.pdf","{""Type"":""Module"",""Motor Type"":""Servo"",""Control / Drive Type"":""Servo AC"",""Number of Motors"":""1"",""Voltage - Load"":""200 ~ 480V"",""Current - Output"":""72A"",""Wattage - Load"":""13 kW"",""Voltage - Supply"":""200 ~ 480VAC"",""Interface"":""Modbus TCP, RS-485"",""Mounting Type"":""Chassis Mount"",""Operating Temperature"":""0°C ~ 50°C"",""Features"":""-"",""For Use With/Related Products"":""Lexium 32 Series"",""Series"":""Lexium 32""}"
"BMH1401P11A2A","MOTOR 140MM IP54 KEY ENC SINGLE1","Schneider Electric","Servo & Motion","2253.67","0","MOTOR 140MM IP54 KEY ENC SINGLE1","https://media.distributordatasolutions.com/228/schneider_synd_json/9d8d58298a474e4828a51a947cd6f40cc529372e.pdf","{""Type"":""AC Motor"",""Function"":""Servomotor"",""Motor Type"":""-"",""Voltage - Rated"":""480VAC"",""RPM"":""4000 RPM"",""Torque - Rated (oz-in / mNm)"":""1090 / 7700"",""Power - Rated"":""2.4kW"",""Encoder Type"":""-"",""Size / Dimension"":""Square - 5.510\"" x 5.510\"" (139.95mm x 139.95mm)"",""Diameter - Shaft"":""0.940\"" (23.88mm)"",""Length - Shaft and Bearing"":""1.970\"" (50.04mm)"",""Mounting Hole Spacing"":""5.120\"" (130.05mm)"",""Termination Style"":""Connector"",""Features"":""Key"",""Gear Reduction Ratio"":""-"",""Torque - Max Momentary (oz-in / mNm)"":""-"",""Operating Temperature"":""-"",""Series"":""BMH""}"
"BCH2LD0433CA5C","60MM, 400W, IP65, W/ KEY, LEADS","Schneider Electric","Servo & Motion","757.99","0","60MM, 400W, IP65, W/ KEY, LEADS","https://media.distributordatasolutions.com/228/schneider_synd_json/cb1135bdb1b41df9856bbd968188633ca53bcaff.pdf","{""Type"":""AC Motor"",""Function"":""Servomotor"",""Motor Type"":""-"",""Voltage - Rated"":""220VAC"",""RPM"":""5000 RPM"",""Torque - Rated (oz-in / mNm)"":""179.8 / 1270"",""Power - Rated"":""400W"",""Encoder Type"":""Absolute"",""Size / Dimension"":""Square - 2.360\"" x 2.360\"" (59.94mm x 59.94mm)"",""Diameter - Shaft"":""0.550\"" (13.97mm)"",""Length - Shaft and Bearing"":""1.180\"" (29.97mm)"",""Mounting Hole Spacing"":""1.969\"" (50.00mm)"",""Termination Style"":""Cable with Connector"",""Features"":""Key, Oil Seal"",""Gear Reduction Ratio"":""-"",""Torque - Max Momentary (oz-in / mNm)"":""-"",""Operating Temperature"":""-20°C ~ 40°C"",""Series"":""Lexium 28""}"
"BMH0701T16A2A","MOTOR 70MM IP54 KEY ENC SINGLE16","Schneider Electric","Servo & Motion","1116.67","0","MOTOR 70MM IP54 KEY ENC SINGLE16","https://media.distributordatasolutions.com/228/schneider_synd_json/3a84d9320e8cbb70257120d7da16027b696f7f51.pdf","{""Type"":""AC Motor"",""Function"":""Servomotor"",""Motor Type"":""-"",""Voltage - Rated"":""240VAC"",""RPM"":""8000 RPM"",""Torque - Rated (oz-in / mNm)"":""191.2 / 1350"",""Power - Rated"":""450W"",""Encoder Type"":""-"",""Size / Dimension"":""Square - 2.760\"" x 2.760\"" (70.10mm x 70.10mm)"",""Diameter - Shaft"":""0.430\"" (10.92mm)"",""Length - Shaft and Bearing"":""0.910\"" (23.11mm)"",""Mounting Hole Spacing"":""2.360\"" (59.94mm)"",""Termination Style"":""Connector"",""Features"":""Key"",""Gear Reduction Ratio"":""-"",""Torque - Max Momentary (oz-in / mNm)"":""-"",""Operating Temperature"":""-"",""Series"":""BMH""}"
"LXM28AU20M3X","LEXIUM28 IO AND CAN DRIVE - 2KW","Schneider Electric","Servo & Motion","1647.87","0","LEXIUM28 IO AND CAN DRIVE - 2KW","https://media.distributordatasolutions.com/228/schneider_synd_json/0fffb3e4b419bf55eea7bca3b45b52a39524c5ed.pdf","{""Type"":""Module"",""Motor Type"":""AC Motor"",""Control / Drive Type"":""Servo AC"",""Number of Motors"":""1"",""Voltage - Load"":""220V"",""Current - Output"":""12A"",""Voltage - Supply"":""200 ~ 255VAC"",""Interface"":""RS-485"",""Mounting Type"":""Chassis Mount"",""Operating Temperature"":""0°C ~ 55°C"",""Features"":""-"",""For Use With/Related Products"":""Lexium 28 Series"",""Series"":""Lexium 28""}"
"LXM32AD12N4","LXM32A CAN RJ45 12A RMS PEAK 3PH","Schneider Electric","Servo & Motion","1962.5","0","LXM32A CAN RJ45 12A RMS PEAK 3PH","https://media.distributordatasolutions.com/228/schneider_synd_json/f0524450480809ce2a079d96a5398d7dc8a20529.pdf","{""Type"":""Module"",""Motor Type"":""AC Motor"",""Control / Drive Type"":""Servo AC"",""Number of Motors"":""1"",""Voltage - Load"":""200 ~ 240V"",""Current - Output"":""3A"",""Voltage - Supply"":""323 ~ 528VAC"",""Interface"":""RS-485"",""Mounting Type"":""Chassis Mount"",""Operating Temperature"":""0°C ~ 50°C"",""Features"":""-"",""For Use With/Related Products"":""Lexium 32 Series"",""Series"":""Lexium 32""}"
"LXM32MD30N4","LXM32 MODULAR 30A RMS PEAK 3PH 4","Schneider Electric","Servo & Motion","2442.5","0","LXM32 MODULAR 30A RMS PEAK 3PH 4","https://media.distributordatasolutions.com/228/schneider_synd_json/6dd41210f3434d02e665f1b5389180d1120edd98.pdf","{""Type"":""Module"",""Motor Type"":""Servo"",""Control / Drive Type"":""Servo AC"",""Number of Motors"":""1"",""Voltage - Load"":""200 ~ 480V"",""Current - Output"":""30A"",""Wattage - Load"":""5.6 kW"",""Voltage - Supply"":""200 ~ 480VAC"",""Interface"":""CAN, EtherCAT, Modbus TCP, RS-485"",""Mounting Type"":""Chassis Mount"",""Operating Temperature"":""0°C ~ 50°C"",""Features"":""-"",""For Use With/Related Products"":""Lexium 32 Series"",""Series"":""Lexium 32""}"
"LXM28AU04M3X","LEXIUM28 IO AND CAN DRIVE - 400W","Schneider Electric","Servo & Motion","945.86","0","LEXIUM28 IO AND CAN DRIVE - 400W","https://media.distributordatasolutions.com/228/schneider_synd_json/1272179435add04949b1c55bc46fa3444a36555b.pdf","{""Type"":""Module"",""Motor Type"":""Servo"",""Control / Drive Type"":""Servo AC"",""Number of Motors"":""1"",""Voltage - Load"":""200 ~ 240V"",""Current - Output"":""7.8A"",""Wattage - Load"":""400 W"",""Voltage - Supply"":""200 ~ 240VAC"",""Interface"":""CAN, RS-485"",""Mounting Type"":""Chassis Mount"",""Operating Temperature"":""0°C ~ 55°C"",""Features"":""-"",""For Use With/Related Products"":""Lexium 28 Series"",""Series"":""Lexium 28""}"
"LXM28AU07M3X","LEXIUM28 IO AND CAN DRIVE - 750W","Schneider Electric","Servo & Motion","1049.33","0","LEXIUM28 IO AND CAN DRIVE - 750W","https://media.distributordatasolutions.com/228/schneider_synd_json/49c33ad081e0af5b99a7585fd409e7149fcbb9db.pdf","{""Type"":""Module"",""Motor Type"":""AC Motor"",""Control / Drive Type"":""Servo AC"",""Number of Motors"":""1"",""Voltage - Load"":""220V"",""Current - Output"":""4.5A"",""Voltage - Supply"":""200 ~ 255VAC"",""Interface"":""RS-485"",""Mounting Type"":""Chassis Mount"",""Operating Temperature"":""0°C ~ 55°C"",""Features"":""-"",""For Use With/Related Products"":""Lexium 28 Series"",""Series"":""Lexium 28""}"
"BMH0701P06A2A","MOTOR 70MM IP54 NOKEY ENC SINGLE","Schneider Electric","Servo & Motion","1076.07","0","MOTOR 70MM IP54 NOKEY ENC SINGLE","https://media.distributordatasolutions.com/228/schneider_synd_json/430a08ae67c7c3d6053a8dc3507225d132b6b500.pdf","{""Type"":""AC Motor"",""Function"":""Servomotor"",""Motor Type"":""-"",""Voltage - Rated"":""480VAC"",""RPM"":""8000 RPM"",""Torque - Rated (oz-in / mNm)"":""184 / 1,300"",""Power - Rated"":""700W"",""Encoder Type"":""-"",""Size / Dimension"":""Square - 2.760\"" x 2.760\"" (70.10mm x 70.10mm)"",""Diameter - Shaft"":""0.430\"" (10.92mm)"",""Length - Shaft and Bearing"":""0.910\"" (23.11mm)"",""Mounting Hole Spacing"":""2.360\"" (59.94mm)"",""Termination Style"":""Connector"",""Features"":""Key"",""Gear Reduction Ratio"":""-"",""Torque - Max Momentary (oz-in / mNm)"":""-"",""Operating Temperature"":""-"",""Series"":""BMH""}"
"BMH0702P06A2A","MOTOR 70MM IP54 NOKEY ENC SINGLE","Schneider Electric","Servo & Motion","1150.53","0","MOTOR 70MM IP54 NOKEY ENC SINGLE","https://media.distributordatasolutions.com/228/schneider_synd_json/75f8a6029c216945287322cd8ed2f07514929758.pdf","{""Type"":""AC Motor"",""Function"":""Servomotor"",""Motor Type"":""-"",""Voltage - Rated"":""480VAC"",""RPM"":""8000 RPM"",""Torque - Rated (oz-in / mNm)"":""311.6 / 2200"",""Power - Rated"":""700W"",""Encoder Type"":""-"",""Size / Dimension"":""Square - 2.760\"" x 2.760\"" (70.10mm x 70.10mm)"",""Diameter - Shaft"":""0.430\"" (10.92mm)"",""Length - Shaft and Bearing"":""0.910\"" (23.11mm)"",""Mounting Hole Spacing"":""2.360\"" (59.94mm)"",""Termination Style"":""Connector"",""Features"":""Key"",""Gear Reduction Ratio"":""-"",""Torque - Max Momentary (oz-in / mNm)"":""-"",""Operating Temperature"":""-"",""Series"":""BMH""}"
"LXM28AU10M3X","LEXIUM28 IO AND CAN DRIVE - 1KW","Schneider Electric","Servo & Motion","1152.78","0","LEXIUM28 IO AND CAN DRIVE - 1KW","https://media.distributordatasolutions.com/228/schneider_synd_json/c781822bce6ab2ce30f22ae789de0a8d8b552e58.pdf","{""Type"":""Module"",""Motor Type"":""AC Motor"",""Control / Drive Type"":""Servo AC"",""Number of Motors"":""1"",""Voltage - Load"":""220V"",""Current - Output"":""7A"",""Voltage - Supply"":""200 ~ 255VAC"",""Interface"":""RS-485"",""Mounting Type"":""Chassis Mount"",""Operating Temperature"":""0°C ~ 55°C"",""Features"":""-"",""For Use With/Related Products"":""Lexium 28 Series"",""Series"":""Lexium 28""}"
"BSH0552P01A2A","MOTOR 55 IP40 SMOOTH INC NOBRK A","Schneider Electric","Servo & Motion","1170.83","0","MOTOR 55 IP40 SMOOTH INC NOBRK A","https://media.distributordatasolutions.com/228/schneider_synd_json/5fafd774a0a15d68cfc764be78babce6649f40b6.pdf","{""Type"":""AC Motor"",""Function"":""Servomotor"",""Motor Type"":""-"",""Voltage - Rated"":""480VAC"",""RPM"":""9000 RPM"",""Torque - Rated (oz-in / mNm)"":""382.4 / 2700"",""Power - Rated"":""400W"",""Encoder Type"":""-"",""Size / Dimension"":""Square - 2.170\"" x 2.170\"" (55.12mm x 55.12mm)"",""Diameter - Shaft"":""0.350\"" (8.89mm)"",""Length - Shaft and Bearing"":""0.790\"" (20.07mm)"",""Mounting Hole Spacing"":""1.570\"" (39.88mm)"",""Termination Style"":""Connector"",""Features"":""Key"",""Gear Reduction Ratio"":""-"",""Torque - Max Momentary (oz-in / mNm)"":""-"",""Operating Temperature"":""-"",""Series"":""BSH""}"
"BMH0702T16A2A","MOTOR 70MM IP54 KEY ENC SINGLE16","Schneider Electric","Servo & Motion","1191.13","0","MOTOR 70MM IP54 KEY ENC SINGLE16","https://media.distributordatasolutions.com/228/schneider_synd_json/5f9e3386a917280fb9c3bb191159b5e00b8cbc55.pdf","{""Type"":""AC Motor"",""Function"":""Servomotor"",""Motor Type"":""-"",""Voltage - Rated"":""240VAC"",""RPM"":""8000 RPM"",""Torque - Rated (oz-in / mNm)"":""325.7 / 2300"",""Power - Rated"":""900W"",""Encoder Type"":""-"",""Size / Dimension"":""Square - 2.760\"" x 2.760\"" (70.10mm x 70.10mm)"",""Diameter - Shaft"":""0.430\"" (10.92mm)"",""Length - Shaft and Bearing"":""0.910\"" (23.11mm)"",""Mounting Hole Spacing"":""2.360\"" (59.94mm)"",""Termination Style"":""Connector"",""Features"":""Key"",""Gear Reduction Ratio"":""-"",""Torque - Max Momentary (oz-in / mNm)"":""-"",""Operating Temperature"":""-"",""Series"":""BMH""}"
"BSH0402P06A2A","MOTOR 40MM IP54 NOKEY ENC SINGLE","Schneider Electric","Servo & Motion","1241.2","0","MOTOR 40MM IP54 NOKEY ENC SINGLE","https://media.distributordatasolutions.com/228/schneider_synd_json/432803834908d714dd728adebfc5fb1407b81a1b.pdf","{""Type"":""AC Motor"",""Function"":""Servomotor"",""Motor Type"":""-"",""Voltage - Rated"":""400VAC"",""RPM"":""10000 RPM"",""Torque - Rated (oz-in / mNm)"":""51.55 / 364"",""Power - Rated"":""289W"",""Encoder Type"":""-"",""Size / Dimension"":""Square - 1.570\"" x 1.570\"" (39.88mm x 39.88mm)"",""Diameter - Shaft"":""0.310\"" (7.87mm)"",""Length - Shaft and Bearing"":""0.980\"" (24.89mm)"",""Mounting Hole Spacing"":""1.180\"" (29.97mm)"",""Termination Style"":""Connector"",""Features"":""-"",""Gear Reduction Ratio"":""-"",""Torque - Max Momentary (oz-in / mNm)"":""-"",""Operating Temperature"":""-"",""Series"":""BSH""}"
"LC1D09BD","TESYS 3P CTR 9A AC3 4KW 1NO1NC24","Schneider Electric","Motor Control","120.99","0","TESYS 3P CTR 9A AC3 4KW 1NO1NC24","https://media.distributordatasolutions.com/228/schneider_synd_json/0f63e681bbd5b508ca3707a6789fb76d89c3ccb7.pdf","{""Mounting Type"":""Chassis Mount"",""Coil Voltage"":""24VDC"",""Contact Form"":""3PST-NO (3 Form A)"",""Contact Rating (Current)"":""9 A"",""Switching Voltage"":""690VAC - Max"",""Features"":""Auxiliary Contacts"",""Termination Style"":""Screw Terminal"",""Operating Temperature"":""-40°C ~ 60°C"",""Must Operate Voltage"":""-"",""Must Release Voltage"":""-"",""Series"":""TeSys""}"
"LC1D12BD","TESYS 3P CTR 12A AC3 5.5KW 1NO 1","Schneider Electric","Motor Control","138.97","0","TESYS 3P CTR 12A AC3 5.5KW 1NO 1","https://media.distributordatasolutions.com/228/schneider_synd_json/0a4ad32fe9c212c914b962cecb7dce7b6761a775.pdf","{""Mounting Type"":""Chassis Mount, DIN Rail"",""Coil Voltage"":""24VDC"",""Contact Form"":""3PST-NO (3 Form A)"",""Contact Rating (Current)"":""12 A"",""Switching Voltage"":""690VAC - Max"",""Features"":""Auxiliary Contacts"",""Termination Style"":""Screw Terminal"",""Operating Temperature"":""-40°C ~ 60°C"",""Must Operate Voltage"":""16.8 VDC"",""Must Release Voltage"":""2.4 VDC"",""Series"":""TeSys""}"
"LC1D25BD","TESYS3P CTR 25A AC3 11KW1NO1NC24","Schneider Electric","Motor Control","193.92","0","TESYS3P CTR 25A AC3 11KW1NO1NC24","https://media.distributordatasolutions.com/228/schneider_synd_json/8c8ac6f9d3b82535f92a95468d6058251047a85b.pdf","{""Mounting Type"":""Chassis Mount, DIN Rail"",""Coil Voltage"":""24VDC"",""Contact Form"":""3PST-NO (3 Form A)"",""Contact Rating (Current)"":""25 A"",""Switching Voltage"":""690VAC, 300VDC - Max"",""Features"":""Auxiliary Contacts"",""Termination Style"":""Screw Terminal"",""Operating Temperature"":""-40°C ~ 70°C"",""Must Operate Voltage"":""16.8 VDC"",""Must Release Voltage"":""2.4 VDC"",""Series"":""TeSys""}"
"CA3KN40BD","K CONTROL RELAY 4NO 24VDC COIL","Schneider Electric","Motor Control","62.27","0","K CONTROL RELAY 4NO 24VDC COIL","https://media.distributordatasolutions.com/228/schneider_synd_json/8044133cb03eec07f0e414fd2a132d058da9b44d.pdf","{""Mounting Type"":""Chassis Mount, DIN Rail"",""Coil Voltage"":""24VDC"",""Contact Form"":""4PST-NO (4 Form A)"",""Contact Rating (Current)"":""10 A"",""Switching Voltage"":""690VAC - Max"",""Features"":""-"",""Termination Style"":""Screw Terminal"",""Operating Temperature"":""-25°C ~ 50°C"",""Must Operate Voltage"":""19.2 VDC"",""Must Release Voltage"":""2.4 VDC"",""Series"":""TeSys""}"
"LC1DT20BD","TESYS 4P CONTACTOR 20A AC-1 24VD","Schneider Electric","Motor Control","124.06","0","TESYS 4P CONTACTOR 20A AC-1 24VD","https://media.distributordatasolutions.com/228/schneider_synd_json/c4b853f49f6d6ae006fbeaeff725f99874b6fe86.pdf","{""Mounting Type"":""Chassis Mount, DIN Rail"",""Coil Voltage"":""24VDC"",""Contact Form"":""4PST-NO (4 Form A)"",""Contact Rating (Current)"":""20 A"",""Switching Voltage"":""690VAC, 300VDC - Max"",""Features"":""Auxiliary Contacts, Diode"",""Termination Style"":""Screw Terminal"",""Operating Temperature"":""-40°C ~ 70°C"",""Must Operate Voltage"":""16.8 VDC"",""Must Release Voltage"":""2.4 VDC"",""Series"":""TeSys""}"
"LAD9R1","REVERSING KIT FOR CONTACTORS UP","Schneider Electric","Motor Control","35.93","0","REVERSING KIT FOR CONTACTORS UP","https://media.distributordatasolutions.com/228/schneider_synd_json/9a922cb1ebbfb78000dde1f4d6c8b0aef11239ea.pdf","{""Accessory Type"":""Reversing Conductor kit"",""For Use With/Related Products"":""Multiple Series"",""Series"":""-""}"
"LC1K1201P7","CONTACTOR","Schneider Electric","Motor Control","80.2","0","CONTACTOR","https://media.distributordatasolutions.com/228/schneider_synd_json/7dfddb4a46be3d8842bf629da14a7014f90a2b57.pdf","{""Mounting Type"":""Chassis Mount, DIN Rail"",""Coil Voltage"":""230VAC"",""Contact Form"":""3PST-NO (3 Form A)"",""Contact Rating (Current)"":""12 A"",""Switching Voltage"":""690VAC - Max"",""Features"":""Auxiliary Contacts"",""Termination Style"":""Screw Terminal"",""Operating Temperature"":""-"",""Must Operate Voltage"":""184 VAC"",""Must Release Voltage"":""46 VAC"",""Series"":""TeSys""}"
"LC1D09G7","TESYS 3P CTR9A AC3 4KW 1NO1NC120","Schneider Electric","Motor Control","105.2","0","TESYS 3P CTR9A AC3 4KW 1NO1NC120","https://media.distributordatasolutions.com/228/schneider_synd_json/f38009e53020c00aaf0aa7b3072dab74a531aece.pdf","{""Mounting Type"":""Chassis Mount"",""Coil Voltage"":""120VAC"",""Contact Form"":""3PST-NO (3 Form A)"",""Contact Rating (Current)"":""9 A"",""Switching Voltage"":""690VAC - Max"",""Features"":""-"",""Termination Style"":""Screw Terminal"",""Operating Temperature"":""-40°C ~ 60°C"",""Must Operate Voltage"":""102 VAC"",""Must Release Voltage"":""36 VAC"",""Series"":""TeSys""}"
"LC1D09BL","TESYS CONTACTOR 9A AC3 4KW 1NO 1","Schneider Electric","Motor Control","120.99","0","TESYS CONTACTOR 9A AC3 4KW 1NO 1","https://media.distributordatasolutions.com/228/schneider_synd_json/50bb98e0b2f3211abc5084d3acf9097011f602a0.pdf","{""Mounting Type"":""Chassis Mount, DIN Rail"",""Coil Voltage"":""24VDC"",""Contact Form"":""3PST-NO (3 Form A)"",""Contact Rating (Current)"":""9 A"",""Switching Voltage"":""690VAC, 300VDC - Max"",""Features"":""Auxiliary Contacts"",""Termination Style"":""Screw Terminal"",""Operating Temperature"":""-40°C ~ 70°C"",""Must Operate Voltage"":""19.2 VDC"",""Must Release Voltage"":""2.4 VDC"",""Series"":""TeSys""}"
"LC1D18BD","TESYS 3P CTR 18A AC3 9KW1NO1NC24","Schneider Electric","Motor Control","158.55","0","TESYS 3P CTR 18A AC3 9KW1NO1NC24","https://media.distributordatasolutions.com/228/schneider_synd_json/69d15f9f0e45bc48f300122f68fbd68b70900435.pdf","{""Mounting Type"":""Chassis Mount, DIN Rail"",""Coil Voltage"":""24VDC"",""Contact Form"":""3PST-NO (3 Form A)"",""Contact Rating (Current)"":""18 A"",""Switching Voltage"":""690VAC, 300VDC - Max"",""Features"":""Auxiliary Contacts"",""Termination Style"":""Screw Terminal"",""Operating Temperature"":""-40°C ~ 70°C"",""Must Operate Voltage"":""16.8 VDC"",""Must Release Voltage"":""2.4 VDC"",""Series"":""TeSys""}"
"LC1D18BL","TESYS 3P CTR 18A AC3 9KW 1NO1NC","Schneider Electric","Motor Control","158.55","0","TESYS 3P CTR 18A AC3 9KW 1NO1NC","https://media.distributordatasolutions.com/228/schneider_synd_json/7e3f8c57bc484fcd729e7690326cc8fceb7a8a59.pdf","{""Mounting Type"":""Chassis Mount"",""Coil Voltage"":""24VDC"",""Contact Form"":""3PST-NO (3 Form A)"",""Contact Rating (Current)"":""18 A"",""Switching Voltage"":""690VAC - Max"",""Features"":""Auxiliary Contacts, Diode"",""Termination Style"":""Screw Terminal"",""Operating Temperature"":""-40°C ~ 60°C"",""Must Operate Voltage"":""-"",""Must Release Voltage"":""-"",""Series"":""TeSys""}"
"LC1D32BD","TESYS3P CTR32A AC3 15KW1NO1NC 24","Schneider Electric","Motor Control","233.68","0","TESYS3P CTR32A AC3 15KW1NO1NC 24","https://media.distributordatasolutions.com/228/schneider_synd_json/06ef0cf3834caca5a0f8760be7e53e00fc9ee376.pdf","{""Mounting Type"":""Chassis Mount, DIN Rail"",""Coil Voltage"":""24VDC"",""Contact Form"":""3PST-NO (3 Form A)"",""Contact Rating (Current)"":""32 A"",""Switching Voltage"":""690VAC, 300VDC - Max"",""Features"":""Auxiliary Contacts"",""Termination Style"":""Screw Terminal"",""Operating Temperature"":""-40°C ~ 70°C"",""Must Operate Voltage"":""16.8 VDC"",""Must Release Voltage"":""2.4 VDC"",""Series"":""TeSys""}"
"CA2KN31G7","ELECTROMAGNETIC RELAY","Schneider Electric","Motor Control","44.9","0","ELECTROMAGNETIC RELAY","https://media.distributordatasolutions.com/228/schneider_synd_json/1427c764c5963fa5d0a404f372bbf23d5fc193dc.pdf","{""Mounting Type"":""Chassis Mount, DIN Rail"",""Coil Voltage"":""120VAC"",""Contact Form"":""4PST-3NO/1NC (3 Form A, 1 Form B)"",""Contact Rating (Current)"":""10 A"",""Switching Voltage"":""690VAC - Max"",""Features"":""-"",""Termination Style"":""Screw Terminal"",""Operating Temperature"":""-25°C ~ 50°C"",""Must Operate Voltage"":""96 VAC"",""Must Release Voltage"":""24 VAC"",""Series"":""TeSys""}"
"CA4KN40BW3","K CONTROL RELAY 4NO 24V DC LOW C","Schneider Electric","Motor Control","81","0","K CONTROL RELAY 4NO 24V DC LOW C","https://media.distributordatasolutions.com/228/schneider_synd_json/2386c55d9ffc7c66ae6d81863c4687f94ef466f1.pdf","{""Mounting Type"":""Chassis Mount, DIN Rail"",""Coil Voltage"":""24VDC"",""Contact Form"":""4PST-NO (4 Form A)"",""Contact Rating (Current)"":""10 A"",""Switching Voltage"":""690VAC - Max"",""Features"":""Diode"",""Termination Style"":""Screw Terminal"",""Operating Temperature"":""-25°C ~ 50°C"",""Must Operate Voltage"":""16.8 VDC"",""Must Release Voltage"":""2.4 VDC"",""Series"":""TeSys""}"
"LRD07","TESYS THERMAL OVERLOAD 1.6-2.5A","Schneider Electric","Motor Control","90.66","0","TESYS THERMAL OVERLOAD 1.6-2.5A","https://media.distributordatasolutions.com/228/schneider_synd_json/60b3da3998d028107ce884af345901d25b7f38de.pdf","{""Accessory Type"":""Thermal Overload Relay"",""For Use With/Related Products"":""LC1D Contactors"",""Series"":""TeSys""}"
"LC1D09B7","TESYS 3P CTR 9A AC3 4KW 1NO1NC24","Schneider Electric","Motor Control","105.2","0","TESYS 3P CTR 9A AC3 4KW 1NO1NC24","https://media.distributordatasolutions.com/228/schneider_synd_json/14437948b0b6e00c4990f77823a03ae9b9c8fe42.pdf","{""Mounting Type"":""Chassis Mount, DIN Rail"",""Coil Voltage"":""24VAC"",""Contact Form"":""3PST-NO (3 Form A)"",""Contact Rating (Current)"":""9 A"",""Switching Voltage"":""690VAC, 300VDC - Max"",""Features"":""Auxiliary Contacts"",""Termination Style"":""Screw Terminal"",""Operating Temperature"":""-40°C ~ 70°C"",""Must Operate Voltage"":""20.4 VAC"",""Must Release Voltage"":""7.2 VAC"",""Series"":""TeSys""}"
"LC1DT20G7","TESYS CONTACTOR","Schneider Electric","Motor Control","117.52","0","TESYS CONTACTOR","https://media.distributordatasolutions.com/228/schneider_synd_json/69b2626c7afa35dbc1698942e2385fc7e54308cc.pdf","{""Mounting Type"":""Chassis Mount, DIN Rail"",""Coil Voltage"":""120VAC"",""Contact Form"":""4PST-NO (4 Form A)"",""Contact Rating (Current)"":""20 A"",""Switching Voltage"":""690VAC, 300VDC - Max"",""Features"":""Auxiliary Contacts"",""Termination Style"":""Screw Terminal"",""Operating Temperature"":""-40°C ~ 70°C"",""Must Operate Voltage"":""96 VAC"",""Must Release Voltage"":""36 VAC"",""Series"":""TeSys""}"
"LC1D09JL","TESYS CONTACTOR","Schneider Electric","Motor Control","120.99","0","TESYS CONTACTOR","https://media.distributordatasolutions.com/228/schneider_synd_json/d053839e97aad876d033d57a0fded04b4ff59ff3.pdf","{""Mounting Type"":""Chassis Mount, DIN Rail"",""Coil Voltage"":""12VDC"",""Contact Form"":""3PST-NO (3 Form A)"",""Contact Rating (Current)"":""9 A"",""Switching Voltage"":""690VAC, 300VDC - Max"",""Features"":""Auxiliary Contacts, Diode"",""Termination Style"":""Screw Terminal"",""Operating Temperature"":""-40°C ~ 70°C"",""Must Operate Voltage"":""9.6 VDC"",""Must Release Voltage"":""1.2 VDC"",""Series"":""TeSys""}"
"LC1D096BL","TESYS CONTACTOR","Schneider Electric","Motor Control","127.04","0","TESYS CONTACTOR","https://media.distributordatasolutions.com/228/schneider_synd_json/683f61d6492f27451c8c724294e6cd37ade4d459.pdf","{""Mounting Type"":""Chassis Mount, DIN Rail"",""Coil Voltage"":""24VDC"",""Contact Form"":""3PST-NO (3 Form A)"",""Contact Rating (Current)"":""9 A"",""Switching Voltage"":""440VAC - Max"",""Features"":""Auxiliary Contacts"",""Termination Style"":""Screw Terminal"",""Operating Temperature"":""-40°C ~ 60°C"",""Must Operate Voltage"":""-"",""Must Release Voltage"":""2.4 VDC"",""Series"":""TeSys""}"
"LC1D12BL","TESYS 3P CTR 9A AC3 5.5KW 1NO1NC","Schneider Electric","Motor Control","138.97","0","TESYS 3P CTR 9A AC3 5.5KW 1NO1NC","https://media.distributordatasolutions.com/228/schneider_synd_json/1954f3864e34e90466142fa997ea8198da891910.pdf","{""Mounting Type"":""Chassis Mount, DIN Rail"",""Coil Voltage"":""24VDC"",""Contact Form"":""3PST-NO (3 Form A)"",""Contact Rating (Current)"":""25 A"",""Switching Voltage"":""690VAC - Max"",""Features"":""Auxiliary Contacts"",""Termination Style"":""Screw Terminal"",""Operating Temperature"":""-40°C ~ 60°C"",""Must Operate Voltage"":""19.2 VDC"",""Must Release Voltage"":""2.4 VDC"",""Series"":""TeSys""}"
"SQR73102WH","PIR OCC/VAC CEILING MNT SENSOR W","Schneider Electric","Sensors & Switches","56.52","0","PIR OCC/VAC CEILING MNT SENSOR W","https://media.distributordatasolutions.com/228/schneider_synd_json/53eccc284d969e90463854d83c769e30f6e83309.pdf","{""Sensor Type"":""Passive Infrared"",""Voltage - Supply"":""120V ~ 277V"",""Coverage"":""-"",""Output Type"":""-"",""Mounting Type"":""Ceiling"",""Color"":""White"",""Operating Temperature"":""-"",""Manual Override"":""No"",""Series"":""X""}"
"SQR73101WH","PIR OCC/VAC SWITCH COMM SINGLE P","Schneider Electric","Sensors & Switches","46.69","0","PIR OCC/VAC SWITCH COMM SINGLE P","https://media.distributordatasolutions.com/228/schneider_synd_json/fa627087a0079a5d153ec990aae968015d755305.pdf","{""Sensor Type"":""Passive Infrared"",""Voltage - Supply"":""120V ~ 277V"",""Coverage"":""-"",""Output Type"":""-"",""Mounting Type"":""Chassis Mount"",""Color"":""White"",""Operating Temperature"":""-"",""Manual Override"":""No"",""Series"":""X""}"
"SQR73101LA","PIR OCC/VAC SWITCH COMM SINGLE P","Schneider Electric","Sensors & Switches","46.69","0","PIR OCC/VAC SWITCH COMM SINGLE P","https://media.distributordatasolutions.com/228/schneider_synd_json/16c9535cab1576b993d22ad61fa4933bbe9713bb.pdf","{""Sensor Type"":""Passive Infrared"",""Voltage - Supply"":""120V ~ 277V"",""Coverage"":""-"",""Output Type"":""-"",""Mounting Type"":""Chassis Mount"",""Color"":""Almond, Light"",""Operating Temperature"":""-"",""Manual Override"":""No"",""Series"":""X""}"
"SQR73101GY","PIR OCC/VAC SWITCH COMM SINGLE P","Schneider Electric","Sensors & Switches","46.69","0","PIR OCC/VAC SWITCH COMM SINGLE P","https://media.distributordatasolutions.com/228/schneider_synd_json/f3df089a1655b28f804ccc254fb2f462b498564c.pdf","{""Sensor Type"":""Passive Infrared"",""Voltage - Supply"":""120V ~ 277V"",""Coverage"":""-"",""Output Type"":""-"",""Mounting Type"":""Chassis Mount"",""Color"":""Gray"",""Operating Temperature"":""-"",""Manual Override"":""No"",""Series"":""X""}"
"SQR73101BK","PIR OCC/VAC SWITCH COMM SINGLE P","Schneider Electric","Sensors & Switches","46.69","0","PIR OCC/VAC SWITCH COMM SINGLE P","https://media.distributordatasolutions.com/228/schneider_synd_json/69fc8c214acc1eed7dcbc3bf5bb0b32fae84297e.pdf","{""Sensor Type"":""Passive Infrared"",""Voltage - Supply"":""120V ~ 277V"",""Coverage"":""-"",""Output Type"":""-"",""Mounting Type"":""Chassis Mount"",""Color"":""Black"",""Operating Temperature"":""-"",""Manual Override"":""No"",""Series"":""X""}"
"9002AW2","FOOT SWITCH SPDT 5A 600V","Schneider Electric","Sensors & Switches","341.98","0","FOOT SWITCH SPDT 5A 600V","https://media.distributordatasolutions.com/228/schneider_synd_json/064e1329409c1ce19e47662d62d8172d71d2c283.pdf","{""Circuit"":""SPDT"",""Switch Function"":""On-Mom"",""Current Rating (Amps)"":""5A (AC/DC)"",""Voltage Rating - AC"":""600 V"",""Voltage Rating - DC"":""600 V"",""Actuator Type"":""Foot Switch"",""Mounting Type"":""-"",""Termination Style"":""Screw Terminal"",""Ingress Protection"":""-"",""Features"":""-"",""Operating Force"":""-"",""Release Force"":""-"",""Operating Position"":""-"",""Pretravel"":""-"",""Differential Travel"":""-"",""Overtravel"":""-"",""Mechanical Life"":""-"",""Electrical Life"":""-"",""Operating Temperature"":""-"",""Series"":""Harmony 9002AW""}"
"9002AW132","FOOT SWITCH SPDT 5A 600V","Schneider Electric","Sensors & Switches","706.56","0","FOOT SWITCH SPDT 5A 600V","https://media.distributordatasolutions.com/228/schneider_synd_json/3cbb6f5cde35505b9e06129c7df27a1da8f27b3f.pdf","{""Circuit"":""SPDT"",""Switch Function"":""On-Mom"",""Current Rating (Amps)"":""5A (AC/DC)"",""Voltage Rating - AC"":""600 V"",""Voltage Rating - DC"":""600 V"",""Actuator Type"":""Foot Switch"",""Mounting Type"":""Chassis Mount"",""Termination Style"":""Screw Terminal"",""Ingress Protection"":""-"",""Features"":""-"",""Operating Force"":""-"",""Release Force"":""-"",""Operating Position"":""-"",""Pretravel"":""-"",""Differential Travel"":""-"",""Overtravel"":""-"",""Mechanical Life"":""-"",""Electrical Life"":""-"",""Operating Temperature"":""-"",""Series"":""Harmony 9002AW""}"
"9002AW117","FOOT SWITCH SPDT 5A 600V","Schneider Electric","Sensors & Switches","706.56","0","FOOT SWITCH SPDT 5A 600V","https://media.distributordatasolutions.com/228/schneider_synd_json/0b851678622d1eb44bc272bbdba2069d88476603.pdf","{""Circuit"":""SPDT"",""Switch Function"":""On-Mom"",""Current Rating (Amps)"":""5A (AC/DC)"",""Voltage Rating - AC"":""600 V"",""Voltage Rating - DC"":""600 V"",""Actuator Type"":""Foot Switch"",""Mounting Type"":""-"",""Termination Style"":""Screw Terminal"",""Ingress Protection"":""-"",""Features"":""-"",""Operating Force"":""-"",""Release Force"":""-"",""Operating Position"":""-"",""Pretravel"":""-"",""Differential Travel"":""-"",""Overtravel"":""-"",""Mechanical Life"":""-"",""Electrical Life"":""-"",""Operating Temperature"":""-"",""Series"":""Harmony 9002AW""}"
"XPEM111","FOOT SWITCH DPST 3A 240V","Schneider Electric","Sensors & Switches","354.12","0","FOOT SWITCH DPST 3A 240V","https://www.se.com/ww/en/product/download-pdf/XPEM111","{""Circuit"":""DPST-NO/NC"",""Switch Function"":""On-Off, Off-On"",""Current Rating (Amps)"":""3A (AC), 270mA (DC)"",""Voltage Rating - AC"":""240 V"",""Voltage Rating - DC"":""250 V"",""Actuator Type"":""Foot Switch"",""Mounting Type"":""Chassis Mount"",""Termination Style"":""Screw Terminal"",""Ingress Protection"":""IP66 - Dust Tight, Water Resistant"",""Features"":""-"",""Operating Force"":""-"",""Release Force"":""-"",""Operating Position"":""-"",""Pretravel"":""-"",""Differential Travel"":""-"",""Overtravel"":""-"",""Mechanical Life"":""15,000,000 Cycles"",""Electrical Life"":""-"",""Operating Temperature"":""-25°C ~ 70°C"",""Series"":""Harmony XPE""}"
"9002AW14","FOOT SWITCH DPDT 0.6A 600V","Schneider Electric","Sensors & Switches","496.47","0","FOOT SWITCH DPDT 0.6A 600V","https://media.distributordatasolutions.com/228/schneider_synd_json/8e10a2a5a50e44a4ae8af56a5f9df576e725bf2e.pdf","{""Circuit"":""DPDT"",""Switch Function"":""On-Mom"",""Current Rating (Amps)"":""600mA (AC/DC)"",""Voltage Rating - AC"":""600 V"",""Voltage Rating - DC"":""600 V"",""Actuator Type"":""Foot Switch"",""Mounting Type"":""-"",""Termination Style"":""Screw Terminal"",""Ingress Protection"":""-"",""Features"":""-"",""Operating Force"":""-"",""Release Force"":""-"",""Operating Position"":""-"",""Pretravel"":""-"",""Differential Travel"":""-"",""Overtravel"":""-"",""Mechanical Life"":""-"",""Electrical Life"":""-"",""Operating Temperature"":""-"",""Series"":""Harmony 9002AW""}"
"XENT2991","LIMIT SWITCH","Schneider Electric","Sensors & Switches","48.47","0","LIMIT SWITCH","https://media.distributordatasolutions.com/228/schneider_synd_json/e8e5ed29314e33182fa5f353bacb66c7371bf57c.pdf","{""Accessory Type"":""Contact Block"",""For Use With/Related Products"":""Harmony XAC Series"",""Series"":""Harmony XAC""}"
"XPEM110H2","FOOT SWITCH DPST 3A 240V","Schneider Electric","Sensors & Switches","324.45","0","FOOT SWITCH DPST 3A 240V","http://pdf.schneider-electric.nu/Generatepdf.aspx?salesorgid=78&dist=849&lang=42&form=no&documenttype=plain&productid=XPEM110H2","{""Circuit"":""DPST-NO/NC"",""Switch Function"":""On-Off, Off-On"",""Current Rating (Amps)"":""3A (AC), 270mA (DC)"",""Voltage Rating - AC"":""240 V"",""Voltage Rating - DC"":""250 V"",""Actuator Type"":""Foot Switch"",""Mounting Type"":""Chassis Mount"",""Termination Style"":""Screw Terminal"",""Ingress Protection"":""IP66 - Dust Tight, Water Resistant"",""Features"":""-"",""Operating Force"":""-"",""Release Force"":""-"",""Operating Position"":""-"",""Pretravel"":""-"",""Differential Travel"":""-"",""Overtravel"":""-"",""Mechanical Life"":""15,000,000 Cycles"",""Electrical Life"":""-"",""Operating Temperature"":""-25°C ~ 70°C"",""Series"":""Harmony XPE"",""Pack Size"":""9""}"
"XPER229","FOOT SWITCH 4PST 3A 240V","Schneider Electric","Sensors & Switches","367.97","0","FOOT SWITCH 4PST 3A 240V","http://pdf.schneider-electric.nu/Generatepdf.aspx?salesorgid=78&dist=849&lang=42&form=no&documenttype=plain&productid=XPER229","{""Circuit"":""4PST-2NO/2NC"",""Switch Function"":""On-Off, Off-On"",""Current Rating (Amps)"":""3A (AC), 270mA (DC)"",""Voltage Rating - AC"":""240 V"",""Voltage Rating - DC"":""250 V"",""Actuator Type"":""Foot Switch"",""Mounting Type"":""Chassis Mount"",""Termination Style"":""Screw Terminal"",""Ingress Protection"":""IP66 - Dust Tight, Water Resistant"",""Features"":""-"",""Operating Force"":""-"",""Release Force"":""-"",""Operating Position"":""-"",""Pretravel"":""-"",""Differential Travel"":""-"",""Overtravel"":""-"",""Mechanical Life"":""15,000,000 Cycles"",""Electrical Life"":""-"",""Operating Temperature"":""-25°C ~ 70°C"",""Series"":""Harmony XPE"",""Pack Size"":""8""}"
"9002AW7","FOOT SWITCH SPDT 0.6A 600V","Schneider Electric","Sensors & Switches","496.47","0","FOOT SWITCH SPDT 0.6A 600V","https://media.distributordatasolutions.com/schneider_synd/2022q3/documents/e131f57d52bf63dcd184382386c088314a09ead6.pdf","{""Circuit"":""SPDT"",""Switch Function"":""On-Mom"",""Current Rating (Amps)"":""600mA (AC/DC)"",""Voltage Rating - AC"":""600 V"",""Voltage Rating - DC"":""600 V"",""Actuator Type"":""Foot Switch"",""Mounting Type"":""-"",""Termination Style"":""Screw Terminal"",""Ingress Protection"":""-"",""Features"":""-"",""Operating Force"":""-"",""Release Force"":""-"",""Operating Position"":""-"",""Pretravel"":""-"",""Differential Travel"":""-"",""Overtravel"":""-"",""Mechanical Life"":""-"",""Electrical Life"":""-"",""Operating Temperature"":""-"",""Series"":""Harmony 9002AW""}"
"9002AW6","FOOT SWITCH SPDT 5A 600V","Schneider Electric","Sensors & Switches","511.55","0","FOOT SWITCH SPDT 5A 600V","https://media.distributordatasolutions.com/228/schneider_synd_json/eeecc404da71cebf9cac47a8c4c791929d5b2d06.pdf","{""Circuit"":""SPDT"",""Switch Function"":""On-Mom"",""Current Rating (Amps)"":""5A (AC/DC)"",""Voltage Rating - AC"":""600 V"",""Voltage Rating - DC"":""600 V"",""Actuator Type"":""Foot Switch"",""Mounting Type"":""-"",""Termination Style"":""Screw Terminal"",""Ingress Protection"":""-"",""Features"":""-"",""Operating Force"":""-"",""Release Force"":""-"",""Operating Position"":""-"",""Pretravel"":""-"",""Differential Travel"":""-"",""Overtravel"":""-"",""Mechanical Life"":""-"",""Electrical Life"":""-"",""Operating Temperature"":""-"",""Series"":""Harmony 9002AW""}"
"9002AW13","FOOT SWITCH DPDT 0.6A 600V","Schneider Electric","Sensors & Switches","541.7","0","FOOT SWITCH DPDT 0.6A 600V","https://media.distributordatasolutions.com/228/schneider_synd_json/3d30d57ccd980dbe57145028d3c99e60256a93ba.pdf","{""Circuit"":""DPDT"",""Switch Function"":""On-Mom"",""Current Rating (Amps)"":""600mA (AC/DC)"",""Voltage Rating - AC"":""600 V"",""Voltage Rating - DC"":""600 V"",""Actuator Type"":""Foot Switch"",""Mounting Type"":""Chassis Mount"",""Termination Style"":""Screw Terminal"",""Ingress Protection"":""-"",""Features"":""-"",""Operating Force"":""-"",""Release Force"":""-"",""Operating Position"":""-"",""Pretravel"":""-"",""Differential Travel"":""-"",""Overtravel"":""-"",""Mechanical Life"":""-"",""Electrical Life"":""-"",""Operating Temperature"":""-"",""Series"":""Harmony 9002AW""}"
"XPEM310","FOOT SW METAL BLUE COVER 1STEP 1","Schneider Electric","Sensors & Switches","585.6","0","FOOT SW METAL BLUE COVER 1STEP 1","https://www.se.com/us/en/product/download-pdf/XPEM310","{""Circuit"":""DPST-NO/NC"",""Switch Function"":""On-Off, Off-On"",""Current Rating (Amps)"":""3A (AC), 0.27A (DC)"",""Voltage Rating - AC"":""240 V"",""Voltage Rating - DC"":""250 V"",""Actuator Type"":""Foot Switch"",""Mounting Type"":""Chassis Mount"",""Termination Style"":""Screw Terminal"",""Ingress Protection"":""IP66 - Dust Tight, Water Resistant"",""Features"":""-"",""Operating Force"":""-"",""Release Force"":""-"",""Operating Position"":""-"",""Pretravel"":""-"",""Differential Travel"":""-"",""Overtravel"":""-"",""Mechanical Life"":""15,000,000 Cycles"",""Electrical Life"":""-"",""Operating Temperature"":""-25°C ~ 70°C"",""Series"":""Harmony XPE""}"
"9002AW15","FOOT SWITCH DPDT 0.6A 600V","Schneider Electric","Sensors & Switches","651.92","0","FOOT SWITCH DPDT 0.6A 600V","https://media.distributordatasolutions.com/228/schneider_synd_json/845e20ce5eece8c7fbafc92e05ad7335496af96c.pdf","{""Circuit"":""DPDT"",""Switch Function"":""On-Mom"",""Current Rating (Amps)"":""600mA (AC/DC)"",""Voltage Rating - AC"":""600 V"",""Voltage Rating - DC"":""600 V"",""Actuator Type"":""Foot Switch"",""Mounting Type"":""-"",""Termination Style"":""Screw Terminal"",""Ingress Protection"":""-"",""Features"":""-"",""Operating Force"":""-"",""Release Force"":""-"",""Operating Position"":""-"",""Pretravel"":""-"",""Differential Travel"":""-"",""Overtravel"":""-"",""Mechanical Life"":""-"",""Electrical Life"":""-"",""Operating Temperature"":""-"",""Series"":""Harmony 9002AW""}"
"XPSBAT12A1AP","ESTOP, GUARD, OSSD, PNP/PNP 24 V","Schneider Electric","Safety","435.24","0","ESTOP, GUARD, OSSD, PNP/PNP 24 V","https://media.distributordatasolutions.com/228/schneider_synd_json/d828e5508057091f5b7562f62c852c2445dce573.pdf","{""Controller Type"":""General Purpose"",""Number of Inputs and Type"":""2 - Digital"",""Safety Outputs and Type"":""Relay (3)"",""Auxiliary Outputs and Type"":""-"",""Contact Rating @ Voltage"":""5A @ 24VAC/DC"",""Safety Category"":""Category 4, PLe, SIL3"",""Voltage - Supply"":""24VAC/DC"",""Mounting Type"":""DIN Rail"",""Termination Style"":""Screw Terminal"",""Operating Temperature"":""-25°C ~ 55°C"",""Ingress Protection"":""IP20"",""Features"":""-"",""Series"":""-""}"
"XPSUDN13AP","SAFETY MODULE, HARMONY SAFETY AU","Schneider Electric","Safety","478.39","0","SAFETY MODULE, HARMONY SAFETY AU","https://media.distributordatasolutions.com/228/schneider_synd_json/2c211dd588bea84e79780ecfd0416a8ff85e64e6.pdf","{""Controller Type"":""General Purpose"",""Number of Inputs and Type"":""6 - Digital"",""Safety Outputs and Type"":""Relay (7)"",""Auxiliary Outputs and Type"":""Relay (4)"",""Contact Rating @ Voltage"":""-"",""Safety Category"":""Category 4"",""Voltage - Supply"":""24VAC/DC"",""Mounting Type"":""DIN Rail"",""Termination Style"":""Screw Terminal"",""Operating Temperature"":""-25°C ~ 55°C"",""Ingress Protection"":""IP20"",""Features"":""-"",""Series"":""Harmony XPS""}"
"TM3SAF5R","SAFETY MODULE, MODICON TM3 SAFET","Schneider Electric","Safety","386.97","0","SAFETY MODULE, MODICON TM3 SAFET","https://media.distributordatasolutions.com/228/schneider_synd_json/eac63d90341c2c33de64f5aaf9a5da708ebf84ac.pdf","{""Controller Type"":""General Purpose"",""Number of Inputs and Type"":""-"",""Safety Outputs and Type"":""Relay (3)"",""Auxiliary Outputs and Type"":""-"",""Contact Rating @ Voltage"":""-"",""Safety Category"":""Category 4"",""Voltage - Supply"":""24VDC"",""Mounting Type"":""DIN Rail"",""Termination Style"":""Screw Terminal"",""Operating Temperature"":""-10°C ~ 55°C"",""Ingress Protection"":""IP20"",""Features"":""-"",""Series"":""Modicon TM3""}"
"XPSUS12AC","SAFETY MODULE, HARMONY SAFETY AU","Schneider Electric","Safety","419.16","0","SAFETY MODULE, HARMONY SAFETY AU","https://media.distributordatasolutions.com/228/schneider_synd_json/10af296fbae06accb3599c893add9dbfda834d1b.pdf","{""Controller Type"":""General Purpose"",""Number of Inputs and Type"":""2 - Digital"",""Safety Outputs and Type"":""Relay (3)"",""Auxiliary Outputs and Type"":""Relay (2)"",""Contact Rating @ Voltage"":""-"",""Safety Category"":""Category 4"",""Voltage - Supply"":""24VAC/DC"",""Mounting Type"":""DIN Rail"",""Termination Style"":""Screw Terminal"",""Operating Temperature"":""-25°C ~ 85°C"",""Ingress Protection"":""IP20"",""Features"":""-"",""Series"":""Harmony XPS""}"
"XPSUVN11AP","ZERO SPEED MONITORING 24 V SCREW","Schneider Electric","Safety","680.84","0","ZERO SPEED MONITORING 24 V SCREW","https://media.distributordatasolutions.com/228/schneider_synd_json/29093cac9cda954a61c707e680825a0a1777b261.pdf","{""Controller Type"":""General Purpose"",""Number of Inputs and Type"":""-"",""Safety Outputs and Type"":""Relay (1), Solid State (2)"",""Auxiliary Outputs and Type"":""-"",""Contact Rating @ Voltage"":""5A @ 24VAC/DC"",""Safety Category"":""Category 3, PLe, SIL3"",""Voltage - Supply"":""24VAC/DC"",""Mounting Type"":""DIN Rail"",""Termination Style"":""Screw Terminal"",""Operating Temperature"":""-25°C ~ 55°C"",""Ingress Protection"":""IP20"",""Features"":""Delay Time 0.5 ~ 60sec"",""Series"":""-""}"
"XPSMCMRO0004","4 SAFETY RELAY OUTPUT EXPANSION","Schneider Electric","Safety","682.92","0","4 SAFETY RELAY OUTPUT EXPANSION","https://media.distributordatasolutions.com/228/schneider_synd_json/6692ad3b9cf0a71916469629078798201128ee69.pdf","{""Controller Type"":""Expansion Module"",""Number of Inputs and Type"":""-"",""Safety Outputs and Type"":""-"",""Auxiliary Outputs and Type"":""-"",""Contact Rating @ Voltage"":""-"",""Safety Category"":""-"",""Voltage - Supply"":""24VDC"",""Mounting Type"":""DIN Rail"",""Termination Style"":""Screw Terminal"",""Operating Temperature"":""-10°C ~ 55°C"",""Ingress Protection"":""IP20"",""Features"":""-"",""Series"":""Modicon""}"
"TM3SAC5RG","SAFETY MODULE, MODICON TM3 SAFET","Schneider Electric","Safety","358.21","0","SAFETY MODULE, MODICON TM3 SAFET","https://media.distributordatasolutions.com/228/schneider_synd_json/b30306f13d08c66d07b656673ae726a76e341ac0.pdf","{""Controller Type"":""General Purpose"",""Number of Inputs and Type"":""-"",""Safety Outputs and Type"":""Relay (3)"",""Auxiliary Outputs and Type"":""-"",""Contact Rating @ Voltage"":""-"",""Safety Category"":""Category 3"",""Voltage - Supply"":""24VDC"",""Mounting Type"":""DIN Rail"",""Termination Style"":""Spring Terminal"",""Operating Temperature"":""-10°C ~ 55°C"",""Ingress Protection"":""IP20"",""Features"":""-"",""Series"":""Modicon TM3""}"
"TM3SAC5R","SAFETY MODULE, MODICON TM3 SAFET","Schneider Electric","Safety","358.21","0","SAFETY MODULE, MODICON TM3 SAFET","https://media.distributordatasolutions.com/228/schneider_synd_json/b9a71de2db5a7dfe36ed572877eed526c71c2a68.pdf","{""Controller Type"":""General Purpose"",""Number of Inputs and Type"":""-"",""Safety Outputs and Type"":""Relay (3)"",""Auxiliary Outputs and Type"":""-"",""Contact Rating @ Voltage"":""-"",""Safety Category"":""Category 3"",""Voltage - Supply"":""24VDC"",""Mounting Type"":""DIN Rail"",""Termination Style"":""Screw Terminal"",""Operating Temperature"":""-10°C ~ 55°C"",""Ingress Protection"":""IP20"",""Features"":""-"",""Series"":""Modicon TM3""}"
"XPSUEP14AC","SAFETY MODULE, HARMONY XPSU, CAT","Schneider Electric","Safety","281.01","0","SAFETY MODULE, HARMONY XPSU, CAT","https://media.distributordatasolutions.com/228/schneider_synd_json/bd07e5e6cfa4160243a70ebe18ebb293b5b1f2e5.pdf","{""Controller Type"":""General Purpose"",""Number of Inputs and Type"":""-"",""Safety Outputs and Type"":""Relay (7)"",""Auxiliary Outputs and Type"":""Solid State (4)"",""Contact Rating @ Voltage"":""5A @ 24VAC/DC"",""Safety Category"":""Category 4, PLe, SIL3"",""Voltage - Supply"":""24VAC/DC"",""Mounting Type"":""DIN Rail"",""Termination Style"":""Screw Terminal"",""Operating Temperature"":""-25°C ~ 85°C"",""Ingress Protection"":""IP20"",""Features"":""-"",""Series"":""Harmony XPS""}"
"XPSUS32AC","SAFETY MODULE, HARMONY XPSU, CAT","Schneider Electric","Safety","461.07","0","SAFETY MODULE, HARMONY XPSU, CAT","https://media.distributordatasolutions.com/228/schneider_synd_json/de3df743a8c931db80cc55b509df3c991cd29ccd.pdf","{""Controller Type"":""General Purpose"",""Number of Inputs and Type"":""2 - Digital"",""Safety Outputs and Type"":""Relay (3)"",""Auxiliary Outputs and Type"":""Solid State (2)"",""Contact Rating @ Voltage"":""5A @ 48~240VAC/DC"",""Safety Category"":""Category 4"",""Voltage - Supply"":""48 ~ 240VAC/DC"",""Mounting Type"":""DIN Rail"",""Termination Style"":""Screw Terminal"",""Operating Temperature"":""-25°C ~ 85°C"",""Ingress Protection"":""IP20"",""Features"":""-"",""Series"":""Harmony XPS""}"
"TM3SAK6R","SAFETY MODULE, MODICON TM3 SAFET","Schneider Electric","Safety","545.15","0","SAFETY MODULE, MODICON TM3 SAFET","https://media.distributordatasolutions.com/228/schneider_synd_json/1823e5682e30c39bbbd2fee47796b6933cbdd6e1.pdf","{""Controller Type"":""General Purpose"",""Number of Inputs and Type"":""-"",""Safety Outputs and Type"":""Relay (3)"",""Auxiliary Outputs and Type"":""-"",""Contact Rating @ Voltage"":""-"",""Safety Category"":""Category 4"",""Voltage - Supply"":""24VDC"",""Mounting Type"":""DIN Rail"",""Termination Style"":""Screw Terminal"",""Operating Temperature"":""-10°C ~ 55°C"",""Ingress Protection"":""IP20"",""Features"":""-"",""Series"":""Modicon TM3""}"
"XPSUAK32AP","SAFETY MODULE UAK CAT.4 48-240V","Schneider Electric","Safety","372.42","0","SAFETY MODULE UAK CAT.4 48-240V","https://media.distributordatasolutions.com/228/schneider_synd_json/3d3f05725ce317e2ddbef5a01a8d7c4a54e525b4.pdf","{""Mounting Type"":""DIN Rail"",""Coil Voltage"":""48 ~ 240VAC/DC"",""Contact Form"":""-"",""Contact Rating (Current)"":""8 A"",""Switching Voltage"":""-"",""Features"":""Lighted Indicator"",""Termination Style"":""Screw Terminal"",""Must Operate Voltage"":""-"",""Must Release Voltage"":""-"",""Operating Temperature"":""-25°C ~ 55°C"",""Contact Material"":""-"",""Series"":""Harmony XPS""}"
"TM3SAFL5R","SAFETY MODULE, MODICON TM3 SAFET","Schneider Electric","Safety","386.97","0","SAFETY MODULE, MODICON TM3 SAFET","https://media.distributordatasolutions.com/228/schneider_synd_json/7b05214a33bd8aeac81897c765483bfb6298466f.pdf","{""Controller Type"":""General Purpose"",""Number of Inputs and Type"":""-"",""Safety Outputs and Type"":""Relay (3)"",""Auxiliary Outputs and Type"":""-"",""Contact Rating @ Voltage"":""-"",""Safety Category"":""Category 3"",""Voltage - Supply"":""24VDC"",""Mounting Type"":""DIN Rail"",""Termination Style"":""Screw Terminal"",""Operating Temperature"":""-10°C ~ 55°C"",""Ingress Protection"":""IP20"",""Features"":""-"",""Series"":""Modicon TM3""}"
"XPSUAT13A3AC","SAFETY MODULE, HARMONY SAFETY AU","Schneider Electric","Safety","615.55","0","SAFETY MODULE, HARMONY SAFETY AU","https://media.distributordatasolutions.com/228/schneider_synd_json/5fb21dd160e09b69eaaf0d986ad88023ef2b3d67.pdf","{""Controller Type"":""General Purpose"",""Number of Inputs and Type"":""3 - Digital"",""Safety Outputs and Type"":""Relay (4)"",""Auxiliary Outputs and Type"":""Relay (7)"",""Contact Rating @ Voltage"":""-"",""Safety Category"":""Category 4"",""Voltage - Supply"":""24VAC/DC"",""Mounting Type"":""DIN Rail"",""Termination Style"":""Screw Terminal"",""Operating Temperature"":""-25°C ~ 85°C"",""Ingress Protection"":""IP20"",""Features"":""-"",""Series"":""Harmony XPS""}"
"XPSUAT33A3AC","SAFETY MODULE, HARMONY SAFETY AU","Schneider Electric","Safety","677.11","0","SAFETY MODULE, HARMONY SAFETY AU","https://media.distributordatasolutions.com/228/schneider_synd_json/b7ed12bce6abb2978b9422cc701d1b17c60b680a.pdf","{""Controller Type"":""General Purpose"",""Number of Inputs and Type"":""3 - Digital"",""Safety Outputs and Type"":""Relay (4)"",""Auxiliary Outputs and Type"":""-"",""Contact Rating @ Voltage"":""-"",""Safety Category"":""Category 4"",""Voltage - Supply"":""48 ~ 240VAC/DC"",""Mounting Type"":""DIN Rail"",""Termination Style"":""Screw Terminal"",""Operating Temperature"":""-25°C ~ 85°C"",""Ingress Protection"":""IP20"",""Features"":""-"",""Series"":""Harmony XPS""}"
"TM3SAFL5RG","SAFETY MODULE, MODICON TM3 SAFET","Schneider Electric","Safety","386.97","0","SAFETY MODULE, MODICON TM3 SAFET","https://media.distributordatasolutions.com/228/schneider_synd_json/41028d72b55b353bb0175f749e887cc2f04dcb9a.pdf","{""Controller Type"":""General Purpose"",""Number of Inputs and Type"":""-"",""Safety Outputs and Type"":""Relay (3)"",""Auxiliary Outputs and Type"":""-"",""Contact Rating @ Voltage"":""-"",""Safety Category"":""Category 3"",""Voltage - Supply"":""24VDC"",""Mounting Type"":""DIN Rail"",""Termination Style"":""Screw Terminal"",""Operating Temperature"":""-10°C ~ 55°C"",""Ingress Protection"":""IP20"",""Features"":""-"",""Series"":""Modicon TM3""}"
"ABLS1A24031","AC/DC DIN RAIL SUPPLY 24V 75W","Schneider Electric","Power Supplies","155.81","0","AC/DC DIN RAIL SUPPLY 24V 75W","https://media.distributordatasolutions.com/228/schneider_synd_json/4a1210c3497494740d687052b6325b2506c17559.pdf","{""Input Type"":""AC or DC"",""Number of Outputs"":""1"",""AC Voltage - Input"":""100 ~ 240 VAC"",""DC Voltage - Input (Min)"":""140V"",""DC Voltage - Input (Max)"":""340V"",""Voltage - Output 1"":""24V"",""Voltage - Output 2"":""-"",""Voltage - Output 3"":""-"",""Voltage - Output 4"":""-"",""Voltage - Output 5"":""-"",""Voltage - Output 6"":""-"",""Current - Output (Max)"":""3.13A"",""Power (Watts)"":""75W"",""Voltage - Isolation"":""3 kV"",""Applications"":""ITE (Commercial), Laboratory"",""Efficiency"":""88%"",""Operating Temperature"":""-20°C ~ 70°C (With Derating)"",""Features"":""IP20, Universal Input"",""Size / Dimension"":""4.02\"" L x 1.06\"" W x 4.87\"" H (102.0mm x 27.0mm x 123.6mm)"",""Approval Agency"":""CB, CE, CSA, CuL, EAC, EN, IEC, KC, NEC Class 2, UL"",""Standard Number"":""60950-1; 61010-1; 62368-1"",""Series"":""-""}"
"ABL8RPS24050","AC/DC DIN RAIL SUPPLY 24V 120W","Schneider Electric","Power Supplies","386.84","0","AC/DC DIN RAIL SUPPLY 24V 120W","https://media.distributordatasolutions.com/228/schneider_synd_json/6d7e36e38bf4a24cb0d5326d177ee6ae25d8a765.pdf","{""Input Type"":""AC"",""Number of Outputs"":""1"",""AC Voltage - Input"":""100 ~ 120 VAC, 200 ~ 500 VAC"",""DC Voltage - Input (Min)"":""-"",""DC Voltage - Input (Max)"":""-"",""Voltage - Output 1"":""24V"",""Voltage - Output 2"":""-"",""Voltage - Output 3"":""-"",""Voltage - Output 4"":""-"",""Voltage - Output 5"":""-"",""Voltage - Output 6"":""-"",""Current - Output (Max)"":""5A"",""Power (Watts)"":""120W"",""Voltage - Isolation"":""4 kV"",""Applications"":""Industrial, ITE (Commercial)"",""Efficiency"":""87%"",""Operating Temperature"":""-25°C ~ 60°C (With Derating)"",""Features"":""IP20"",""Size / Dimension"":""4.92\"" L x 2.20\"" W x 5.63\"" H (125.0mm x 56.0mm x 143.0mm)"",""Approval Agency"":""CE, cCSAus, CSA, EAC, EN, IEC, KC, RCM, UL"",""Standard Number"":""60950-1; 62368-1; UL 508"",""Series"":""-""}"
"ABLS1A24050","AC/DC DIN RAIL SUPPLY 24V 120W","Schneider Electric","Power Supplies","247.14","0","AC/DC DIN RAIL SUPPLY 24V 120W","https://media.distributordatasolutions.com/228/schneider_synd_json/d691cdc98f5886b2a7c5f95002db359c4f5d7bcd.pdf","{""Input Type"":""AC or DC"",""Number of Outputs"":""1"",""AC Voltage - Input"":""100 ~ 240 VAC"",""DC Voltage - Input (Min)"":""140V"",""DC Voltage - Input (Max)"":""340V"",""Voltage - Output 1"":""24V"",""Voltage - Output 2"":""-"",""Voltage - Output 3"":""-"",""Voltage - Output 4"":""-"",""Voltage - Output 5"":""-"",""Voltage - Output 6"":""-"",""Current - Output (Max)"":""5A"",""Power (Watts)"":""120W"",""Voltage - Isolation"":""3 kV"",""Applications"":""ITE (Commercial)"",""Efficiency"":""88%"",""Operating Temperature"":""-20°C ~ 70°C (With Derating)"",""Features"":""IP20, Universal Input"",""Size / Dimension"":""4.63\"" L x 1.57\"" W x 4.87\"" H (117.6mm x 40.0mm x 123.6mm)"",""Approval Agency"":""CB, CE, CSA, CuL, EAC, EN, IEC, KC, NEC Class 2, UL"",""Standard Number"":""60950-1; 62368-1"",""Series"":""-""}"
"ABLS1A12062","AC/DC DIN RAIL SUPPLY 12V 75W","Schneider Electric","Power Supplies","123.57","0","AC/DC DIN RAIL SUPPLY 12V 75W","https://media.distributordatasolutions.com/228/schneider_synd_json/98d60a877ffc07fd35e08d5392245299aed2026e.pdf","{""Input Type"":""AC or DC"",""Number of Outputs"":""1"",""AC Voltage - Input"":""100 ~ 240 VAC"",""DC Voltage - Input (Min)"":""140V"",""DC Voltage - Input (Max)"":""340V"",""Voltage - Output 1"":""12V"",""Voltage - Output 2"":""-"",""Voltage - Output 3"":""-"",""Voltage - Output 4"":""-"",""Voltage - Output 5"":""-"",""Voltage - Output 6"":""-"",""Current - Output (Max)"":""6.25A"",""Power (Watts)"":""75W"",""Voltage - Isolation"":""3 kV"",""Applications"":""ITE (Commercial), Laboratory"",""Efficiency"":""87%"",""Operating Temperature"":""-20°C ~ 70°C (With Derating)"",""Features"":""IP20, Universal Input"",""Size / Dimension"":""4.02\"" L x 1.06\"" W x 4.87\"" H (102.0mm x 27.0mm x 123.6mm)"",""Approval Agency"":""CB, CE, CSA, CuL, EAC, EN, IEC, KC, NEC Class 2, UL"",""Standard Number"":""60950-1; 61010-1; 62368-1"",""Series"":""-""}"
"BVS240XDPDR","EASY UPS CONTROL MODULE, 24V DC-","Schneider Electric","Power Supplies","153.57","0","EASY UPS CONTROL MODULE, 24V DC-","https://media.distributordatasolutions.com/228/schneider_synd_json/4dd0ca1a1c97f1d73db64feb3ea06c8354c75050.pdf","{""Type"":""Line Interactive (Input Regulation)"",""Voltage - Input"":""24V"",""Applications"":""General Purpose, Industrial Control"",""Form"":""Din Rail"",""Power - Rated"":""240W"",""AC Outlets"":""1 (UPS)"",""Backup Time - Max Load"":""-"",""Media Lines Protected"":""-"",""Voltage - Output"":""24V"",""Input Connector"":""-"",""Output Connector"":""-"",""Cord Length"":""-"",""Approval Agency"":""CE, TUV"",""Size / Dimension"":""4.685\"" L x 1.575\"" W (119.00mm x 40.00mm)"",""Height"":""5.079\"" (129.00mm)"",""Series"":""-""}"
"ABLM1A24012","AC/DC DIN RAIL SUPPLY 24V 30W","Schneider Electric","Power Supplies","155.84","0","AC/DC DIN RAIL SUPPLY 24V 30W","https://media.distributordatasolutions.com/228/schneider_synd_json/8f7c04fb52ca25df4d7a8fe90bdac83dc1db3a13.pdf","{""Input Type"":""AC"",""Number of Outputs"":""1"",""AC Voltage - Input"":""100 ~ 240 VAC"",""DC Voltage - Input (Min)"":""-"",""DC Voltage - Input (Max)"":""-"",""Voltage - Output 1"":""24V"",""Voltage - Output 2"":""-"",""Voltage - Output 3"":""-"",""Voltage - Output 4"":""-"",""Voltage - Output 5"":""-"",""Voltage - Output 6"":""-"",""Current - Output (Max)"":""1.25A"",""Power (Watts)"":""30W"",""Voltage - Isolation"":""3 kV"",""Applications"":""ITE (Commercial), Laboratory"",""Efficiency"":""87%"",""Operating Temperature"":""-25°C ~ 70°C (With Derating)"",""Features"":""IP20, Universal Input"",""Size / Dimension"":""2.19\"" L x 1.42\"" W x 3.58\"" H (55.6mm x 36.1mm x 90.9mm)"",""Approval Agency"":""CB, CE, CSA, CuL, EAC, EN, IEC, KC, NEC Class 2, UL"",""Standard Number"":""60950-1; 61010-1; 62368-1"",""Series"":""-""}"
"ABLM1A24025","AC/DC DIN RAIL SUPPLY 24V 60W","Schneider Electric","Power Supplies","197.71","0","AC/DC DIN RAIL SUPPLY 24V 60W","https://media.distributordatasolutions.com/228/schneider_synd_json/ce2a6a6666a860fdd1d5335ae345d840451b42cb.pdf","{""Input Type"":""AC"",""Number of Outputs"":""1"",""AC Voltage - Input"":""100 ~ 240 VAC"",""DC Voltage - Input (Min)"":""-"",""DC Voltage - Input (Max)"":""-"",""Voltage - Output 1"":""24V"",""Voltage - Output 2"":""-"",""Voltage - Output 3"":""-"",""Voltage - Output 4"":""-"",""Voltage - Output 5"":""-"",""Voltage - Output 6"":""-"",""Current - Output (Max)"":""2.5A"",""Power (Watts)"":""60W"",""Voltage - Isolation"":""3 kV"",""Applications"":""ITE (Commercial), Laboratory"",""Efficiency"":""90%"",""Operating Temperature"":""-25°C ~ 70°C (With Derating)"",""Features"":""IP20, Universal Input"",""Size / Dimension"":""2.19\"" L x 2.09\"" W x 3.58\"" H (55.6mm x 53.1mm x 90.9mm)"",""Approval Agency"":""CB, CE, CSA, CuL, EAC, EN, IEC, KC, NEC Class 2, UL"",""Standard Number"":""60950-1; 61010-1; 62368-1"",""Series"":""-""}"
"ABL8RPS24030","AC/DC DIN RAIL SUPPLY 24V 72W","Schneider Electric","Power Supplies","290.14","0","AC/DC DIN RAIL SUPPLY 24V 72W","https://media.distributordatasolutions.com/schneider_synd/2022q1/documents/86ba9a30830ce5affe162a84e39e78aa5899489f.pdf","{""Input Type"":""AC"",""Number of Outputs"":""1"",""AC Voltage - Input"":""100 ~ 120 VAC, 200 ~ 500 VAC"",""DC Voltage - Input (Min)"":""-"",""DC Voltage - Input (Max)"":""-"",""Voltage - Output 1"":""24V"",""Voltage - Output 2"":""-"",""Voltage - Output 3"":""-"",""Voltage - Output 4"":""-"",""Voltage - Output 5"":""-"",""Voltage - Output 6"":""-"",""Current - Output (Max)"":""3A"",""Power (Watts)"":""72W"",""Voltage - Isolation"":""4 kV"",""Applications"":""Industrial, ITE (Commercial)"",""Efficiency"":""87%"",""Operating Temperature"":""-25°C ~ 60°C (With Derating)"",""Features"":""Adjustable Output, IP20, PFC"",""Size / Dimension"":""4.92\"" L x 1.77\"" W x 4.92\"" H (125.0mm x 45.0mm x 125.0mm)"",""Approval Agency"":""CE, cCSAus, CSA, EAC, EN, IEC, KC, RCM, UL"",""Standard Number"":""60950-1; 62368-1; UL 508"",""Series"":""-""}"
"ABLS1A24100","AC/DC DIN RAIL SUPPLY 24V 240W","Schneider Electric","Power Supplies","338.48","0","AC/DC DIN RAIL SUPPLY 24V 240W","https://media.distributordatasolutions.com/228/schneider_synd_json/3b179cf7a8ac2c3d328a9e423f60a4ecf5c8ce86.pdf","{""Input Type"":""AC or DC"",""Number of Outputs"":""1"",""AC Voltage - Input"":""100 ~ 240 VAC"",""DC Voltage - Input (Min)"":""140V"",""DC Voltage - Input (Max)"":""340V"",""Voltage - Output 1"":""24V"",""Voltage - Output 2"":""-"",""Voltage - Output 3"":""-"",""Voltage - Output 4"":""-"",""Voltage - Output 5"":""-"",""Voltage - Output 6"":""-"",""Current - Output (Max)"":""10A"",""Power (Watts)"":""240W"",""Voltage - Isolation"":""3 kV"",""Applications"":""ITE (Commercial)"",""Efficiency"":""88%"",""Operating Temperature"":""-20°C ~ 70°C (With Derating)"",""Features"":""IP20, Universal Input"",""Size / Dimension"":""4.63\"" L x 2.36\"" W x 4.87\"" H (117.6mm x 60.0mm x 123.6mm)"",""Approval Agency"":""CB, CE, CSA, CuL, EAC, EN, IEC, KC, NEC Class 2, UL"",""Standard Number"":""60950-1; 62368-1"",""Series"":""-""}"
"ABLS1A24200","AC/DC DIN RAIL SUPPLY 24V 480W","Schneider Electric","Power Supplies","392.2","0","AC/DC DIN RAIL SUPPLY 24V 480W","https://media.distributordatasolutions.com/228/schneider_synd_json/92bb131f9ad3538efbf76916d9d5f52fea1448d5.pdf","{""Input Type"":""AC or DC"",""Number of Outputs"":""1"",""AC Voltage - Input"":""100 ~ 240 VAC"",""DC Voltage - Input (Min)"":""140V"",""DC Voltage - Input (Max)"":""340V"",""Voltage - Output 1"":""24V"",""Voltage - Output 2"":""-"",""Voltage - Output 3"":""-"",""Voltage - Output 4"":""-"",""Voltage - Output 5"":""-"",""Voltage - Output 6"":""-"",""Current - Output (Max)"":""20A"",""Power (Watts)"":""480W"",""Voltage - Isolation"":""3 kV"",""Applications"":""ITE (Commercial), Laboratory"",""Efficiency"":""88%"",""Operating Temperature"":""-20°C ~ 70°C (With Derating)"",""Features"":""PFC"",""Size / Dimension"":""5.06\"" L x 3.37\"" W x 4.87\"" H (128.5mm x 85.6mm x 123.7mm)"",""Approval Agency"":""CB, CE, cUL, EAC, KC"",""Standard Number"":""61010-1; 62368-1"",""Series"":""-""}"
"ABLU3A24200","POWER SUPPLY 24V 20A 3PH UNIVERS","Schneider Electric","Power Supplies","408.32","0","POWER SUPPLY 24V 20A 3PH UNIVERS","https://media.distributordatasolutions.com/228/schneider_synd_json/b27781fdf19a298e4235f27f8028646f7cada9b0.pdf","{""Input Type"":""AC"",""Number of Outputs"":""1"",""AC Voltage - Input"":""380 ~ 500 VAC"",""DC Voltage - Input (Min)"":""-"",""DC Voltage - Input (Max)"":""-"",""Voltage - Output 1"":""24V"",""Voltage - Output 2"":""-"",""Voltage - Output 3"":""-"",""Voltage - Output 4"":""-"",""Voltage - Output 5"":""-"",""Voltage - Output 6"":""-"",""Current - Output (Max)"":""20A"",""Power (Watts)"":""480W"",""Voltage - Isolation"":""4 kV"",""Applications"":""ITE (Commercial)"",""Efficiency"":""93%"",""Operating Temperature"":""-25°C ~ 70°C (With Derating)"",""Features"":""Universal Input"",""Size / Dimension"":""5.01\"" L x 2.56\"" W x 4.88\"" H (127.3mm x 65.0mm x 124.0mm)"",""Approval Agency"":""CB, CE, cUL, EAC, KC, RCM, UKCA"",""Standard Number"":""60950-1; 62368-1"",""Series"":""-""}"
"ABL8RPS24100","AC/DC DIN RAIL SUPPLY 24V 240W","Schneider Electric","Power Supplies","564.13","0","AC/DC DIN RAIL SUPPLY 24V 240W","https://media.distributordatasolutions.com/schneider_synd/2022q1/documents/99b35dd47a81dae5a911f5d19e359f2fadbda50d.pdf","{""Input Type"":""AC"",""Number of Outputs"":""1"",""AC Voltage - Input"":""100 ~ 120 VAC, 200 ~ 500 VAC"",""DC Voltage - Input (Min)"":""-"",""DC Voltage - Input (Max)"":""-"",""Voltage - Output 1"":""24V"",""Voltage - Output 2"":""-"",""Voltage - Output 3"":""-"",""Voltage - Output 4"":""-"",""Voltage - Output 5"":""-"",""Voltage - Output 6"":""-"",""Current - Output (Max)"":""10A"",""Power (Watts)"":""240W"",""Voltage - Isolation"":""4 kV"",""Applications"":""Industrial, ITE (Commercial)"",""Efficiency"":""87%"",""Operating Temperature"":""-25°C ~ 60°C (With Derating)"",""Features"":""IP20"",""Size / Dimension"":""5.71\"" L x 3.39\"" W x 4.92\"" H (145.0mm x 86.0mm x 125.0mm)"",""Approval Agency"":""CE, cCSAus, CSA, EAC, EN, IEC, KC, RCM, UL"",""Standard Number"":""60950-1; 62368-1; UL 508"",""Series"":""-""}"
"ABLU3A24400","POWER SUPPLY 24V 40A 3PH UNIVERS","Schneider Electric","Power Supplies","601.74","0","POWER SUPPLY 24V 40A 3PH UNIVERS","https://media.distributordatasolutions.com/228/schneider_synd_json/18743f2d810e1f990f12080af2dabd53afe7d9f9.pdf","{""Input Type"":""AC"",""Number of Outputs"":""1"",""AC Voltage - Input"":""380 ~ 500 VAC"",""DC Voltage - Input (Min)"":""-"",""DC Voltage - Input (Max)"":""-"",""Voltage - Output 1"":""24V"",""Voltage - Output 2"":""-"",""Voltage - Output 3"":""-"",""Voltage - Output 4"":""-"",""Voltage - Output 5"":""-"",""Voltage - Output 6"":""-"",""Current - Output (Max)"":""40A"",""Power (Watts)"":""960W"",""Voltage - Isolation"":""4 kV"",""Applications"":""ITE (Commercial)"",""Efficiency"":""95%"",""Operating Temperature"":""-25°C ~ 70°C (With Derating)"",""Features"":""Adjustable Output, Universal Input"",""Size / Dimension"":""5.07\"" L x 4.30\"" W x 4.90\"" H (128.8mm x 109.2mm x 124.5mm)"",""Approval Agency"":""CB, CE, cUL, EAC, KC, RCM, UKCA"",""Standard Number"":""60950-1; 62368-1"",""Series"":""-""}"
"ABLU3A48200","POWER SUPPLY 48V 20A 3PH UNIVERS","Schneider Electric","Power Supplies","644.74","0","POWER SUPPLY 48V 20A 3PH UNIVERS","https://media.distributordatasolutions.com/228/schneider_synd_json/67a08f0e8a4674c9c332dedce7d851ad4e24a85b.pdf","{""Input Type"":""AC"",""Number of Outputs"":""1"",""AC Voltage - Input"":""380 ~ 500 VAC"",""DC Voltage - Input (Min)"":""-"",""DC Voltage - Input (Max)"":""-"",""Voltage - Output 1"":""48V"",""Voltage - Output 2"":""-"",""Voltage - Output 3"":""-"",""Voltage - Output 4"":""-"",""Voltage - Output 5"":""-"",""Voltage - Output 6"":""-"",""Current - Output (Max)"":""20A"",""Power (Watts)"":""960W"",""Voltage - Isolation"":""4 kV"",""Applications"":""ITE (Commercial)"",""Efficiency"":""95%"",""Operating Temperature"":""-25°C ~ 70°C (With Derating)"",""Features"":""Universal Input"",""Size / Dimension"":""5.07\"" L x 4.30\"" W x 4.90\"" H (128.8mm x 109.2mm x 124.5mm)"",""Approval Agency"":""CB, CE, cUL, EAC, KC, RCM, UKCA"",""Standard Number"":""60950-1; 62368-1"",""Series"":""-""}"
"ABLS1A12100","AC/DC DIN RAIL SUPPLY 12V 120W","Schneider Electric","Power Supplies","171.87","0","AC/DC DIN RAIL SUPPLY 12V 120W","https://media.distributordatasolutions.com/228/schneider_synd_json/72b33540084ff3dce0aa5f4e242e6391bd929a84.pdf","{""Input Type"":""AC or DC"",""Number of Outputs"":""1"",""AC Voltage - Input"":""100 ~ 240 VAC"",""DC Voltage - Input (Min)"":""140V"",""DC Voltage - Input (Max)"":""340V"",""Voltage - Output 1"":""12V"",""Voltage - Output 2"":""-"",""Voltage - Output 3"":""-"",""Voltage - Output 4"":""-"",""Voltage - Output 5"":""-"",""Voltage - Output 6"":""-"",""Current - Output (Max)"":""10A"",""Power (Watts)"":""120W"",""Voltage - Isolation"":""3 kV"",""Applications"":""ITE (Commercial), Laboratory"",""Efficiency"":""86%"",""Operating Temperature"":""-20°C ~ 70°C (With Derating)"",""Features"":""IP20, Universal Input"",""Size / Dimension"":""4.63\"" L x 1.57\"" W x 4.87\"" H (117.6mm x 40.0mm x 123.6mm)"",""Approval Agency"":""CB, CE, CSA, CuL, EAC, EN, IEC, KC, NEC Class 2, UL"",""Standard Number"":""60950-1; 61010-1; 62368-1"",""Series"":""-""}"
"ABL8RPM24200","AC/DC DIN RAIL SUPPLY 24V 480W","Schneider Electric","Power Supplies","769.38","0","AC/DC DIN RAIL SUPPLY 24V 480W","https://media.distributordatasolutions.com/schneider_synd/2022q1/documents/fa6173dafce7c92808cf4794037927a11ae846b1.pdf","{""Input Type"":""AC"",""Number of Outputs"":""1"",""AC Voltage - Input"":""85 ~ 132 VAC, 170 ~ 264 VAC"",""DC Voltage - Input (Min)"":""-"",""DC Voltage - Input (Max)"":""-"",""Voltage - Output 1"":""24V"",""Voltage - Output 2"":""-"",""Voltage - Output 3"":""-"",""Voltage - Output 4"":""-"",""Voltage - Output 5"":""-"",""Voltage - Output 6"":""-"",""Current - Output (Max)"":""20A"",""Power (Watts)"":""480W"",""Voltage - Isolation"":""500 V"",""Applications"":""Industrial, ITE (Commercial)"",""Efficiency"":""88%"",""Operating Temperature"":""-25°C ~ 60°C (With Derating)"",""Features"":""Adjustable Output, IP10, IP20"",""Size / Dimension"":""5.71\"" L x 5.75\"" W x 4.92\"" H (145.0mm x 146.0mm x 125.0mm)"",""Approval Agency"":""CE, cCSAus, CSA, EAC, EN, IEC, KC, RCM, UL"",""Standard Number"":""60950-1; 62368-1; UL 508"",""Series"":""-""}"
"ABLU3A24050","POWER SUPPLY 24V 5A 3PH UNIVERSA","Schneider Electric","Power Supplies","214.91","0","POWER SUPPLY 24V 5A 3PH UNIVERSA","https://media.distributordatasolutions.com/228/schneider_synd_json/01e56dd1d1e687ba551a5a66fa8e45d820303d35.pdf","{""Input Type"":""AC"",""Number of Outputs"":""1"",""AC Voltage - Input"":""380 ~ 500 VAC"",""DC Voltage - Input (Min)"":""-"",""DC Voltage - Input (Max)"":""-"",""Voltage - Output 1"":""24V"",""Voltage - Output 2"":""-"",""Voltage - Output 3"":""-"",""Voltage - Output 4"":""-"",""Voltage - Output 5"":""-"",""Voltage - Output 6"":""-"",""Current - Output (Max)"":""5A"",""Power (Watts)"":""120W"",""Voltage - Isolation"":""4 kV"",""Applications"":""ITE (Commercial)"",""Efficiency"":""86.5%"",""Operating Temperature"":""-25°C ~ 70°C (With Derating)"",""Features"":""Universal Input"",""Size / Dimension"":""4.90\"" L x 1.50\"" W x 4.90\"" H (124.5mm x 38.1mm x 124.5mm)"",""Approval Agency"":""CB, CE, cUL, EAC, KC, RCM, UKCA"",""Standard Number"":""60950-1; 62368-1"",""Series"":""-""}"
"ABLS1A48050","POWER SUPPLY 48V 5A 1PH OPTIMIZE","Schneider Electric","Power Supplies","250.06","0","POWER SUPPLY 48V 5A 1PH OPTIMIZE","https://media.distributordatasolutions.com/228/schneider_synd_json/268a7c4a35513d2e58e6b2f62229e0c2ded12f36.pdf","{""Input Type"":""AC or DC"",""Number of Outputs"":""1"",""AC Voltage - Input"":""100 ~ 240 VAC"",""DC Voltage - Input (Min)"":""140V"",""DC Voltage - Input (Max)"":""375V"",""Voltage - Output 1"":""48V"",""Voltage - Output 2"":""-"",""Voltage - Output 3"":""-"",""Voltage - Output 4"":""-"",""Voltage - Output 5"":""-"",""Voltage - Output 6"":""-"",""Current - Output (Max)"":""5A"",""Power (Watts)"":""240W"",""Voltage - Isolation"":""3 kV"",""Applications"":""ITE (Commercial)"",""Efficiency"":""88%"",""Operating Temperature"":""-20°C ~ 70°C (With Derating)"",""Features"":""Universal Input"",""Size / Dimension"":""4.60\"" L x 2.40\"" W x 4.90\"" H (116.8mm x 61.0mm x 124.5mm)"",""Approval Agency"":""CB, CE, cUL, EAC, KC, RCM, UKCA"",""Standard Number"":""60950-1; 62368-1"",""Series"":""-""}"
"ABLU3A24100","POWER SUPPLY 24V 10A 3PH UNIVERS","Schneider Electric","Power Supplies","272.29","0","POWER SUPPLY 24V 10A 3PH UNIVERS","https://media.distributordatasolutions.com/228/schneider_synd_json/51e9fafb316adfbbbf7ac2de0e2d6b43a99405b6.pdf","{""Input Type"":""AC"",""Number of Outputs"":""1"",""AC Voltage - Input"":""380 ~ 500 VAC"",""DC Voltage - Input (Min)"":""-"",""DC Voltage - Input (Max)"":""-"",""Voltage - Output 1"":""24V"",""Voltage - Output 2"":""-"",""Voltage - Output 3"":""-"",""Voltage - Output 4"":""-"",""Voltage - Output 5"":""-"",""Voltage - Output 6"":""-"",""Current - Output (Max)"":""10A"",""Power (Watts)"":""240W"",""Voltage - Isolation"":""4 kV"",""Applications"":""ITE (Commercial)"",""Efficiency"":""89.5%"",""Operating Temperature"":""-25°C ~ 70°C (With Derating)"",""Features"":""Universal Input"",""Size / Dimension"":""4.90\"" L x 2.00\"" W x 4.90\"" H (124.5mm x 50.8mm x 124.5mm)"",""Approval Agency"":""CB, CE, cUL, EAC, KC, RCM, UKCA"",""Standard Number"":""60950-1; 62368-1"",""Series"":""-""}"
"ABLS1A48100","POWER SUPPLY 48V 10A 1PH OPTIMIZ","Schneider Electric","Power Supplies","446.71","0","POWER SUPPLY 48V 10A 1PH OPTIMIZ","https://media.distributordatasolutions.com/228/schneider_synd_json/382ef6f57091fe40f0225a092643b3829d90e326.pdf","{""Input Type"":""AC or DC"",""Number of Outputs"":""1"",""AC Voltage - Input"":""100 ~ 240 VAC"",""DC Voltage - Input (Min)"":""140V"",""DC Voltage - Input (Max)"":""375V"",""Voltage - Output 1"":""48V"",""Voltage - Output 2"":""-"",""Voltage - Output 3"":""-"",""Voltage - Output 4"":""-"",""Voltage - Output 5"":""-"",""Voltage - Output 6"":""-"",""Current - Output (Max)"":""10A"",""Power (Watts)"":""240W"",""Voltage - Isolation"":""3 kV"",""Applications"":""ITE (Commercial)"",""Efficiency"":""88%"",""Operating Temperature"":""-40°C ~ 70°C (With Derating)"",""Features"":""Universal Input"",""Size / Dimension"":""5.06\"" L x 3.40\"" W x 4.90\"" H (128.5mm x 86.4mm x 124.5mm)"",""Approval Agency"":""CB, CE, cUL, EAC, KC, RCM, UKCA"",""Standard Number"":""60950-1; 62368-1"",""Series"":""-""}"
"MCSESM053F1CS0","ETHERNET SWITCH, INDUSTRIAL MANA","Schneider Electric","Industrial Networking","1401.22","0","ETHERNET SWITCH, INDUSTRIAL MANA","https://media.distributordatasolutions.com/228/schneider_synd_json/bf07cd6746f51426a4801252c31dffb4f21255b5.pdf","{""Type"":""Switch - Managed"",""Configuration"":""Fixed"",""Number of Ports"":""5"",""Copper Ports"":""4"",""Copper Type"":""10/100"",""Fiber Ports"":""1"",""Fiber Type"":""100BASE-FX (Singlemode)"",""SFP/XFP Ports"":""-"",""SFP/XFP Type"":""-"",""Connector Type"":""RJ45, SC"",""Voltage - Input"":""9.6V ~ 32V"",""Ingress Protection"":""IP30"",""Mounting Type"":""DIN Rail"",""Operating Temperature"":""0°C ~ 60°C"",""Grade"":""-"",""Qualification"":""-"",""Series"":""-""}"
"MCSESP083F23G0","ETHERNET SWITCH, INDUSTRIAL POE","Schneider Electric","Industrial Networking","3207.59","0","ETHERNET SWITCH, INDUSTRIAL POE","https://media.distributordatasolutions.com/228/schneider_synd_json/b21e6be3665babfab3ebcb929c4100a2e5569f55.pdf","{""Type"":""Switch - Managed"",""Configuration"":""Fixed"",""Number of Ports"":""8"",""Copper Ports"":""8"",""Copper Type"":""10/100/1000"",""Fiber Ports"":""-"",""Fiber Type"":""-"",""SFP/XFP Ports"":""-"",""SFP/XFP Type"":""-"",""PoE Ports"":""8"",""Connector Type"":""RJ45"",""Voltage - Input"":""18V ~ 30V"",""Ingress Protection"":""IP30"",""Mounting Type"":""DIN Rail"",""Operating Temperature"":""0°C ~ 60°C"",""Grade"":""-"",""Qualification"":""-"",""Series"":""-""}"
"MCSESM083F23F0","ETHERNET SWITCH, INDUSTRIAL MANA","Schneider Electric","Industrial Networking","1418.1","0","ETHERNET SWITCH, INDUSTRIAL MANA","https://media.distributordatasolutions.com/228/schneider_synd_json/6567762924aa00783939524eb3917aab4a9838b4.pdf","{""Type"":""Switch - Managed"",""Configuration"":""Fixed"",""Number of Ports"":""8"",""Copper Ports"":""8"",""Copper Type"":""10/100"",""Fiber Ports"":""-"",""Fiber Type"":""-"",""SFP/XFP Ports"":""-"",""SFP/XFP Type"":""-"",""Connector Type"":""RJ45"",""Voltage - Input"":""9.6V ~ 32V"",""Ingress Protection"":""IP30"",""Mounting Type"":""DIN Rail"",""Operating Temperature"":""0°C ~ 60°C"",""Grade"":""-"",""Qualification"":""-"",""Series"":""-""}"
"MCSESM063F2CS0","ETHERNET SWITCH, INDUSTRIAL MANA","Schneider Electric","Industrial Networking","1627.92","0","ETHERNET SWITCH, INDUSTRIAL MANA","https://media.distributordatasolutions.com/228/schneider_synd_json/f77eb70b4f279af2417e77794a46d4dbd3f2e3c9.pdf","{""Type"":""Switch - Managed"",""Configuration"":""Fixed"",""Number of Ports"":""6"",""Copper Ports"":""4"",""Copper Type"":""10/100"",""Fiber Ports"":""2"",""Fiber Type"":""100BASE-FX (Singlemode)"",""SFP/XFP Ports"":""-"",""SFP/XFP Type"":""-"",""Connector Type"":""RJ45, SC"",""Voltage - Input"":""9.6V ~ 32V"",""Ingress Protection"":""IP30"",""Mounting Type"":""DIN Rail"",""Operating Temperature"":""0°C ~ 60°C"",""Grade"":""-"",""Qualification"":""-"",""Series"":""-""}"
"MCSESM103F2CU0","ETHERNET SWITCH, INDUSTRIAL MANA","Schneider Electric","Industrial Networking","2110.26","0","ETHERNET SWITCH, INDUSTRIAL MANA","https://media.distributordatasolutions.com/228/schneider_synd_json/f0221ba26e3bebe9384edfb8d60bcfa55de76918.pdf","{""Type"":""Switch - Managed"",""Configuration"":""Fixed"",""Number of Ports"":""10"",""Copper Ports"":""8"",""Copper Type"":""10/100"",""Fiber Ports"":""2"",""Fiber Type"":""100BASE-FX (Multimode)"",""SFP/XFP Ports"":""-"",""SFP/XFP Type"":""-"",""Connector Type"":""RJ45, SC"",""Voltage - Input"":""9.6V ~ 32V"",""Ingress Protection"":""IP30"",""Mounting Type"":""DIN Rail"",""Operating Temperature"":""0°C ~ 60°C"",""Grade"":""-"",""Qualification"":""-"",""Series"":""-""}"
"MCSESM123F2LG0","ETHERNET SWITCH, INDUSTRIAL MANA","Schneider Electric","Industrial Networking","2279.08","0","ETHERNET SWITCH, INDUSTRIAL MANA","https://media.distributordatasolutions.com/228/schneider_synd_json/e389adb12f03af6e27e570856ae41f0cf8540928.pdf","{""Type"":""Switch - Managed"",""Configuration"":""Fixed + SFP"",""Number of Ports"":""12"",""Copper Ports"":""8"",""Copper Type"":""10/100"",""Fiber Ports"":""4"",""Fiber Type"":""SFP"",""SFP/XFP Ports"":""4"",""SFP/XFP Type"":""SFP"",""Connector Type"":""RJ45, SFP"",""Voltage - Input"":""9.6V ~ 32V"",""Ingress Protection"":""IP30"",""Mounting Type"":""DIN Rail"",""Operating Temperature"":""0°C ~ 60°C"",""Grade"":""-"",""Qualification"":""-"",""Series"":""-""}"
"MCSESM103F2CS0","ETHERNET SWITCH, INDUSTRIAL MANA","Schneider Electric","Industrial Networking","2399.67","0","ETHERNET SWITCH, INDUSTRIAL MANA","https://media.distributordatasolutions.com/228/schneider_synd_json/850a8a97126095b1890d01c5cc4a11c9372e3fa4.pdf","{""Type"":""Switch - Managed"",""Configuration"":""Fixed"",""Number of Ports"":""10"",""Copper Ports"":""8"",""Copper Type"":""10/100"",""Fiber Ports"":""2"",""Fiber Type"":""100BASE-FX (Singlemode)"",""SFP/XFP Ports"":""-"",""SFP/XFP Type"":""-"",""Connector Type"":""RJ45, SC"",""Voltage - Input"":""9.6V ~ 32V"",""Ingress Protection"":""IP30"",""Mounting Type"":""DIN Rail"",""Operating Temperature"":""0°C ~ 60°C"",""Grade"":""-"",""Qualification"":""-"",""Series"":""-""}"
"MCSESM053F1CU0","ETHERNET SWITCH, INDUSTRIAL MANA","Schneider Electric","Industrial Networking","1181.75","0","ETHERNET SWITCH, INDUSTRIAL MANA","https://media.distributordatasolutions.com/228/schneider_synd_json/5d4a1bf90e45f9ae83edfb13ee82bd73996c3528.pdf","{""Type"":""Switch - Managed"",""Configuration"":""Fixed"",""Number of Ports"":""5"",""Copper Ports"":""4"",""Copper Type"":""10/100"",""Fiber Ports"":""1"",""Fiber Type"":""100BASE-FX (Multimode)"",""SFP/XFP Ports"":""-"",""SFP/XFP Type"":""-"",""Connector Type"":""RJ45, SC"",""Voltage - Input"":""9.6V ~ 32V"",""Ingress Protection"":""IP30"",""Mounting Type"":""DIN Rail"",""Operating Temperature"":""0°C ~ 60°C"",""Grade"":""-"",""Qualification"":""-"",""Series"":""-""}"
"MCSESM063F2CU0","ETHERNET SWITCH, INDUSTRIAL MANA","Schneider Electric","Industrial Networking","1459.1","0","ETHERNET SWITCH, INDUSTRIAL MANA","https://media.distributordatasolutions.com/228/schneider_synd_json/ee38a07d56c004f134a45b0797826ccbcd8f4de1.pdf","{""Type"":""Switch - Managed"",""Configuration"":""Fixed"",""Number of Ports"":""6"",""Copper Ports"":""4"",""Copper Type"":""10/100"",""Fiber Ports"":""2"",""Fiber Type"":""100BASE-FX (Multimode)"",""SFP/XFP Ports"":""-"",""SFP/XFP Type"":""-"",""Connector Type"":""RJ45, SC"",""Voltage - Input"":""9.6V ~ 32V"",""Ingress Protection"":""IP30"",""Mounting Type"":""DIN Rail"",""Operating Temperature"":""0°C ~ 60°C"",""Grade"":""-"",""Qualification"":""-"",""Series"":""-""}"
"MCSESM083F23F0H","ETHERNET SWITCH, INDUSTRIAL MANA","Schneider Electric","Industrial Networking","1772.62","0","ETHERNET SWITCH, INDUSTRIAL MANA","https://media.distributordatasolutions.com/228/schneider_synd_json/29f024be8e67b2e07db891264a27a6edf9b65de4.pdf","{""Type"":""Switch - Managed"",""Configuration"":""Fixed"",""Number of Ports"":""8"",""Copper Ports"":""8"",""Copper Type"":""10/100"",""Fiber Ports"":""-"",""Fiber Type"":""-"",""SFP/XFP Ports"":""-"",""SFP/XFP Type"":""-"",""Connector Type"":""RJ45"",""Voltage - Input"":""9.6V ~ 32V"",""Ingress Protection"":""IP30"",""Mounting Type"":""DIN Rail"",""Operating Temperature"":""-40°C ~ 70°C"",""Grade"":""-"",""Qualification"":""-"",""Series"":""-""}"
"MCSESM093F1CU0","ETHERNET SWITCH, INDUSTRIAL MANA","Schneider Electric","Industrial Networking","1772.62","0","ETHERNET SWITCH, INDUSTRIAL MANA","https://media.distributordatasolutions.com/228/schneider_synd_json/03a8a8628f77f0dd3ad03e725313828112709c3b.pdf","{""Type"":""Switch - Managed"",""Configuration"":""Fixed"",""Number of Ports"":""9"",""Copper Ports"":""8"",""Copper Type"":""10/100"",""Fiber Ports"":""1"",""Fiber Type"":""100BASE-FX (Multimode)"",""SFP/XFP Ports"":""-"",""SFP/XFP Type"":""-"",""Connector Type"":""RJ45, SC"",""Voltage - Input"":""9.6V ~ 32V"",""Ingress Protection"":""IP30"",""Mounting Type"":""DIN Rail"",""Operating Temperature"":""0°C ~ 60°C"",""Grade"":""-"",""Qualification"":""-"",""Series"":""-""}"
"MCSESM093F1CS0","ETHERNET SWITCH, INDUSTRIAL MANA","Schneider Electric","Industrial Networking","2110.26","0","ETHERNET SWITCH, INDUSTRIAL MANA","https://media.distributordatasolutions.com/228/schneider_synd_json/85ba9473e5425b9a6a6338572e2807b312a13da8.pdf","{""Type"":""Switch - Managed"",""Configuration"":""Fixed"",""Number of Ports"":""9"",""Copper Ports"":""8"",""Copper Type"":""10/100"",""Fiber Ports"":""1"",""Fiber Type"":""100BASE-FX (Singlemode)"",""SFP/XFP Ports"":""-"",""SFP/XFP Type"":""-"",""Connector Type"":""RJ45, SC"",""Voltage - Input"":""9.6V ~ 32V"",""Ingress Protection"":""IP30"",""Mounting Type"":""DIN Rail"",""Operating Temperature"":""0°C ~ 60°C"",""Grade"":""-"",""Qualification"":""-"",""Series"":""-""}"
"MCSESM103F2CU0H","ETHERNET SWITCH, INDUSTRIAL MANA","Schneider Electric","Industrial Networking","2637.82","0","ETHERNET SWITCH, INDUSTRIAL MANA","https://media.distributordatasolutions.com/228/schneider_synd_json/c07f372ffe6eebbd329f77b2e666c0f65c327e59.pdf","{""Type"":""Switch - Managed"",""Configuration"":""Fixed"",""Number of Ports"":""10"",""Copper Ports"":""8"",""Copper Type"":""10/100"",""Fiber Ports"":""2"",""Fiber Type"":""100BASE-FX (Multimode)"",""SFP/XFP Ports"":""-"",""SFP/XFP Type"":""-"",""Connector Type"":""RJ45, SC"",""Voltage - Input"":""9.6V ~ 32V"",""Ingress Protection"":""IP30"",""Mounting Type"":""DIN Rail"",""Operating Temperature"":""-40°C ~ 70°C"",""Grade"":""-"",""Qualification"":""-"",""Series"":""-""}"
"MCSESM103F2CS0H","ETHERNET SWITCH, INDUSTRIAL MANA","Schneider Electric","Industrial Networking","2999.58","0","ETHERNET SWITCH, INDUSTRIAL MANA","https://media.distributordatasolutions.com/228/schneider_synd_json/3d81915bfcbaae1d573add777c280b60c5b3b123.pdf","{""Type"":""Switch - Managed"",""Configuration"":""Fixed"",""Number of Ports"":""10"",""Copper Ports"":""8"",""Copper Type"":""10/100"",""Fiber Ports"":""2"",""Fiber Type"":""100BASE-FX (Singlemode)"",""SFP/XFP Ports"":""-"",""SFP/XFP Type"":""-"",""Connector Type"":""RJ45, SC"",""Voltage - Input"":""9.6V ~ 32V"",""Ingress Protection"":""IP30"",""Mounting Type"":""DIN Rail"",""Operating Temperature"":""-40°C ~ 70°C"",""Grade"":""-"",""Qualification"":""-"",""Series"":""-""}"
"MCSESP083F23G0T","ETHERNET SWITCH, INDUSTRIAL POE","Schneider Electric","Industrial Networking","3629.64","0","ETHERNET SWITCH, INDUSTRIAL POE","https://media.distributordatasolutions.com/228/schneider_synd_json/da2b613e23e5627737c0ffe8ac46654257518d0c.pdf","{""Type"":""Switch - Managed"",""Configuration"":""Fixed"",""Number of Ports"":""8"",""Copper Ports"":""8"",""Copper Type"":""10/100/1000"",""Fiber Ports"":""-"",""Fiber Type"":""-"",""SFP/XFP Ports"":""-"",""SFP/XFP Type"":""-"",""PoE Ports"":""8"",""Connector Type"":""RJ45"",""Voltage - Input"":""18V ~ 30V"",""Ingress Protection"":""IP30"",""Mounting Type"":""DIN Rail"",""Operating Temperature"":""-40°C ~ 70°C"",""Grade"":""-"",""Qualification"":""-"",""Series"":""-""}"
"PFXYP6M2ETH","INTERFACE OPTION M.2 1X ETH","Schneider Electric","Industrial Networking","373.44","0","INTERFACE OPTION M.2 1X ETH","https://www.se.com/us/en/product/download-pdf/PFXYP6M2ETH","{""Accessory Type"":""Ethernet Switch"",""For Use With/Related Products"":""Multiple Series"",""Series"":""Pro-face™""}"
"PFXYP6MPETH","INTERFACE OPTION 1X ETHERNET (IE","Schneider Electric","Industrial Networking","658.09","0","INTERFACE OPTION 1X ETHERNET (IE","https://www.se.com/us/en/product/download-pdf/PFXYP6MPETH","{""Accessory Type"":""Ethernet Switch"",""For Use With/Related Products"":""Multiple Series"",""Series"":""Pro-face™""}"
"ICWL2222ERMS","I-LINE ENABLE MODULE ERMS 240V W","Schneider Electric","Industrial Networking","13202.3","0","I-LINE ENABLE MODULE ERMS 240V W","https://media.distributordatasolutions.com/228/schneider_synd_json/10abdb5f1d0ca6cbe4b1578fb69cb1f942d3e341.pdf","{""Accessory Type"":""Ethernet Switch"",""For Use With/Related Products"":""I-Line Series"",""Series"":""-""}"
"ICWR2422ERMS","I-LINE ENABLE MODULE ERMS 480V W","Schneider Electric","Industrial Networking","13202.3","0","I-LINE ENABLE MODULE ERMS 480V W","https://media.distributordatasolutions.com/228/schneider_synd_json/a4e07fba56ff6f8fee068bd530210a122c6efc51.pdf","{""Accessory Type"":""Ethernet Switch"",""For Use With/Related Products"":""I-Line Series"",""Series"":""-""}"
"RPM12BD","HARMONY, POWER PLUG-IN RELAY, 15","Schneider Electric","Relays & Timers","7.19","0","HARMONY, POWER PLUG-IN RELAY, 15","https://media.distributordatasolutions.com/228/schneider_synd_json/915a2c50e3fddab2d5210ce215a012a75f9fe0ee.pdf","{""Mounting Type"":""Socketable"",""Coil Voltage"":""24VDC"",""Contact Form"":""SPDT (1 Form C)"",""Contact Rating (Current)"":""15 A"",""Switching Voltage"":""250VAC, 28VDC - Max"",""Load - Max Switching"":""3750VA, 420W"",""Coil Current"":""53.3 mA"",""Coil Type"":""Non Latching"",""Features"":""Lighted Indicator, Test Button"",""Termination Style"":""Plug In"",""Seal Rating"":""-"",""Coil Insulation"":""-"",""Must Operate Voltage"":""19.2 VDC"",""Must Release Voltage"":""2.4 VDC"",""Operate Time"":""20 ms"",""Release Time"":""20 ms"",""Operating Temperature"":""-40°C ~ 55°C"",""Contact Material"":""Silver Nickel (AgNi)"",""Approval Agency"":""CSA, EAC, UL"",""Relay Type"":""General Purpose"",""Grade"":""-"",""Qualification"":""-"",""Series"":""Harmony""}"
"RPM22BD","HARMONY, POWER PLUG-IN RELAY, 15","Schneider Electric","Relays & Timers","9.23","0","HARMONY, POWER PLUG-IN RELAY, 15","https://media.distributordatasolutions.com/228/schneider_synd_json/6972f51a6ce35ac9727b97a54b32cca21db09fc0.pdf","{""Mounting Type"":""Socketable"",""Coil Voltage"":""24VDC"",""Contact Form"":""DPDT (2 Form C)"",""Contact Rating (Current)"":""15 A"",""Switching Voltage"":""250VAC, 28VDC - Max"",""Load - Max Switching"":""3750VA, 420W"",""Coil Current"":""37.5 mA"",""Coil Type"":""Non Latching"",""Features"":""Lighted Indicator, Test Button"",""Termination Style"":""Plug In"",""Seal Rating"":""-"",""Coil Insulation"":""-"",""Must Operate Voltage"":""19.2 VDC"",""Must Release Voltage"":""2.4 VDC"",""Operate Time"":""20 ms"",""Release Time"":""20 ms"",""Operating Temperature"":""-40°C ~ 55°C"",""Contact Material"":""Silver Nickel (AgNi)"",""Approval Agency"":""CSA, EAC, UL"",""Relay Type"":""General Purpose"",""Grade"":""-"",""Qualification"":""-"",""Series"":""Harmony""}"
"RPM22F7","ZELIO RPM, POWER PLUGIN RELAY, 2","Schneider Electric","Relays & Timers","9.23","0","ZELIO RPM, POWER PLUGIN RELAY, 2","https://media.distributordatasolutions.com/228/schneider_synd_json/7557947118f3484e01bb0742600d271607ee4a8e.pdf","{""Mounting Type"":""Socketable"",""Coil Voltage"":""120VAC"",""Contact Form"":""DPDT (2 Form C)"",""Contact Rating (Current)"":""15 A"",""Switching Voltage"":""250VAC, 28VDC - Max"",""Load - Max Switching"":""3750VA, 420W"",""Coil Current"":""27.1 mA"",""Coil Type"":""Non Latching"",""Features"":""Lighted Indicator, Test Button"",""Termination Style"":""Plug In"",""Seal Rating"":""-"",""Coil Insulation"":""-"",""Must Operate Voltage"":""96 VAC"",""Must Release Voltage"":""18 VAC"",""Operate Time"":""20 ms"",""Release Time"":""20 ms"",""Operating Temperature"":""-40°C ~ 55°C"",""Contact Material"":""Silver Nickel (AgNi)"",""Approval Agency"":""CSA, EAC, UL"",""Relay Type"":""General Purpose"",""Grade"":""-"",""Qualification"":""-"",""Series"":""Harmony""}"
"RSL1AB4BD","HARMONY, SLIM INTERFACE PLUG-IN","Schneider Electric","Relays & Timers","10.43","0","HARMONY, SLIM INTERFACE PLUG-IN","https://media.distributordatasolutions.com/228/schneider_synd_json/3095bee50c3f56983e5b2b6c5321c392acc64c2d.pdf","{""Mounting Type"":""Socketable"",""Coil Voltage"":""24VDC"",""Contact Form"":""SPDT (1 Form C)"",""Contact Rating (Current)"":""6 A"",""Switching Voltage"":""277VAC - Max"",""Load - Max Switching"":""1662VA"",""Coil Current"":""7.1 mA"",""Coil Type"":""Non Latching"",""Features"":""-"",""Termination Style"":""Plug In"",""Seal Rating"":""-"",""Coil Insulation"":""-"",""Must Operate Voltage"":""18 VDC"",""Must Release Voltage"":""1.2 VDC"",""Operate Time"":""12 ms"",""Release Time"":""5 ms"",""Operating Temperature"":""-40°C ~ 55°C"",""Contact Material"":""Silver Tin Oxide (AgSnO)"",""Approval Agency"":""CSA, EAC, UL"",""Relay Type"":""General Purpose"",""Grade"":""-"",""Qualification"":""-"",""Series"":""Harmony""}"
"RSL1PVBU","HARMONY, SLIM INTERFACE RELAY PR","Schneider Electric","Relays & Timers","19.8","0","HARMONY, SLIM INTERFACE RELAY PR","https://media.distributordatasolutions.com/228/schneider_synd_json/40e4f12fd012dcaca6aefa4989055ab56db861e0.pdf","{""Mounting Type"":""DIN Rail"",""Coil Voltage"":""24VDC"",""Contact Form"":""SPDT (1 Form C)"",""Contact Rating (Current)"":""6 A"",""Switching Voltage"":""277VAC - Max"",""Load - Max Switching"":""1662VA"",""Coil Current"":""7.1 mA"",""Coil Type"":""Non Latching"",""Features"":""Lighted Indicator"",""Termination Style"":""Screw Terminal"",""Seal Rating"":""-"",""Coil Insulation"":""-"",""Must Operate Voltage"":""-"",""Must Release Voltage"":""1.2 VDC"",""Operate Time"":""12 ms"",""Release Time"":""5 ms"",""Operating Temperature"":""-40°C ~ 55°C"",""Contact Material"":""Silver Tin Oxide (AgSnO)"",""Approval Agency"":""CSA, GOST, UL"",""Relay Type"":""General Purpose"",""Grade"":""-"",""Qualification"":""-"",""Series"":""Harmony""}"
"RSB1A120BD","HARMONY, INTERFACE PLUG-IN RELAY","Schneider Electric","Relays & Timers","4.75","0","HARMONY, INTERFACE PLUG-IN RELAY","https://media.distributordatasolutions.com/228/schneider_synd_json/53b3a1d949a0f879bb11af3733705fcd0b7bafcb.pdf","{""Mounting Type"":""Socketable"",""Coil Voltage"":""24VDC"",""Contact Form"":""SPDT (1 Form C)"",""Contact Rating (Current)"":""12 A"",""Switching Voltage"":""300VDC - Max"",""Load - Max Switching"":""3600VA"",""Coil Current"":""16.7 mA"",""Coil Type"":""Non Latching"",""Features"":""-"",""Termination Style"":""Plug In"",""Seal Rating"":""-"",""Coil Insulation"":""-"",""Must Operate Voltage"":""-"",""Must Release Voltage"":""2.4 VDC"",""Operate Time"":""20 ms"",""Release Time"":""20 ms"",""Operating Temperature"":""-40°C ~ 85°C"",""Contact Material"":""Silver Nickel (AgNi)"",""Approval Agency"":""CSA, EAC, UL"",""Relay Type"":""General Purpose"",""Grade"":""-"",""Qualification"":""-"",""Series"":""Harmony""}"
"RSB1A160F7","HARMONY, INTERFACE PLUG-IN RELAY","Schneider Electric","Relays & Timers","5.7","0","HARMONY, INTERFACE PLUG-IN RELAY","https://media.distributordatasolutions.com/228/schneider_synd_json/27cd68c030b51ab7b655a4f0897ac23a10851a4e.pdf","{""Mounting Type"":""Socketable"",""Coil Voltage"":""120VAC"",""Contact Form"":""SPDT (1 Form C)"",""Contact Rating (Current)"":""16 A"",""Switching Voltage"":""250VAC, 28VDC - Max"",""Load - Max Switching"":""4000VA, 448W"",""Coil Current"":""14.4 mA"",""Coil Type"":""Non Latching"",""Features"":""-"",""Termination Style"":""Plug In"",""Seal Rating"":""-"",""Coil Insulation"":""-"",""Must Operate Voltage"":""-"",""Must Release Voltage"":""18 VAC"",""Operate Time"":""20 ms"",""Release Time"":""20 ms"",""Operating Temperature"":""-40°C ~ 70°C"",""Contact Material"":""Silver Nickel (AgNi)"",""Approval Agency"":""CSA, EAC, UL"",""Relay Type"":""General Purpose"",""Grade"":""-"",""Qualification"":""-"",""Series"":""Harmony""}"
"RSB2A080BD","HARMONY, INTERFACE PLUG-IN RELAY","Schneider Electric","Relays & Timers","5.7","0","HARMONY, INTERFACE PLUG-IN RELAY","https://media.distributordatasolutions.com/228/schneider_synd_json/62c79ffbb97e17ca6e070be3efdbe6b3ed6a55cf.pdf","{""Mounting Type"":""Socketable"",""Coil Voltage"":""24VDC"",""Contact Form"":""DPDT (2 Form C)"",""Contact Rating (Current)"":""8 A"",""Switching Voltage"":""250VAC, 28VDC - Max"",""Load - Max Switching"":""2000VA, 224W"",""Coil Current"":""16.7 mA"",""Coil Type"":""Non Latching"",""Features"":""-"",""Termination Style"":""Plug In"",""Seal Rating"":""-"",""Coil Insulation"":""-"",""Must Operate Voltage"":""-"",""Must Release Voltage"":""2.4 VDC"",""Operate Time"":""20 ms"",""Release Time"":""20 ms"",""Operating Temperature"":""-40°C ~ 85°C"",""Contact Material"":""Silver Nickel (AgNi)"",""Approval Agency"":""CSA, EAC, UL"",""Relay Type"":""General Purpose"",""Grade"":""-"",""Qualification"":""-"",""Series"":""Harmony""}"
"RSB2A080F7","HARMONY, INTERFACE PLUG-IN RELAY","Schneider Electric","Relays & Timers","5.7","0","HARMONY, INTERFACE PLUG-IN RELAY","https://media.distributordatasolutions.com/228/schneider_synd_json/d1a19ba33cb2b049906565444bac3e456159e00e.pdf","{""Mounting Type"":""Socketable"",""Coil Voltage"":""120VAC"",""Contact Form"":""DPDT (2 Form C)"",""Contact Rating (Current)"":""8 A"",""Switching Voltage"":""250VAC, 28VDC - Max"",""Load - Max Switching"":""2000VA, 224W"",""Coil Current"":""14.4 mA"",""Coil Type"":""Non Latching"",""Features"":""-"",""Termination Style"":""Plug In"",""Seal Rating"":""-"",""Coil Insulation"":""-"",""Must Operate Voltage"":""-"",""Must Release Voltage"":""18 VAC"",""Operate Time"":""20 ms"",""Release Time"":""20 ms"",""Operating Temperature"":""-40°C ~ 70°C"",""Contact Material"":""Silver Nickel (AgNi)"",""Approval Agency"":""CSA, EAC, UL"",""Relay Type"":""General Purpose"",""Grade"":""-"",""Qualification"":""-"",""Series"":""Harmony""}"
"RPM12F7","HARMONY, POWER PLUG-IN RELAY, 15","Schneider Electric","Relays & Timers","7.19","0","HARMONY, POWER PLUG-IN RELAY, 15","https://media.distributordatasolutions.com/228/schneider_synd_json/ec33ec1a9f2b0b2992348b009fb8d9a73a0216c5.pdf","{""Mounting Type"":""Socketable"",""Coil Voltage"":""120VAC"",""Contact Form"":""SPDT (1 Form C)"",""Contact Rating (Current)"":""15 A"",""Switching Voltage"":""250VAC, 28VDC - Max"",""Load - Max Switching"":""3750VA, 420W"",""Coil Current"":""27.1 mA"",""Coil Type"":""Non Latching"",""Features"":""Lighted Indicator, Test Button"",""Termination Style"":""Plug In"",""Seal Rating"":""-"",""Coil Insulation"":""-"",""Must Operate Voltage"":""96 VAC"",""Must Release Voltage"":""18 VAC"",""Operate Time"":""20 ms"",""Release Time"":""20 ms"",""Operating Temperature"":""-40°C ~ 55°C"",""Contact Material"":""Silver Nickel (AgNi)"",""Approval Agency"":""CSA, EAC, UL"",""Relay Type"":""General Purpose"",""Grade"":""-"",""Qualification"":""-"",""Series"":""Harmony""}"
"RXG22BD","HARMONY, INTERFACE PLUG-IN RELAY","Schneider Electric","Relays & Timers","8.01","0","HARMONY, INTERFACE PLUG-IN RELAY","https://media.distributordatasolutions.com/228/schneider_synd_json/b152a934fd1d50414a22a3cfe7a7f6420260bf02.pdf","{""Mounting Type"":""Socketable"",""Coil Voltage"":""24VDC"",""Contact Form"":""DPDT (2 Form C)"",""Contact Rating (Current)"":""5 A"",""Switching Voltage"":""250VAC, 30VDC - Max"",""Load - Max Switching"":""1250VA, 150W"",""Coil Type"":""Non Latching"",""Features"":""Lighted Indicator, Test Button"",""Termination Style"":""Plug In"",""Seal Rating"":""-"",""Coil Insulation"":""-"",""Must Operate Voltage"":""-"",""Must Release Voltage"":""2.4 VDC"",""Operate Time"":""20 ms"",""Release Time"":""20 ms"",""Operating Temperature"":""-40°C ~ 70°C"",""Contact Material"":""Silver Tin Oxide Indium Oxide (AgSnOInO)"",""Approval Agency"":""CE, CSA, DNV-GL, EAC, UL"",""Relay Type"":""General Purpose"",""Grade"":""-"",""Qualification"":""-"",""Series"":""Harmony""}"
"RXM2AB2BD","HARMONY, MINIATURE PLUG-IN RELAY","Schneider Electric","Relays & Timers","8.41","0","HARMONY, MINIATURE PLUG-IN RELAY","https://media.distributordatasolutions.com/228/schneider_synd_json/be0636011db698337cf63ccc73f95c8ca7dbd945.pdf","{""Mounting Type"":""Socketable"",""Coil Voltage"":""24VDC"",""Contact Form"":""DPDT (2 Form C)"",""Contact Rating (Current)"":""10 A"",""Switching Voltage"":""250VAC, 28VDC - Max"",""Load - Max Switching"":""2500VA, 280W"",""Coil Current"":""36.9 mA"",""Coil Type"":""Non Latching"",""Features"":""Lighted Indicator, Test Button"",""Termination Style"":""Plug In"",""Seal Rating"":""-"",""Coil Insulation"":""-"",""Must Operate Voltage"":""19.2 VDC"",""Must Release Voltage"":""2.4 VDC"",""Operate Time"":""20 ms"",""Release Time"":""20 ms"",""Operating Temperature"":""-40°C ~ 55°C"",""Contact Material"":""Silver Nickel (AgNi)"",""Approval Agency"":""CE, CSA, IECEE, GOST, Lloyd's, UL"",""Relay Type"":""General Purpose"",""Grade"":""-"",""Qualification"":""-"",""Series"":""Harmony""}"
"RPZF3","HARMONY, SOCKET, FOR RPM3 POWER","Schneider Electric","Relays & Timers","8.59","0","HARMONY, SOCKET, FOR RPM3 POWER","https://media.distributordatasolutions.com/228/schneider_synd_json/37e50c37de23aeb617e30a524625573aec0a84f6.pdf","{""Type"":""Socket"",""Number of Positions"":""11"",""Mounting Type"":""DIN Rail"",""Termination Style"":""Screw Terminal"",""For Use With/Related Products"":""Harmony Series"",""Series"":""Harmony""}"
"RXM4AB2BD","HARMONY, MINIATURE PLUG-IN RELAY","Schneider Electric","Relays & Timers","9.23","0","HARMONY, MINIATURE PLUG-IN RELAY","https://media.distributordatasolutions.com/228/schneider_synd_json/5d30db1e0b3307ad6d4cb1d676f4f3124f60cfbb.pdf","{""Mounting Type"":""Socketable"",""Coil Voltage"":""24VDC"",""Contact Form"":""4PDT (4 Form C)"",""Contact Rating (Current)"":""5 A"",""Switching Voltage"":""250VAC, 28VDC - Max"",""Load - Max Switching"":""1250VA, 140W"",""Coil Current"":""36.9 mA"",""Coil Type"":""Non Latching"",""Features"":""Lighted Indicator, Test Button"",""Termination Style"":""Plug In"",""Seal Rating"":""-"",""Coil Insulation"":""-"",""Must Operate Voltage"":""19.2 VDC"",""Must Release Voltage"":""2.4 VDC"",""Operate Time"":""20 ms"",""Release Time"":""20 ms"",""Operating Temperature"":""-40°C ~ 55°C"",""Contact Material"":""Silver Nickel (AgNi)"",""Approval Agency"":""CE, CSA, IECEE, GOST, Lloyd's, UL"",""Relay Type"":""General Purpose"",""Grade"":""-"",""Qualification"":""-"",""Series"":""Harmony""}"
"RXM4AB2F7","ZELIO, RXM, MINIATURE PLUGIN REL","Schneider Electric","Relays & Timers","9.23","0","ZELIO, RXM, MINIATURE PLUGIN REL","https://media.distributordatasolutions.com/228/schneider_synd_json/6fb90ec6ad02aac190ade457a96a25187157be69.pdf","{""Mounting Type"":""Socketable"",""Coil Voltage"":""120VAC"",""Contact Form"":""4PDT (4 Form C)"",""Contact Rating (Current)"":""5 A"",""Switching Voltage"":""250VAC, 28VDC - Max"",""Load - Max Switching"":""1250VA, 140W"",""Coil Current"":""27.1 mA"",""Coil Type"":""Non Latching"",""Features"":""Lighted Indicator, Test Button"",""Termination Style"":""Plug In"",""Seal Rating"":""-"",""Coil Insulation"":""-"",""Must Operate Voltage"":""96 VAC"",""Must Release Voltage"":""18 VAC"",""Operate Time"":""20 ms"",""Release Time"":""20 ms"",""Operating Temperature"":""-40°C ~ 55°C"",""Contact Material"":""Silver Nickel (AgNi)"",""Approval Agency"":""CE, CSA, IECEE, GOST, Lloyd's, UL"",""Relay Type"":""General Purpose"",""Grade"":""-"",""Qualification"":""-"",""Series"":""Harmony""}"
"RPZF4","HARMONY, SOCKET, FOR RPM4 POWER","Schneider Electric","Relays & Timers","9.96","0","HARMONY, SOCKET, FOR RPM4 POWER","https://media.distributordatasolutions.com/228/schneider_synd_json/cdfe8ca65b1b09f81b5564d56510ffceaeeb20e4.pdf","{""Type"":""Socket"",""Number of Positions"":""14"",""Mounting Type"":""DIN Rail"",""Termination Style"":""Screw Terminal"",""For Use With/Related Products"":""Harmony Series"",""Series"":""Harmony""}"
"RPM32BD","HARMONY, POWER PLUG-IN RELAY, 15","Schneider Electric","Relays & Timers","12.21","0","HARMONY, POWER PLUG-IN RELAY, 15","https://media.distributordatasolutions.com/228/schneider_synd_json/a4e95c5853300a752e742cf619824ef79063fdfb.pdf","{""Mounting Type"":""Socketable"",""Coil Voltage"":""24VDC"",""Contact Form"":""3PDT (3 Form C)"",""Contact Rating (Current)"":""15 A"",""Switching Voltage"":""250VAC, 28VDC - Max"",""Load - Max Switching"":""3750VA, 420W"",""Coil Current"":""75 mA"",""Coil Type"":""Non Latching"",""Features"":""Lighted Indicator, Test Button"",""Termination Style"":""Plug In"",""Seal Rating"":""-"",""Coil Insulation"":""-"",""Must Operate Voltage"":""19.2 VDC"",""Must Release Voltage"":""2.4 VDC"",""Operate Time"":""20 ms"",""Release Time"":""20 ms"",""Operating Temperature"":""-40°C ~ 55°C"",""Contact Material"":""Silver Nickel (AgNi)"",""Approval Agency"":""CSA, EAC, UL"",""Relay Type"":""General Purpose"",""Grade"":""-"",""Qualification"":""-"",""Series"":""Harmony""}"
"TCSCAR013M120","CANOPEN LINE TERMINATOR, ALTIVAR","Schneider Electric","Cables & Connectors","28.45","0","CANOPEN LINE TERMINATOR, ALTIVAR","https://media.distributordatasolutions.com/228/schneider_synd_json/94c7d11ed854a9b54c3546bc2a293ec723a6d731.pdf","{""Series"":""-""}"
"TCSCAR01NM120","CANOPEN LINE TERMINATOR, ALTIVAR","Schneider Electric","Cables & Connectors","15.33","0","CANOPEN LINE TERMINATOR, ALTIVAR","https://media.distributordatasolutions.com/228/schneider_synd_json/3e30a5bedd236683b6227e850d7691bd6f32a061.pdf","{""Series"":""-"",""Pack Size"":""2""}"
"VW3M9202","LEXIUM 32I MODULE CANOPEN M12","Schneider Electric","Cables & Connectors","264.28","0","LEXIUM 32I MODULE CANOPEN M12","https://media.distributordatasolutions.com/228/schneider_synd_json/ee6016c92a64e033246e125106d1c54193fcf4db.pdf","{""Accessory Type"":""Connector"",""For Use With/Related Products"":""-"",""Usage"":""Motor"",""Specifications"":""-"",""Series"":""Altivar""}"
"VW3M9107","LXM32I MODULE ECT M12 4DI M8 SOU","Schneider Electric","Cables & Connectors","281.84","0","LXM32I MODULE ECT M12 4DI M8 SOU","https://media.distributordatasolutions.com/228/schneider_synd_json/3a83cb746eed53450af7c848f182630617809934.pdf","{""Accessory Type"":""Connector Kit"",""For Use With/Related Products"":""-"",""Usage"":""Control"",""Specifications"":""-"",""Series"":""Altivar""}"
"VW3M9207","LXM32I MODULE ECT M12 4DI M8 SIN","Schneider Electric","Cables & Connectors","281.84","0","LXM32I MODULE ECT M12 4DI M8 SIN","https://media.distributordatasolutions.com/228/schneider_synd_json/e1746d0f27fb29e956c4452bd349e6f512e62357.pdf","{""Accessory Type"":""Connector Kit"",""For Use With/Related Products"":""-"",""Usage"":""Control"",""Specifications"":""-"",""Series"":""Altivar""}"
"VW3M9217","LXM32I MODUL ETH M12,4IN/2OUT M8","Schneider Electric","Cables & Connectors","309.7","0","LXM32I MODUL ETH M12,4IN/2OUT M8","https://media.distributordatasolutions.com/228/schneider_synd_json/58a9fc5279f6a89b00f420e9e6fa87ed9d104939.pdf","{""Accessory Type"":""Connector"",""For Use With/Related Products"":""-"",""Usage"":""Motor"",""Specifications"":""-"",""Series"":""Altivar""}"
"VW3M9201","LEXIUM 32I MODULE CANOPEN M12","Schneider Electric","Cables & Connectors","317.09","0","LEXIUM 32I MODULE CANOPEN M12","https://media.distributordatasolutions.com/228/schneider_synd_json/e13b67a81384ea9c73fdbe6b5bbae8350bde2a0a.pdf","{""Accessory Type"":""Connector"",""For Use With/Related Products"":""-"",""Usage"":""Motor"",""Specifications"":""-"",""Series"":""Altivar""}"
"VW3M9204","LEXIUM 32I MODULE CANOPEN M12","Schneider Electric","Cables & Connectors","343.53","0","LEXIUM 32I MODULE CANOPEN M12","https://media.distributordatasolutions.com/228/schneider_synd_json/57a2df2374efcd9f19d8869950dd12cff573fc73.pdf","{""Accessory Type"":""Connector Kit"",""For Use With/Related Products"":""-"",""Usage"":""Control"",""Specifications"":""-"",""Series"":""Altivar""}"
"VW3M9209","LXM32I MODULE ECT M12 2DI M8 SIN","Schneider Electric","Cables & Connectors","343.53","0","LXM32I MODULE ECT M12 2DI M8 SIN","https://media.distributordatasolutions.com/228/schneider_synd_json/96fa82d066d9c8aea3e1a418eae07a47253b9cdd.pdf","{""Accessory Type"":""Connector Kit"",""For Use With/Related Products"":""-"",""Usage"":""Control"",""Specifications"":""-"",""Series"":""Altivar"",""Pack Size"":""8""}"
"VW3M9208","LXM32I MODULE ECT M12 2DI M8 SIN","Schneider Electric","Cables & Connectors","422.77","0","LXM32I MODULE ECT M12 2DI M8 SIN","https://media.distributordatasolutions.com/228/schneider_synd_json/6a50b54e8431f85d7b86062fd6b0a6b4c369a6bb.pdf","{""Accessory Type"":""Connector Kit"",""For Use With/Related Products"":""-"",""Usage"":""Control"",""Specifications"":""-"",""Series"":""Altivar""}"
"LTMT9RJ105","CABLE FOR SENSOR MODULE TERA 0.5","Schneider Electric","Cables & Connectors","14.13","0","CABLE FOR SENSOR MODULE TERA 0.5","https://download.se.com/files?p_enDocType=Catalog&p_File_Name=TeSys_Tera_Catalog-LVCATENTER_EN_2025_12.pdf&p_Doc_Ref=LVCATENTER_EN","{""Cable Type"":""Round Cable"",""Connector Type"":""Plug to Plug"",""Mounting Type"":""Free Hanging (In-Line)"",""Number of Positions/Contacts"":""6p4c (RJ11, RJ14)"",""Length"":""0.49' (150.0mm)"",""Shielding"":""Unshielded"",""Color"":""Black"",""Features"":""Molded Plugs"",""Style"":""-"",""Series"":""TeSys""}"
"LTMT9RJ102","CABLE FOR SENSOR MODULE TERA 0.2","Schneider Electric","Cables & Connectors","0","0","CABLE FOR SENSOR MODULE TERA 0.2","https://download.se.com/files?p_enDocType=Catalog&p_File_Name=TeSys_Tera_Catalog-LVCATENTER_EN_2025_12.pdf&p_Doc_Ref=LVCATENTER_EN","{""Cable Type"":""Round Cable"",""Connector Type"":""Plug to Plug"",""Mounting Type"":""Free Hanging (In-Line)"",""Number of Positions/Contacts"":""6p4c (RJ11, RJ14)"",""Length"":""0.66' (200.0mm)"",""Shielding"":""Unshielded"",""Color"":""Black"",""Features"":""-"",""Style"":""-"",""Series"":""TeSys""}"
"NSYTRAABV35","END BRACKET, SCREW FOR 35MM DIN","Schneider Electric","Cables & Connectors","2.89","0","END BRACKET, SCREW FOR 35MM DIN","https://media.distributordatasolutions.com/schneider_synd/2022q3/documents/5849ccccaa1d923936a4364be1bb1db91cc66a2c.pdf","{""Type"":""End Clamp"",""Number of Positions"":""-"",""For Use With/Related Products"":""Terminal Blocks"",""Color"":""Gray"",""Series"":""Linergy TR""}"
"ZBE102","CONT BL SPST 6A 120V/550MA 125V","Schneider Electric","Cables & Connectors","11.35","0","CONT BL SPST 6A 120V/550MA 125V","https://media.distributordatasolutions.com/228/schneider_synd_json/e7a921145d4193144a3addd09ef0af7ffe781adc.pdf","{""Circuit"":""SPST-NC"",""Requires"":""Switch Body"",""Termination Style"":""Screw Terminal"",""Contact Rating @ Voltage"":""6A @ 120VAC, 550mA @ 125VDC"",""(Select First, Then Apply Filters) Compatible Series"":""Schneider Electric, Harmony XB4, Harmony XB5"",""Series"":""Harmony XB4""}"
"ZBE101","CONT BL SPST 6A 120V/550MA 125V","Schneider Electric","Cables & Connectors","11.35","0","CONT BL SPST 6A 120V/550MA 125V","https://media.distributordatasolutions.com/228/schneider_synd_json/ead55283ed4a87e9fc6cc2e8edfe2d2eb93b1451.pdf","{""Circuit"":""SPST-NO"",""Requires"":""Switch Body"",""Termination Style"":""Screw Terminal"",""Contact Rating @ Voltage"":""6A @ 120VAC, 550mA @ 125VDC"",""(Select First, Then Apply Filters) Compatible Series"":""Schneider Electric, Harmony XB4, Harmony XB5"",""Series"":""Harmony XB5""}"
"ZB4BZ101","CONT BL SPST 6A 120V/550MA 125V","Schneider Electric","Cables & Connectors","15.23","0","CONT BL SPST 6A 120V/550MA 125V","https://media.distributordatasolutions.com/228/schneider_synd_json/8e4e45cb00c7dcdeae95bf5f8696d3fd53f62bbf.pdf","{""Circuit"":""SPST-NO"",""Requires"":""Switch Body"",""Termination Style"":""Screw Terminal"",""Contact Rating @ Voltage"":""6A @ 120VAC, 550mA @ 125VDC"",""(Select First, Then Apply Filters) Compatible Series"":""Schneider Electric, Harmony XB4"",""Series"":""Harmony XB4""}"
"DZ5CE003","GREEN CABLE END FOR 24 AWG WIRE","Schneider Electric","Cables & Connectors","0.15","0","GREEN CABLE END FOR 24 AWG WIRE","https://media.distributordatasolutions.com/228/schneider_synd_json/68efc1f91841501c9756f861180132a744b9f22b.pdf","{""Type"":""Single Wire"",""Insulation"":""Insulated"",""Style"":""-"",""Size"":""24 AWG (0.34mm²)"",""Length - Overall"":""12.00mm"",""Length - Pin"":""8.00mm"",""Color"":""Green"",""Series"":""Linergy TR""}"
"DZ5CE002","CABLE END","Schneider Electric","Cables & Connectors","0.15","0","CABLE END","https://media.distributordatasolutions.com/228/schneider_synd_json/14bf08f09937e9b8ecab59e3a04a69876b272a50.pdf","{""Type"":""Single Wire"",""Insulation"":""Insulated"",""Style"":""-"",""Size"":""26 AWG (0.25mm²)"",""Length - Overall"":""12.00mm"",""Length - Pin"":""8.00mm"",""Color"":""Yellow"",""Series"":""Linergy TR""}"
"DZ5CE005","CABLE END 22AWG DZ5 +OPTIONS","Schneider Electric","Cables & Connectors","0.17","0","CABLE END 22AWG DZ5 +OPTIONS","https://media.distributordatasolutions.com/228/schneider_synd_json/89ca2239d3eb5a1c8ac1740dbff7ab4b9eb7c37e.pdf","{""Type"":""Single Wire"",""Insulation"":""Insulated"",""Style"":""-"",""Size"":""22 AWG (0.50mm²)"",""Length - Overall"":""14.00mm"",""Length - Pin"":""8.00mm"",""Color"":""White"",""Series"":""Linergy TR""}"
"RMPT70BD","HARMONY ANALOG, CONVERTER FOR UN","Schneider Electric","Temperature Controllers","157.61","0","HARMONY ANALOG, CONVERTER FOR UN","https://media.distributordatasolutions.com/schneider_synd/2022q1/documents/8b3f71806b816d5e1a8439a8f4180544f5487534.pdf","{""Type"":""Temperature Transmitter"",""Series"":""Harmony""}"
"RMTK80BD","HARMONY ANALOG, CONVERTER FOR TH","Schneider Electric","Temperature Controllers","157.61","0","HARMONY ANALOG, CONVERTER FOR TH","https://media.distributordatasolutions.com/schneider_synd/2022q1/documents/d3908e001b3a64278fbcc6e5653c602c35d8d2ba.pdf","{""Type"":""Temperature Transmitter"",""Series"":""Harmony""}"
"RMPT50BD","HARMONY ANALOG, TEMPERATURE TRAN","Schneider Electric","Temperature Controllers","157.61","0","HARMONY ANALOG, TEMPERATURE TRAN","https://media.distributordatasolutions.com/228/schneider_synd_json/8d574feeb4010af75201080e3ffd4730317b1661.pdf","{""Type"":""Temperature Transmitter"",""Series"":""Harmony""}"
"A9.85","THERMAL UNIT","Schneider Electric","Temperature Controllers","24.58","0","THERMAL UNIT","https://media.distributordatasolutions.com/228/schneider_synd_json/df73f56f3abec4d6efad8510e8e41d5bdfa24bb0.pdf","{""Accessory Type"":""Control Kit"",""For Use With/Related Products"":""-"",""Usage"":""Motor"",""Specifications"":""-"",""Series"":""-""}"
"A6.20","THERMAL UNIT","Schneider Electric","Temperature Controllers","24.58","0","THERMAL UNIT","https://media.distributordatasolutions.com/228/schneider_synd_json/339c6afb7f7ef8560b4b1ebdfaddb25d4637d2fb.pdf","{""Accessory Type"":""Control Kit"",""For Use With/Related Products"":""-"",""Usage"":""Motor"",""Specifications"":""-"",""Series"":""-""}"
"A11.9","THERMAL UNIT","Schneider Electric","Temperature Controllers","24.58","0","THERMAL UNIT","https://media.distributordatasolutions.com/228/schneider_synd_json/f86dc046b9cfa1d347f805db1cec7930710277bc.pdf","{""Accessory Type"":""Control Kit"",""For Use With/Related Products"":""-"",""Usage"":""Motor"",""Specifications"":""-"",""Series"":""-""}"
"A8.38","THERMAL UNIT","Schneider Electric","Temperature Controllers","24.58","0","THERMAL UNIT","https://media.distributordatasolutions.com/228/schneider_synd_json/eec88a7588b40ae620786a7ac83978e02450d1af.pdf","{""Accessory Type"":""Control Kit"",""For Use With/Related Products"":""-"",""Usage"":""Motor"",""Specifications"":""-"",""Series"":""-""}"
"EW17DIHMA9C02","SHORT DESC IN ENGLISH FOR MY PRO","Schneider Electric","Temperature Controllers","77.53","0","SHORT DESC IN ENGLISH FOR MY PRO","https://eref.se.com/us/en/scope/product-pdf/EW17DIHMA9C02","{""Series"":""-"",""Pack Size"":""48""}"
"EW2EDLHMS9C04","EWPLUS 974 BLUE LOW T. FREEZER 1","Schneider Electric","Temperature Controllers","92.48","0","EWPLUS 974 BLUE LOW T. FREEZER 1","https://eref.se.com/us/en/scope/product-pdf/EW2EDLHMS9C04","{""Series"":""-"",""Pack Size"":""48""}"
"EW2EDLHMS9C03","EWPLUS 974 BLUE MID TEMP 120V -H","Schneider Electric","Temperature Controllers","92.48","0","EWPLUS 974 BLUE MID TEMP 120V -H","https://eref.se.com/us/en/scope/product-pdf/EW2EDLHMS9C03","{""Series"":""-"",""Pack Size"":""48""}"
"EW2EDLHMS9C05","EWPLUS 974 BLUE LOW CHILLER 120V","Schneider Electric","Temperature Controllers","92.48","0","EWPLUS 974 BLUE LOW CHILLER 120V","https://eref.se.com/us/en/scope/product-pdf/EW2EDLHMS9C05","{""Series"":""-"",""Pack Size"":""48""}"
"RMPT33BD","HARMONY ANALOG, TEMPERATURE TRAN","Schneider Electric","Temperature Controllers","126.31","0","HARMONY ANALOG, TEMPERATURE TRAN","https://media.distributordatasolutions.com/228/schneider_synd_json/21cfdb9e58bbd03415669de535a461a2853d9336.pdf","{""Type"":""Temperature Transmitter"",""Series"":""Harmony""}"
"RMPT53BD","HARMONY ANALOG, TEMPERATURE TRAN","Schneider Electric","Temperature Controllers","126.31","0","HARMONY ANALOG, TEMPERATURE TRAN","https://media.distributordatasolutions.com/schneider_synd/2022q1/documents/3980dc427fa593741d031f9d88dd108ddf4a6fda.pdf","{""Type"":""Temperature Transmitter"",""Series"":""Harmony""}"
"RMTJ60BD","HARMONY ANALOG, CONVERTER FOR TH","Schneider Electric","Temperature Controllers","157.61","0","HARMONY ANALOG, CONVERTER FOR TH","https://media.distributordatasolutions.com/schneider_synd/2022q1/documents/c6b6e3b784fbeda555b553230b5a691af77228cc.pdf","{""Type"":""Temperature Transmitter"",""Series"":""Harmony""}"
"RMPT20BD","HARMONY ANALOG, CONVERTER FOR UN","Schneider Electric","Temperature Controllers","157.61","0","HARMONY ANALOG, CONVERTER FOR UN","https://media.distributordatasolutions.com/schneider_synd/2022q1/documents/f31fe2dfa8f449b7aee1067c7d0d121d9f3fa0d4.pdf","{""Type"":""Temperature Transmitter"",""Series"":""Harmony""}"
"RMPT30BD","HARMONY ANALOG, TEMPERATURE TRAN","Schneider Electric","Temperature Controllers","157.79","0","HARMONY ANALOG, TEMPERATURE TRAN","https://media.distributordatasolutions.com/228/schneider_synd_json/210c4c44ac7f65602095a7ec71361c3ae03c4a13.pdf","{""Type"":""Temperature Transmitter"",""Series"":""Harmony""}"
"RMTK90BD","HARMONY ANALOG, CONVERTER FOR TH","Schneider Electric","Temperature Controllers","178.64","0","HARMONY ANALOG, CONVERTER FOR TH","https://media.distributordatasolutions.com/schneider_synd/2022q1/documents/e91eebd4cd3248417efbc38f1a7b8d5cb515d90d.pdf","{""Type"":""Temperature Transmitter"",""Series"":""Harmony""}"
"VW3E6059","ILD62 TRIPLE THERMAL CONDUCTION","Schneider Electric","Temperature Controllers","396.45","0","ILD62 TRIPLE THERMAL CONDUCTION","https://media.distributordatasolutions.com/228/schneider_synd_json/42664681c5363ea3fcdd1b0e9d00e88bc0d4727f.pdf","{""Accessory Type"":""Thermal Unit"",""For Use With/Related Products"":""-"",""Usage"":""Control"",""Specifications"":""-"",""Series"":""Altivar""}"
"6ED10521CC080BA2","LOGO 24CE. 8DI(4AI)/4DO. 400 BLO","Siemens","PLC & Controllers","193.42","0","LOGO 24CE. 8DI(4AI)/4DO. 400 BLO","https://mall.industry.siemens.com/mall/en/ww/Catalog/DatasheetDownload?downloadUrl=teddatasheet%2F%3Fformat%3DPDF%26caller%3DMall%26mlfbs%3D6ED1052-1CC08-0BA2%26language%3Den","{""Number of Inputs and Type"":""8 - Digital (4), Analog/Digital (4)"",""Number of Outputs and Type"":""4 - Solid State"",""Expandable"":""Expandable"",""Voltage - Supply"":""24VDC"",""Display Type"":""-"",""Number of Characters Per Row"":""-"",""Communications"":""Ethernet"",""Memory Size"":""-"",""Mounting Type"":""DIN Rail"",""Features"":""-"",""Series"":""LOGO! 8.4""}"
"6ED10521MD080BA2","LOGO 12/24RCE. 8DI(4AI)/4DO. 400","Siemens","PLC & Controllers","219.21","0","LOGO 12/24RCE. 8DI(4AI)/4DO. 400","//mm.digikey.com/Volume0/opasdata/d220001/medias/docus/6633/6ED10521MD080BA2_datasheet_en.pdf","{""Number of Inputs and Type"":""12 - Digital (8), Analog (4)"",""Number of Outputs and Type"":""4 - Relay"",""Expandable"":""Expandable"",""Voltage - Supply"":""10.8 ~ 28.8VDC"",""Display Type"":""-"",""Number of Characters Per Row"":""-"",""Communications"":""Ethernet"",""Memory Size"":""400 Blocks"",""Mounting Type"":""DIN Rail"",""Features"":""-"",""Series"":""-""}"
"6ES71366BA010CA0","I/O MODULE 8 DIG 8 DIG 24V","Siemens","I/O Modules","447.01","0","I/O MODULE 8 DIG 8 DIG 24V","https://media.distributordatasolutions.com/siemenscomplete/2023q3/documents/56790078a17ea8af956eb1e1b20b6b3adcb82199.pdf","{""Type"":""Input, Output (I/O) Module"",""For Use With/Related Products"":""ET 200SP Series"",""Number of Inputs and Type"":""8 - Digital"",""Number of Outputs and Type"":""8 - Digital"",""Voltage - Supply"":""24VDC"",""Mounting Type"":""Backplane"",""Termination Style"":""Spring Terminal"",""Features"":""-"",""Series"":""SIMATIC ET 200SP""}"
"6ES71346JD000CA1","INPUT MODULE 4 ANALOG 24V","Siemens","I/O Modules","451.32","0","INPUT MODULE 4 ANALOG 24V","https://media.distributordatasolutions.com/262/csv_siemens/eba3b900a53c51d7c889d527b29aa6f355bf76e8.pdf","{""Type"":""Input Module"",""For Use With/Related Products"":""SIMATIC ET 200SP"",""Number of Inputs and Type"":""4 - Analog"",""Number of Outputs and Type"":""-"",""Voltage - Supply"":""24VDC"",""Mounting Type"":""DIN Rail"",""Termination Style"":""Screw Terminal"",""Features"":""-"",""Series"":""SIMATIC ET 200SP""}"
"6ES72314HF320XB0","INPUT MODULE 8 ANALOG 24V","Siemens","I/O Modules","614.66","0","INPUT MODULE 8 ANALOG 24V","https://media.distributordatasolutions.com/siemenscomplete/2023q3/documents/ae7fdb06ce483303c96b8f4124dd87c656901ac1.pdf","{""Type"":""Input Module"",""For Use With/Related Products"":""SIMATIC S7-1200"",""Number of Inputs and Type"":""8 - Analog"",""Number of Outputs and Type"":""-"",""Voltage - Supply"":""24VDC"",""Mounting Type"":""DIN Rail"",""Termination Style"":""Screw Terminal"",""Features"":""-"",""Series"":""SIMATIC S7-1200""}"
"6ES72141AG400XB0","AUTOMATION - S7-1200 CPUS","Siemens","Servo & Motion","640.44","0","AUTOMATION - S7-1200 CPUS","https://media.distributordatasolutions.com/siemenscomplete/2023q3/documents/0aabcaf016838f6e514885aa948a50b6fd30480d.pdf","{""Number of Inputs and Type"":""14 - Digital"",""Number of Outputs and Type"":""10 - Solid State"",""Expandable"":""Non-Expandable"",""Voltage - Supply"":""20.4 ~ 28.8VDC"",""Display Type"":""-"",""Number of Characters Per Row"":""-"",""Communications"":""Ethernet, RJ45"",""Memory Size"":""100kB"",""Mounting Type"":""DIN Rail"",""Features"":""-"",""Series"":""SIMATIC S7-1200""}"
"6ES72221BH320XB0","OUTPUT MODULE 16 DIGITAL 24V","Siemens","I/O Modules","296.58","0","OUTPUT MODULE 16 DIGITAL 24V","https://media.distributordatasolutions.com/262/csv_siemens/2e5032662d6f0735f4f914656dd477aaacea3d30.pdf","{""Type"":""Output Module"",""For Use With/Related Products"":""SIMATIC S7-1200"",""Number of Inputs and Type"":""-"",""Number of Outputs and Type"":""16 - Digital"",""Voltage - Supply"":""24VDC"",""Mounting Type"":""DIN Rail"",""Termination Style"":""Screw Terminal"",""Features"":""-"",""Series"":""SIMATIC S7-1200""}"
"6ES72121AE400XB0","CPU 1212C ,DC/DC/DC, 8DI/6DO/2AI","Siemens","PLC & Controllers","425.52","0","CPU 1212C ,DC/DC/DC, 8DI/6DO/2AI","https://media.distributordatasolutions.com/siemenscomplete/2023q3/documents/dc0e96eab176e322048facc94dfcd6b5e48b35a8.pdf","{""Number of Inputs and Type"":""8 - Digital"",""Number of Outputs and Type"":""6 - Pulse (4)"",""Expandable"":""Non-Expandable"",""Voltage - Supply"":""20.4 ~ 28.8VDC"",""Display Type"":""No Display"",""Number of Characters Per Row"":""-"",""Communications"":""-"",""Memory Size"":""75KB"",""Mounting Type"":""Panel Mount"",""Features"":""-"",""Series"":""SIMATIC""}"
"6ES71356HD000BA1","OUTPUT MODULE 4 ANALOG 24V","Siemens","I/O Modules","451.32","0","OUTPUT MODULE 4 ANALOG 24V","https://media.distributordatasolutions.com/siemenscomplete/2023q3/documents/ea515ee4903c055f04109cd885f89066bc087fea.pdf","{""Type"":""Output Module"",""For Use With/Related Products"":""SIMATIC ET 200SP"",""Number of Inputs and Type"":""-"",""Number of Outputs and Type"":""4 - Analog"",""Voltage - Supply"":""24VDC"",""Mounting Type"":""Backplane"",""Termination Style"":""Requires Basic Unit"",""Features"":""-"",""Series"":""SIMATIC ET 200SP""}"
"6ES71556AU010CN0","INTERFACE MODULE 19.2-28.8V","Siemens","PLC & Controllers","640.44","0","INTERFACE MODULE 19.2-28.8V","https://media.distributordatasolutions.com/siemenscomplete/2023q3/documents/37742e8552bd8030f19d368bec028b65786449d1.pdf","{""Type"":""Interface Module"",""For Use With/Related Products"":""SIMATIC ET 200SP"",""Number of Inputs and Type"":""-"",""Number of Outputs and Type"":""-"",""Voltage - Supply"":""19.2 ~ 28.8VDC"",""Mounting Type"":""DIN Rail"",""Termination Style"":""Requires Basic Unit"",""Features"":""-"",""Series"":""SIMATIC ET 200SP""}"
"6ES72230BD300XB0","I/O MOD 2 DIG 2 DIG 20.4-28.8V","Siemens","PLC & Controllers","107.46","0","I/O MOD 2 DIG 2 DIG 20.4-28.8V","https://media.distributordatasolutions.com/siemenscomplete/2023q3/documents/4616e24c3c548026dc9cbfaf2e755577818ed10d.pdf","{""Type"":""Input, Output (I/O) Module"",""For Use With/Related Products"":""SIMATIC S7-1200"",""Number of Inputs and Type"":""2 - Digital"",""Number of Outputs and Type"":""2 - Digital"",""Voltage - Supply"":""20.4 ~ 28.8VDC"",""Mounting Type"":""DIN Rail"",""Termination Style"":""Screw Terminal"",""Features"":""-"",""Series"":""SIMATIC S7-1200""}"
"6ES71346FF000AA1","INPUT MODULE 8 ANALOG 19.2-28.8V","Siemens","I/O Modules","468.51","0","INPUT MODULE 8 ANALOG 19.2-28.8V","https://media.distributordatasolutions.com/siemenscomplete/2023q3/documents/5de423447483b843d69a55e039057613b47eb4e7.pdf","{""Type"":""Input Module"",""For Use With/Related Products"":""SIMATIC ET 200SP"",""Number of Inputs and Type"":""8 - Analog"",""Number of Outputs and Type"":""-"",""Voltage - Supply"":""19.2 ~ 28.8VDC"",""Mounting Type"":""Backplane"",""Termination Style"":""Requires Basic Unit"",""Features"":""-"",""Series"":""SIMATIC ET 200SP""}"
"6ES72315PA300XB0","INPUT MODULE 1 ANALOG 24V","Siemens","I/O Modules","201.23","0","INPUT MODULE 1 ANALOG 24V","https://media.distributordatasolutions.com/siemenscomplete/2023q3/documents/23a5854d120891cdfa69b23c206a5ceb94f884fb.pdf","{""Type"":""Input Module"",""For Use With/Related Products"":""SIMATIC S7-1200"",""Number of Inputs and Type"":""1 - Analog"",""Number of Outputs and Type"":""-"",""Voltage - Supply"":""24VDC"",""Mounting Type"":""DIN Rail"",""Termination Style"":""Screw Terminal"",""Features"":""-"",""Series"":""SIMATIC S7-1200""}"
"6ES71316BH010BA0","INPUT MODULE 16 DIG 19.2-28.8V","Siemens","I/O Modules","176.23","0","INPUT MODULE 16 DIG 19.2-28.8V","https://media.distributordatasolutions.com/262/csv_siemens/0ba7b8e5c1005d84684bae08195de76498aa178b.pdf","{""Type"":""Input Module"",""For Use With/Related Products"":""SIMATIC ET 200SP"",""Number of Inputs and Type"":""16 - Digital"",""Number of Outputs and Type"":""-"",""Voltage - Supply"":""19.2 ~ 28.8VDC"",""Mounting Type"":""DIN Rail"",""Termination Style"":""Screw Terminal"",""Features"":""-"",""Series"":""SIMATIC ET 200SP""}"
"6ES71326BH010BA0","OUTPUT MODULE 16 DIGITAL 24V","Siemens","I/O Modules","206.31","0","OUTPUT MODULE 16 DIGITAL 24V","https://media.distributordatasolutions.com/262/csv_siemens/92e6a6250616bcba93f133367ead0015da58c70a.pdf","{""Type"":""Output Module"",""For Use With/Related Products"":""SIMATIC ET 200SP"",""Number of Inputs and Type"":""-"",""Number of Outputs and Type"":""16 - Digital"",""Voltage - Supply"":""24VDC"",""Mounting Type"":""Backplane"",""Termination Style"":""Requires Basic Unit"",""Features"":""-"",""Series"":""SIMATIC ET 200SP""}"
"6ED10521HB080BA2","LOGO 24RCE. 8DI/4DO. 400 BLOCKS","Siemens","PLC & Controllers","219.21","0","LOGO 24RCE. 8DI/4DO. 400 BLOCKS","//mm.digikey.com/Volume0/opasdata/d220001/medias/docus/6147/6ED1052-1HB08-0BA2.pdf","{""Number of Inputs and Type"":""8 - Digital"",""Number of Outputs and Type"":""4 - Relay"",""Expandable"":""Expandable"",""Voltage - Supply"":""24VAC/DC"",""Display Type"":""-"",""Number of Characters Per Row"":""-"",""Communications"":""Ethernet"",""Memory Size"":""-"",""Mounting Type"":""DIN Rail"",""Features"":""-"",""Series"":""LOGO! 8.4""}"
"6ES72211BH320XB0","INPUT MODULE 16 DIGITAL 24V","Siemens","I/O Modules","296.58","0","INPUT MODULE 16 DIGITAL 24V","https://media.distributordatasolutions.com/siemenscomplete/2023q3/documents/7cc78b0237e5891d29f6ea8d8156c2f5ca1a13f6.pdf","{""Type"":""Input Module"",""For Use With/Related Products"":""SIMATIC S7-1200"",""Number of Inputs and Type"":""16 - Digital"",""Number of Outputs and Type"":""-"",""Voltage - Supply"":""24VDC"",""Mounting Type"":""DIN Rail"",""Termination Style"":""Screw Terminal"",""Features"":""-"",""Series"":""SIMATIC S7-1200""}"
"6ES71346GD010BA1","INPUT MODULE 4 ANALOG 19.2-28.8V","Siemens","I/O Modules","352.45","0","INPUT MODULE 4 ANALOG 19.2-28.8V","https://media.distributordatasolutions.com/siemenscomplete/2023q3/documents/fea0c50c082448957bd8ac63d76396196a995304.pdf","{""Type"":""Input Module"",""For Use With/Related Products"":""SIMATIC ET 200SP"",""Number of Inputs and Type"":""4 - Analog"",""Number of Outputs and Type"":""-"",""Voltage - Supply"":""19.2 ~ 28.8VDC"",""Mounting Type"":""Backplane"",""Termination Style"":""Requires Basic Unit"",""Features"":""-"",""Series"":""SIMATIC ET 200SP""}"
"6ES71366DB000CA0","OUTPUT MODULE 4 DIG 19.2-28.8V","Siemens","I/O Modules","511.49","0","OUTPUT MODULE 4 DIG 19.2-28.8V","https://media.distributordatasolutions.com/siemenscomplete/2023q3/documents/f31a50d767f15f562abd8d1f2936602b55b52f20.pdf","{""Type"":""Output Module"",""For Use With/Related Products"":""SIMATIC ET 200SP"",""Number of Inputs and Type"":""-"",""Number of Outputs and Type"":""4 - Digital"",""Voltage - Supply"":""19.2 ~ 28.8VDC"",""Mounting Type"":""Backplane"",""Termination Style"":""Requires Basic Unit"",""Features"":""-"",""Series"":""SIMATIC ET 200SP""}"
"6ES72344HE320XB0","I/O MODULE 4 ANALOG 2 ANALOG 24V","Siemens","I/O Modules","554.47","0","I/O MODULE 4 ANALOG 2 ANALOG 24V","https://media.distributordatasolutions.com/siemenscomplete/2023q3/documents/2fc4626a4f7a404c0168a52812760aa400310641.pdf","{""Type"":""Input, Output (I/O) Module"",""For Use With/Related Products"":""SIMATIC S7-1200"",""Number of Inputs and Type"":""4 - Analog"",""Number of Outputs and Type"":""2 - Analog"",""Voltage - Supply"":""24VDC"",""Mounting Type"":""DIN Rail"",""Termination Style"":""Screw Terminal"",""Features"":""-"",""Series"":""SIMATIC S7-1200""}"
"6ES72324HD320XB0","OUTPUT MODULE 4 ANALOG 24V","Siemens","I/O Modules","640.44","0","OUTPUT MODULE 4 ANALOG 24V","https://media.distributordatasolutions.com/siemenscomplete/2023q3/documents/8222ab55331df22f341f373fd3267cfcc16813c1.pdf","{""Type"":""Output Module"",""For Use With/Related Products"":""SIMATIC S7-1200"",""Number of Inputs and Type"":""-"",""Number of Outputs and Type"":""4 - Analog"",""Voltage - Supply"":""24VDC"",""Mounting Type"":""DIN Rail"",""Termination Style"":""Screw Terminal"",""Features"":""-"",""Series"":""SIMATIC S7-1200""}"
"6ES72141HG400XB0","CPU 1214C, DC/DC/RELAY, 14DI/10D","Siemens","PLC & Controllers","640.44","0","CPU 1214C, DC/DC/RELAY, 14DI/10D","https://media.distributordatasolutions.com/siemenscomplete/2023q3/documents/f1ee8a59e484d1869f94bfe0862e0c48c0cc4e8e.pdf","{""Number of Inputs and Type"":""14 - Digital"",""Number of Outputs and Type"":""10 - Relay"",""Expandable"":""Non-Expandable"",""Voltage - Supply"":""20.4 ~ 28.8VDC"",""Display Type"":""No Display"",""Number of Characters Per Row"":""-"",""Communications"":""Ethernet, RJ45"",""Memory Size"":""100kB"",""Mounting Type"":""DIN Rail"",""Features"":""-"",""Series"":""SIMATIC S7-1200""}"
"6ES71326GD510BA0","OUTPUT MODULE 4 RELAY 19.2-28.8V","Siemens","I/O Modules","101.44","0","OUTPUT MODULE 4 RELAY 19.2-28.8V","https://media.distributordatasolutions.com/262/csv_siemens/c158557367ba7a7bdca77815bb4ece183e274702.pdf","{""Type"":""Output Module"",""For Use With/Related Products"":""SIMATIC ET 200SP"",""Number of Inputs and Type"":""-"",""Number of Outputs and Type"":""4 - Relay"",""Voltage - Supply"":""19.2 ~ 28.8VDC"",""Mounting Type"":""Backplane"",""Termination Style"":""Requires Basic Unit"",""Features"":""-"",""Series"":""SIMATIC ET 200SP""}"
"6ES71316BF010BA0","INPUT MODULE 8 DIG 19.2-28.8V","Siemens","I/O Modules","103.16","0","INPUT MODULE 8 DIG 19.2-28.8V","https://media.distributordatasolutions.com/siemenscomplete/2023q3/documents/6e726c97345ea55eb7d4a5d96aba9d42bb9fc8d7.pdf","{""Type"":""Input Module"",""For Use With/Related Products"":""SIMATIC ET 200SP"",""Number of Inputs and Type"":""8 - Digital"",""Number of Outputs and Type"":""-"",""Voltage - Supply"":""19.2 ~ 28.8VDC"",""Mounting Type"":""Backplane"",""Termination Style"":""Requires Basic Unit"",""Features"":""-"",""Series"":""SIMATIC ET 200SP""}"
"6ES72221BD300XB0","OUTPUT MODULE 4 DIGITAL 24V","Siemens","I/O Modules","107.46","0","OUTPUT MODULE 4 DIGITAL 24V","https://media.distributordatasolutions.com/siemenscomplete/2023q3/documents/eb697fa4ce588a3ccd307e165d8d6f4b481de26a.pdf","{""Type"":""Output Module"",""For Use With/Related Products"":""SIMATIC S7-1200"",""Number of Inputs and Type"":""-"",""Number of Outputs and Type"":""4 - Digital"",""Voltage - Supply"":""24VDC"",""Mounting Type"":""DIN Rail"",""Termination Style"":""Screw Terminal"",""Features"":""-"",""Series"":""SIMATIC S7-1200""}"
"6ED10551MB000BA2","I/O MODULE 4 DIG 4 RELAY 12-24V","Siemens","I/O Modules","113.47","0","I/O MODULE 4 DIG 4 RELAY 12-24V","https://media.distributordatasolutions.com/262/csv_siemens/e064b4605f88d3a73535c0ac387a71849301b080.pdf","{""Type"":""Input, Output (I/O) Module"",""For Use With/Related Products"":""LOGO! 8"",""Number of Inputs and Type"":""4 - Digital"",""Number of Outputs and Type"":""4 - Relay"",""Voltage - Supply"":""12 ~ 24VDC"",""Mounting Type"":""DIN Rail"",""Termination Style"":""Screw Terminal"",""Features"":""-"",""Series"":""LOGO!""}"
"6ED10551HB000BA2","I/O MODULE 4 DIG 4 RELAY 24V","Siemens","I/O Modules","113.47","0","I/O MODULE 4 DIG 4 RELAY 24V","https://media.distributordatasolutions.com/siemenscomplete/2023q3/documents/10cb57b21ce247e9767b6cfc953646a49f172a62.pdf","{""Type"":""Input, Output (I/O) Module"",""For Use With/Related Products"":""LOGO! 8"",""Number of Inputs and Type"":""4 - Digital"",""Number of Outputs and Type"":""4 - Relay"",""Voltage - Supply"":""24VAC/DC"",""Mounting Type"":""DIN Rail"",""Termination Style"":""Screw Terminal"",""Features"":""-"",""Series"":""LOGO!""}"
"6ES71316BF000CA0","INPUT MODULE 8 DIG 19.2-28.8V","Siemens","I/O Modules","118.63","0","INPUT MODULE 8 DIG 19.2-28.8V","https://media.distributordatasolutions.com/siemenscomplete/2023q3/documents/cf2dee45530e6cef8a16b2a1f1199b358918c3f6.pdf","{""Type"":""Input Module"",""For Use With/Related Products"":""SIMATIC ET 200SP"",""Number of Inputs and Type"":""8 - Digital"",""Number of Outputs and Type"":""-"",""Voltage - Supply"":""19.2 ~ 28.8VDC"",""Mounting Type"":""Backplane"",""Termination Style"":""Requires Basic Unit"",""Features"":""-"",""Series"":""SIMATIC ET 200SP""}"
"6ES72231BH320XB0","I/O MOD 8 DIG 8 DIG 20.4-28.8V","Siemens","PLC & Controllers","296.58","0","I/O MOD 8 DIG 8 DIG 20.4-28.8V","https://media.distributordatasolutions.com/siemenscomplete/2023q3/documents/c85d5da3a3066baec657ac3e02dfa27d9abc5cfd.pdf","{""Type"":""Input, Output (I/O) Module"",""For Use With/Related Products"":""SIMATIC S7-1200"",""Number of Inputs and Type"":""8 - Digital"",""Number of Outputs and Type"":""8 - Digital"",""Voltage - Supply"":""20.4 ~ 28.8VDC"",""Mounting Type"":""DIN Rail"",""Termination Style"":""Screw Terminal"",""Features"":""-"",""Series"":""SIMATIC S7-1200""}"
"6ES72231PH320XB0","I/O MOD 8 DIG 8 DIG 20.4-28.8V","Siemens","PLC & Controllers","296.58","0","I/O MOD 8 DIG 8 DIG 20.4-28.8V","https://media.distributordatasolutions.com/siemenscomplete/2023q3/documents/7ae4065ea72f00946de646199cc08904e5b2c6bf.pdf","{""Type"":""Input, Output (I/O) Module"",""For Use With/Related Products"":""SIMATIC S7-1200"",""Number of Inputs and Type"":""8 - Digital"",""Number of Outputs and Type"":""8 - Digital"",""Voltage - Supply"":""20.4 ~ 28.8VDC"",""Mounting Type"":""DIN Rail"",""Termination Style"":""Screw Terminal"",""Features"":""-"",""Series"":""SIMATIC S7-1200""}"
"6ES72111BE400XB0","CPU 1211C, AC/DC/RELAY, 6DI/4DO/","Siemens","PLC & Controllers","313.77","0","CPU 1211C, AC/DC/RELAY, 6DI/4DO/","https://media.distributordatasolutions.com/siemenscomplete/2023q3/documents/4c05f1a903266bb93844b1d084290f68b2cc17a5.pdf","{""Number of Inputs and Type"":""6 - Digital"",""Number of Outputs and Type"":""4 - Relay"",""Expandable"":""Non-Expandable"",""Voltage - Supply"":""85 ~ 264VAC"",""Display Type"":""No Display"",""Number of Characters Per Row"":""-"",""Communications"":""-"",""Memory Size"":""50KB"",""Mounting Type"":""Panel Mount"",""Features"":""-"",""Series"":""SIMATIC""}"
"6ES72111AE400XB0","CPU 1211C, DC/DC/DC, 6DI/4DO/2AI","Siemens","PLC & Controllers","313.77","0","CPU 1211C, DC/DC/DC, 6DI/4DO/2AI","https://media.distributordatasolutions.com/siemenscomplete/2023q3/documents/3d4a79624d99527dafd72d31d273d3e387f2a703.pdf","{""Number of Inputs and Type"":""6 - Digital"",""Number of Outputs and Type"":""4 - Pulse (4)"",""Expandable"":""Non-Expandable"",""Voltage - Supply"":""20.4 ~ 28.8VDC"",""Display Type"":""No Display"",""Number of Characters Per Row"":""-"",""Communications"":""-"",""Memory Size"":""50KB"",""Mounting Type"":""Panel Mount"",""Features"":""-"",""Series"":""SIMATIC""}"
"6ES72121AG500XB0","CPU 1212C .DC/DC/DC. 8DI/6DQ","Siemens","PLC & Controllers","339.56","0","CPU 1212C .DC/DC/DC. 8DI/6DQ","//mm.digikey.com/Volume0/opasdata/d220001/medias/docus/7134/6ES72121AG500XB0datasheeten.pdf","{""Number of Inputs and Type"":""8 - Digital"",""Number of Outputs and Type"":""6 - Digital"",""Expandable"":""Non-Expandable"",""Voltage - Supply"":""24VDC"",""Display Type"":""No Display"",""Number of Characters Per Row"":""-"",""Communications"":""Ethernet, Modbus, PROFIBUS, RJ45"",""Memory Size"":""150KB"",""Mounting Type"":""Panel Mount"",""Features"":""-"",""Series"":""SIMATIC""}"
"6ES72121BE400XB0","CPU 1212C, AC/DC/RELAY, 8DI/6DO/","Siemens","PLC & Controllers","425.52","0","CPU 1212C, AC/DC/RELAY, 8DI/6DO/","https://media.distributordatasolutions.com/siemenscomplete/2023q3/documents/cf201f94488de42546726099bf0ec40743f29591.pdf","{""Number of Inputs and Type"":""8 - Digital"",""Number of Outputs and Type"":""6 - Relay"",""Expandable"":""Non-Expandable"",""Voltage - Supply"":""85 ~ 264VAC"",""Display Type"":""No Display"",""Number of Characters Per Row"":""-"",""Communications"":""-"",""Memory Size"":""75KB"",""Mounting Type"":""Panel Mount"",""Features"":""-"",""Series"":""SIMATIC""}"
"6ES72141BG400XB0","CPU 1214C, AC/DC/RELAY, 14DI/10D","Siemens","PLC & Controllers","678.86","0","CPU 1214C, AC/DC/RELAY, 14DI/10D","https://media.distributordatasolutions.com/262/csv_siemens/3bfb3e5a7ed7f5ca1f9715925faf5446e1733302.pdf","{""Number of Inputs and Type"":""14 - Digital"",""Number of Outputs and Type"":""10 - Relay"",""Expandable"":""Non-Expandable"",""Voltage - Supply"":""120 ~ 230VAC"",""Display Type"":""No Display"",""Number of Characters Per Row"":""-"",""Communications"":""Ethernet, RJ45"",""Memory Size"":""100kB"",""Mounting Type"":""DIN Rail"",""Features"":""-"",""Series"":""SIMATIC S7-1200""}"
"6ES72111HE400XB0","CPU 1211C, DC/DC/RELAY, 6DI/4DO/","Siemens","PLC & Controllers","313.77","0","CPU 1211C, DC/DC/RELAY, 6DI/4DO/","https://media.distributordatasolutions.com/siemenscomplete/2023q3/documents/2df142123db2a38420fa50c7f9f4df5a67b360b7.pdf","{""Number of Inputs and Type"":""6 - Digital"",""Number of Outputs and Type"":""4 - Relay"",""Expandable"":""Non-Expandable"",""Voltage - Supply"":""20.4 ~ 28.8VDC"",""Display Type"":""No Display"",""Number of Characters Per Row"":""-"",""Communications"":""-"",""Memory Size"":""50KB"",""Mounting Type"":""Panel Mount"",""Features"":""-"",""Series"":""SIMATIC""}"
"6ED10522MD080BA3","LOGO 12/24RCEO. 8DI(4AI)/4DO.800","Siemens","PLC & Controllers","180.52","0","LOGO 12/24RCEO. 8DI(4AI)/4DO.800","//mm.digikey.com/Volume0/opasdata/d220001/medias/docus/8936/6ED10522MD080BA3.pdf","{""Number of Inputs and Type"":""8 - Digital"",""Number of Outputs and Type"":""4 - Relay"",""Expandable"":""Expandable"",""Voltage - Supply"":""24VDC"",""Display Type"":""No Display"",""Number of Characters Per Row"":""-"",""Communications"":""Ethernet"",""Memory Size"":""800 Blocks"",""Mounting Type"":""DIN Rail"",""Features"":""-"",""Series"":""LOGO!""}"
"6ED10522FB080BA2","LOGO 230RCEO. 8DI/4DO.400 BLOCKS","Siemens","PLC & Controllers","180.52","0","LOGO 230RCEO. 8DI/4DO.400 BLOCKS","//mm.digikey.com/Volume0/opasdata/d220001/medias/docus/6633/6ED10522FB080BA2_datasheet_en.pdf","{""Number of Inputs and Type"":""8 - Digital"",""Number of Outputs and Type"":""4 - Relay"",""Expandable"":""Expandable"",""Voltage - Supply"":""115/230VAC"",""Display Type"":""No Display"",""Number of Characters Per Row"":""-"",""Communications"":""Ethernet"",""Memory Size"":""400 Blocks"",""Mounting Type"":""DIN Rail"",""Features"":""-"",""Series"":""-""}"
"6ED10521CC080BA3","LOGO  24CE. 8DI(4AI)/4DO. 800 BL","Siemens","PLC & Controllers","197.72","0","LOGO  24CE. 8DI(4AI)/4DO. 800 BL","//mm.digikey.com/Volume0/opasdata/d220001/medias/docus/8936/6ED10521CC080BA3.pdf","{""Number of Inputs and Type"":""8 - Digital"",""Number of Outputs and Type"":""4 - Solid State"",""Expandable"":""Expandable"",""Voltage - Supply"":""24VDC"",""Display Type"":""-"",""Number of Characters Per Row"":""-"",""Communications"":""Ethernet"",""Memory Size"":""800 Blocks"",""Mounting Type"":""DIN Rail"",""Features"":""-"",""Series"":""LOGO!""}"
"6ED10521HB080BA3","LOGO  24RCE. 8DI/4DO. 800 BLOCKS","Siemens","PLC & Controllers","227.8","0","LOGO  24RCE. 8DI/4DO. 800 BLOCKS","//mm.digikey.com/Volume0/opasdata/d220001/medias/docus/8936/6ED10521HB080BA3.pdf","{""Number of Inputs and Type"":""8 - Digital"",""Number of Outputs and Type"":""4 - Relay"",""Expandable"":""Expandable"",""Voltage - Supply"":""24VDC"",""Display Type"":""-"",""Number of Characters Per Row"":""-"",""Communications"":""Ethernet"",""Memory Size"":""800 Blocks"",""Mounting Type"":""DIN Rail"",""Features"":""-"",""Series"":""LOGO!""}"
"6ED10521MD080BA3","LOGO 12/24RCE. 8DI(4AI)/4DO. 800","Siemens","PLC & Controllers","227.8","0","LOGO 12/24RCE. 8DI(4AI)/4DO. 800","//mm.digikey.com/Volume0/opasdata/d220001/medias/docus/8936/6ED10521MD080BA3.pdf","{""Number of Inputs and Type"":""8 - Digital"",""Number of Outputs and Type"":""4 - Relay"",""Expandable"":""Expandable"",""Voltage - Supply"":""24VDC"",""Display Type"":""-"",""Number of Characters Per Row"":""-"",""Communications"":""Ethernet"",""Memory Size"":""800 Blocks"",""Mounting Type"":""DIN Rail"",""Features"":""-"",""Series"":""LOGO!""}"
"6SL32440BB121FA0","SINAMICS G120 CONTROL UNIT CU240","Siemens","Drives & VFDs","525.34","0","SINAMICS G120 CONTROL UNIT CU240","//mm.digikey.com/Volume0/opasdata/d220001/medias/docus/8880/6SL32440BB121FA0.pdf","{""Mounting Type"":""Chassis Mount"",""Number of Motors"":""1"",""Voltage - Load"":""24V"",""Current - Output"":""0.5A"",""Voltage - Supply"":""20 ~ 29VDC"",""Interface"":""-"",""Features"":""-"",""Operating Temperature"":""-10°C ~ 55°C"",""Ingress Protection"":""IP20"",""Approval Agency"":""CE"",""Series"":""SINAMICS""}"
"6SL32105BE318UV0","SINAMICS V20, 3AC400V 18,5KW FIL","Siemens","Drives & VFDs","2788.43","0","SINAMICS V20, 3AC400V 18,5KW FIL","https://media.distributordatasolutions.com/siemenscomplete/2023q3/documents/549d1b2c99bf39265873e0a4bdedefc73cadb6d3.pdf","{""Mounting Type"":""Chassis Mount"",""Voltage - Load"":""400 ~ 480V"",""Current - Output"":""45A"",""Wattage - Load"":""22000 W"",""Voltage - Supply"":""380 ~ 480VAC"",""Interface"":""-"",""Features"":""-"",""Operating Temperature"":""-10°C ~ 60°C"",""Series"":""SINAMICS""}"
"6SL32105BB215UV1","SINAMICS V20. FSAC. 1AC230V 1.5K","Siemens","Drives & VFDs","462.85","0","SINAMICS V20. FSAC. 1AC230V 1.5K","https://media.distributordatasolutions.com/siemenscomplete/2023q3/documents/9b9faad2f656cc1e35324cfba7e6435b6adaeacc.pdf","{""Mounting Type"":""Chassis Mount"",""Voltage - Load"":""230 ~ 240V"",""Current - Output"":""7.8A"",""Wattage - Load"":""1500 W"",""Voltage - Supply"":""200 ~ 240VAC"",""Interface"":""-"",""Features"":""-"",""Operating Temperature"":""-10°C ~ 60°C"",""Series"":""SINAMICS""}"
"6SL32303YE400UF0","G120X IP20 380-480V 55KW FSE UF","Siemens","Drives & VFDs","8336.88","0","G120X IP20 380-480V 55KW FSE UF","https://media.distributordatasolutions.com/siemenscomplete/2023q3/documents/a0721b2e7d8a7f125690b45e8543b090f1c60b0d.pdf","{""Mounting Type"":""Chassis Mount"",""Voltage - Load"":""400 ~ 480V"",""Current - Output"":""149A"",""Wattage - Load"":""55000 W"",""Voltage - Supply"":""380 ~ 480VAC"",""Interface"":""-"",""Features"":""-"",""Operating Temperature"":""-20°C ~ 45°C"",""Series"":""SINAMICS""}"
"6SL32203YE420UF0","G120X IP20 380...480V 75KW FSF U","Siemens","Drives & VFDs","9186.05","0","G120X IP20 380...480V 75KW FSF U","https://media.distributordatasolutions.com/siemenscomplete/2023q3/documents/a5fda6b94aa5e09cef225518540324b94a1aabf3.pdf","{""Mounting Type"":""Chassis Mount"",""Voltage - Load"":""400 ~ 480V"",""Current - Output"":""196A"",""Wattage - Load"":""75000 W"",""Voltage - Supply"":""380 ~ 480VAC"",""Interface"":""-"",""Features"":""-"",""Operating Temperature"":""-20°C ~ 45°C"",""Series"":""SINAMICS G120X""}"
"6SL32430BB301FA0","SINAMICS G120 CU230P-2 PN PROFIN","Siemens","Drives & VFDs","544.92","0","SINAMICS G120 CU230P-2 PN PROFIN","//mm.digikey.com/Volume0/opasdata/d220001/medias/docus/8880/6SL32430BB301FA0.pdf","{""Mounting Type"":""Chassis Mount"",""Number of Motors"":""1"",""Voltage - Load"":""24V"",""Current - Output"":""0.5A"",""Voltage - Supply"":""20 ~ 29VDC"",""Interface"":""-"",""Features"":""-"",""Operating Temperature"":""-10°C ~ 60°C"",""Ingress Protection"":""IP20"",""Approval Agency"":""CE"",""Series"":""SINAMICS""}"
"6SL32101PE143UL1","SINAMICS PM240-2 IP20-FSA-U-400V","Siemens","Drives & VFDs","609.96","0","SINAMICS PM240-2 IP20-FSA-U-400V","//mm.digikey.com/Volume0/opasdata/d220001/medias/docus/8880/6SL32101PE143UL1.pdf","{""Mounting Type"":""Chassis Mount"",""Number of Motors"":""1"",""Voltage - Load"":""400 ~ 480V"",""Current - Output"":""4.1A"",""Wattage - Load"":""1500 W"",""Voltage - Supply"":""380 ~ 480VAC"",""Interface"":""-"",""Features"":""-"",""Operating Temperature"":""-10°C ~ 50°C"",""Ingress Protection"":""IP20"",""Approval Agency"":""CE"",""Series"":""SINAMICS PM240-2""}"
"6SL32460BA221FA0","SINAMICS G120 CONTROL UNIT CU250","Siemens","Drives & VFDs","683.38","0","SINAMICS G120 CONTROL UNIT CU250","//mm.digikey.com/Volume0/opasdata/d220001/medias/docus/8880/6SL3246-0BA22-1FA0-Datasheet.pdf","{""Mounting Type"":""Chassis Mount"",""Number of Motors"":""1"",""Voltage - Load"":""24V"",""Current - Output"":""2A"",""Voltage - Supply"":""20 ~ 29VDC"",""Interface"":""-"",""Features"":""-"",""Operating Temperature"":""-10°C ~ 50°C"",""Ingress Protection"":""IP20"",""Approval Agency"":""CE"",""Series"":""SINAMICS""}"
"6SL32101KE123UF2","SINAMICS G120C RATED POWER 0.75K","Siemens","Drives & VFDs","780.72","0","SINAMICS G120C RATED POWER 0.75K","//mm.digikey.com/Volume0/opasdata/d220001/medias/docus/8880/SINAMICS-G120C-Datasheet.pdf","{""Mounting Type"":""Chassis Mount"",""Number of Motors"":""1"",""Voltage - Load"":""400 ~ 480V"",""Current - Output"":""2.2A"",""Wattage - Load"":""750 W"",""Voltage - Supply"":""380 ~ 480VAC"",""Interface"":""-"",""Features"":""-"",""Operating Temperature"":""-10°C ~ 40°C"",""Ingress Protection"":""IP20"",""Approval Agency"":""CE"",""Series"":""-""}"
"6SL32101KE188UF1","SINAMICS G120C,4.0KW,3AC,480V,FS","Siemens","Drives & VFDs","1235.37","0","SINAMICS G120C,4.0KW,3AC,480V,FS","//mm.digikey.com/Volume0/opasdata/d220001/medias/docus/8880/SINAMICS-G120C-Datasheet.pdf","{""Mounting Type"":""Chassis Mount"",""Number of Motors"":""1"",""Voltage - Load"":""400 ~ 480V"",""Current - Output"":""8.8A"",""Wattage - Load"":""4000 W"",""Voltage - Supply"":""380 ~ 480VAC"",""Interface"":""-"",""Features"":""-"",""Operating Temperature"":""-10°C ~ 40°C"",""Ingress Protection"":""IP20"",""Approval Agency"":""CE"",""Series"":""-""}"
"6SL32101PE214UL0","SINAMICS PM240-2 IP20-FSB-U-400V","Siemens","Drives & VFDs","1246.18","0","SINAMICS PM240-2 IP20-FSB-U-400V","//mm.digikey.com/Volume0/opasdata/d220001/medias/docus/8880/SINAMICS-G120-Datasheet.pdf","{""Mounting Type"":""Chassis Mount"",""Number of Motors"":""1"",""Voltage - Load"":""400 ~ 480V"",""Current - Output"":""13.2A"",""Wattage - Load"":""5500 W"",""Voltage - Supply"":""380 ~ 480VAC"",""Interface"":""-"",""Features"":""-"",""Operating Temperature"":""-5°C ~ 40°C"",""Ingress Protection"":""IP20"",""Approval Agency"":""CE"",""Series"":""SINAMICS PM240-2""}"
"6SL32101PE218UL0","SINAMICS G120 POWER MODULE PM240","Siemens","Drives & VFDs","1625.45","0","SINAMICS G120 POWER MODULE PM240","//mm.digikey.com/Volume0/opasdata/d220001/medias/docus/8880/SINAMICS-G120-Datasheet.pdf","{""Mounting Type"":""Chassis Mount"",""Number of Motors"":""1"",""Voltage - Load"":""400 ~ 480V"",""Current - Output"":""18A"",""Wattage - Load"":""7500 W"",""Voltage - Supply"":""380 ~ 480VAC"",""Interface"":""-"",""Features"":""-"",""Operating Temperature"":""-5°C ~ 40°C"",""Ingress Protection"":""IP20"",""Approval Agency"":""CE"",""Series"":""SINAMICS PM240-2""}"
"6SL32105BE211UV0","SINAMICS V20, 3AC400V 1.1KW UNFI","Siemens","Drives & VFDs","471.5","0","SINAMICS V20, 3AC400V 1.1KW UNFI","https://media.distributordatasolutions.com/siemenscomplete/2023q3/documents/24c9bced8966cc3a0ac98aef9ecafc88471130b3.pdf","{""Mounting Type"":""Chassis Mount"",""Voltage - Load"":""400 ~ 480V"",""Current - Output"":""3.1A"",""Wattage - Load"":""1100 W"",""Voltage - Supply"":""380 ~ 480VAC"",""Interface"":""-"",""Features"":""-"",""Operating Temperature"":""-10°C ~ 60°C"",""Series"":""SINAMICS""}"
"6SL32203YE480UF0","G120X IP20 380...480V 132KW FSF","Siemens","Drives & VFDs","13768.23","0","G120X IP20 380...480V 132KW FSF","https://media.distributordatasolutions.com/siemenscomplete/2023q3/documents/d007fe9694fef0f4cf72baa271a4dde79bbeba5a.pdf","{""Mounting Type"":""Chassis Mount"",""Voltage - Load"":""400 ~ 480V"",""Current - Output"":""338A"",""Wattage - Load"":""132000 W"",""Voltage - Supply"":""380 ~ 480VAC"",""Interface"":""-"",""Features"":""-"",""Operating Temperature"":""-20°C ~ 45°C"",""Series"":""SINAMICS G120X""}"
"6SL32105BB137UV1","SINAMICS V20. 1AC230V 0.37KW UNF","Siemens","Drives & VFDs","320.01","0","SINAMICS V20. 1AC230V 0.37KW UNF","https://media.distributordatasolutions.com/siemenscomplete/2023q3/documents/c83d2e774c95d2e2f65b59cb7e04ac96351daeee.pdf","{""Mounting Type"":""Chassis Mount"",""Voltage - Load"":""230 ~ 240V"",""Current - Output"":""2.3A"",""Wattage - Load"":""370 W"",""Voltage - Supply"":""200 ~ 240VAC"",""Interface"":""-"",""Features"":""-"",""Operating Temperature"":""-10°C ~ 60°C"",""Series"":""SINAMICS""}"
"6SL32105BB125UV1","SINAMICS V20. 1AC230V 0.25KW UNF","Siemens","Drives & VFDs","302","0","SINAMICS V20. 1AC230V 0.25KW UNF","https://media.distributordatasolutions.com/siemenscomplete/2023q3/documents/d70fb595e8e7d8288aabeb64d6b9eb17ff2f9118.pdf","{""Mounting Type"":""Chassis Mount"",""Voltage - Load"":""230 ~ 240V"",""Current - Output"":""1.7A"",""Wattage - Load"":""250 W"",""Voltage - Supply"":""200 ~ 240VAC"",""Interface"":""-"",""Features"":""-"",""Operating Temperature"":""-10°C ~ 60°C"",""Series"":""SINAMICS""}"
"6SL32105BB175UV1","SINAMICS V20. 1AC230V 0.75KW UNF","Siemens","Drives & VFDs","371.48","0","SINAMICS V20. 1AC230V 0.75KW UNF","https://media.distributordatasolutions.com/siemenscomplete/2023q3/documents/7a00be8aeab66cf20afdbaaf21e35888a1ec48e9.pdf","{""Mounting Type"":""Chassis Mount"",""Voltage - Load"":""230 ~ 240V"",""Current - Output"":""4.2A"",""Wattage - Load"":""750 W"",""Voltage - Supply"":""200 ~ 240VAC"",""Interface"":""-"",""Features"":""-"",""Operating Temperature"":""-10°C ~ 60°C"",""Series"":""SINAMICS""}"
"6SL32203YE160UF0","G120X IP20 380...480V 2.2KW FSA","Siemens","Drives & VFDs","884.16","0","G120X IP20 380...480V 2.2KW FSA","https://media.distributordatasolutions.com/siemenscomplete/2023q3/documents/82d13854d7eff81c936da917702d5c8739d73660.pdf","{""Mounting Type"":""Chassis Mount"",""Voltage - Load"":""400 ~ 480V"",""Current - Output"":""6.4A"",""Wattage - Load"":""2200 W"",""Voltage - Supply"":""380 ~ 480VAC"",""Interface"":""-"",""Features"":""-"",""Operating Temperature"":""-20°C ~ 45°C"",""Series"":""SINAMICS""}"
"6SL32203YE220UF0","G120X IP20 380...480V 5.5KW FSB","Siemens","Drives & VFDs","1138.7","0","G120X IP20 380...480V 5.5KW FSB","https://media.distributordatasolutions.com/siemenscomplete/2023q3/documents/6640e29071b4c549304c33cca02f5452a324d167.pdf","{""Mounting Type"":""Chassis Mount"",""Voltage - Load"":""400 ~ 480V"",""Current - Output"":""18A"",""Wattage - Load"":""5500 W"",""Voltage - Supply"":""380 ~ 480VAC"",""Interface"":""-"",""Features"":""-"",""Operating Temperature"":""-20°C ~ 45°C"",""Series"":""SINAMICS""}"
"6SL32203YE240UF0","G120X IP20 380...480V 7.5KW FSB","Siemens","Drives & VFDs","1625.83","0","G120X IP20 380...480V 7.5KW FSB","https://media.distributordatasolutions.com/siemenscomplete/2023q3/documents/53295504eb84d6eed6a9592d352097bf4e72c0e6.pdf","{""Mounting Type"":""Chassis Mount"",""Voltage - Load"":""400 ~ 480V"",""Current - Output"":""24A"",""Wattage - Load"":""7500 W"",""Voltage - Supply"":""380 ~ 480VAC"",""Interface"":""-"",""Features"":""-"",""Operating Temperature"":""-20°C ~ 45°C"",""Series"":""SINAMICS""}"
"6AV21818XP000AX0","SIMATIC HMI MEMORY CARD,2 G,COMF","Siemens","HMI & Visualization","117.71","0","SIMATIC HMI MEMORY CARD,2 G,COMF","https://media.distributordatasolutions.com/siemenscomplete/2023q3/documents/fe52b8166f6c75583387a898fbbffc38f6999288.pdf","{""Accessory Type"":""Memory Card"",""For Use With/Related Products"":""-"",""Specifications"":""-"",""Series"":""-""}"
"6AV66718XA000AX0","SERVICE PACKAGE CONN 24V 1=10PC","Siemens","HMI & Visualization","49.46","0","SERVICE PACKAGE CONN 24V 1=10PC","https://media.distributordatasolutions.com/siemenscomplete/2023q3/documents/dde1b9471d8022b9be718745a381f31e2d00af6a.pdf","{""Accessory Type"":""Connector"",""For Use With/Related Products"":""-"",""Specifications"":""-"",""Series"":""-""}"
"6AV21232DB030AX0","SIMATIC HMI KTP400 BASIC PANEL K","Siemens","HMI & Visualization","647.91","0","SIMATIC HMI KTP400 BASIC PANEL K","https://media.distributordatasolutions.com/siemenscomplete/2023q3/documents/2230d82325efee45ff9e45dd9dd2edc0332430ca.pdf","{""Type"":""Touchscreen"",""Size - Display"":""4.3\"""",""Display Type"":""Color"",""Case Color"":""Gray"",""Operating Temperature"":""0°C ~ 50°C"",""Ingress Protection"":""IP65 - Dust Tight, Water Resistant"",""Voltage - Supply"":""19.2 ~ 28.8VDC"",""Features"":""-"",""For Use With/Related Products"":""Multiple Manufacturer, Multiple Product"",""Series"":""SIMATIC HMI""}"
"6AV21232GB030AX0","BASIC PANELS","Siemens","HMI & Visualization","1172.19","0","BASIC PANELS","https://media.distributordatasolutions.com/siemenscomplete/2023q3/documents/6ede33478191836af4d14b2a9d4a9cf4185fb0d3.pdf","{""Type"":""Touchscreen"",""Size - Display"":""7.0\"""",""Display Type"":""Color"",""Case Color"":""Black"",""Operating Temperature"":""0°C ~ 50°C"",""Ingress Protection"":""IP65 - Dust Tight, Water Resistant"",""Voltage - Supply"":""24VDC"",""Features"":""-"",""For Use With/Related Products"":""Multiple Manufacturer, Multiple Product"",""Series"":""-""}"
"6AV21242DC010AX0","KTP400 COMFORT, CE6.0","Siemens","HMI & Visualization","1295.83","0","KTP400 COMFORT, CE6.0","https://media.distributordatasolutions.com/siemenscomplete/2023q3/documents/c17decce5d91ca32b58ec931596475ea0e528ff5.pdf","{""Type"":""Touchscreen"",""Size - Display"":""4.3\"""",""Display Type"":""Color"",""Case Color"":""Gray"",""Operating Temperature"":""0°C ~ 50°C"",""Ingress Protection"":""IP65 - Dust Tight, Water Resistant"",""Voltage - Supply"":""19.2 ~ 28.8VDC"",""Features"":""Memory Card Interface"",""For Use With/Related Products"":""Multiple Manufacturer, Multiple Product"",""Series"":""SIMATIC HMI""}"
"6AV21232JB030AX0","SIMATIC HMI KTP900 BASIC","Siemens","HMI & Visualization","2057.5","0","SIMATIC HMI KTP900 BASIC","https://media.distributordatasolutions.com/siemenscomplete/2023q3/documents/4b93ff958373293b64a7aa94361378a31af62e22.pdf","{""Type"":""Touchscreen"",""Size - Display"":""9.0\"""",""Display Type"":""Color"",""Case Color"":""Gray"",""Operating Temperature"":""0°C ~ 50°C"",""Ingress Protection"":""IP65 - Dust Tight, Water Resistant"",""Voltage - Supply"":""24VDC"",""Features"":""-"",""For Use With/Related Products"":""Multiple Manufacturer, Multiple Product"",""Series"":""SIMATIC HMI""}"
"6AV21240GC010AX0","HMI TP700 COMFORT, CE6.0, 7"" TFT","Siemens","HMI & Visualization","2131.69","0","HMI TP700 COMFORT, CE6.0, 7"" TFT","https://media.distributordatasolutions.com/siemenscomplete/2023q3/documents/fa6881208774caccf5f954d527445367d0ee8f29.pdf","{""Type"":""Touchscreen"",""Size - Display"":""7.0\"""",""Display Type"":""Color"",""Case Color"":""Gray"",""Operating Temperature"":""0°C ~ 50°C"",""Ingress Protection"":""IP65 - Dust Tight, Water Resistant"",""Voltage - Supply"":""24VDC"",""Features"":""Memory Card Interface"",""For Use With/Related Products"":""Multiple Manufacturer, Multiple Product"",""Series"":""SIMATIC HMI""}"
"6AV21240GC130AX0","SIMATIC HMI TP700 COMFORT OUTDOO","Siemens","HMI & Visualization","2804.34","0","SIMATIC HMI TP700 COMFORT OUTDOO","https://media.distributordatasolutions.com/262/csv_siemens/4e6abeede58d4d380182cf6df448ad2ec5983203.pdf","{""Type"":""Touchscreen"",""Size - Display"":""7.0\"""",""Display Type"":""Color"",""Case Color"":""Gray"",""Operating Temperature"":""-30°C ~ 60°C"",""Ingress Protection"":""IP66 - Dust Tight, Water Resistant"",""Voltage - Supply"":""24VDC"",""Features"":""Memory Card Interface"",""For Use With/Related Products"":""Multiple Manufacturer, Multiple Product"",""Series"":""SIMATIC HMI""}"
"6AV21232MB030AX0","SIMATIC HMI KTP1200 BASIC, KEY T","Siemens","HMI & Visualization","2932.93","0","SIMATIC HMI KTP1200 BASIC, KEY T","https://media.distributordatasolutions.com/siemenscomplete/2023q3/documents/9f8372aa457d809faa89c848aa53d0b6fd379ec5.pdf","{""Type"":""Touchscreen"",""Size - Display"":""12.0\"""",""Display Type"":""Color"",""Case Color"":""Gray"",""Operating Temperature"":""0°C ~ 50°C"",""Ingress Protection"":""IP65 - Dust Tight, Water Resistant"",""Voltage - Supply"":""19.2 ~ 28.8VDC"",""Features"":""-"",""For Use With/Related Products"":""Multiple Manufacturer, Multiple Product"",""Series"":""SIMATIC HMI""}"
"6AV21240JC010AX0","SIMATIC TP900 WIN/CE OPERATOR PA","Siemens","HMI & Visualization","3659.98","0","SIMATIC TP900 WIN/CE OPERATOR PA","https://media.distributordatasolutions.com/siemenscomplete/2023q3/documents/bffa7d676b237e2d3023bcd994ffc71783f940e9.pdf","{""Type"":""Touchscreen"",""Size - Display"":""9.0\"""",""Display Type"":""Color"",""Case Color"":""Gray"",""Operating Temperature"":""0°C ~ 50°C"",""Ingress Protection"":""IP65 - Dust Tight, Water Resistant"",""Voltage - Supply"":""19.2 ~ 28.8VDC"",""Features"":""Memory Card Interface"",""For Use With/Related Products"":""Multiple Manufacturer, Multiple Product"",""Series"":""SIMATIC HMI""}"
"6AV66718XK000AX0","ALUMINUM TENSIONERS,SET OF 20 FO","Siemens","HMI & Visualization","49.46","0","ALUMINUM TENSIONERS,SET OF 20 FO","https://media.distributordatasolutions.com/siemenscomplete/2023q3/documents/99c756b26d52f0d83e31929a64e91582bf31a055.pdf","{""Accessory Type"":""Mounting Clip"",""For Use With/Related Products"":""Multiple Series"",""Specifications"":""-"",""Series"":""-""}"
"6AV78622BE000AA0","SIMATIC IFP1900 BASIC","Siemens","HMI & Visualization","1529.43","0","SIMATIC IFP1900 BASIC","https://media.distributordatasolutions.com/siemenscomplete/2023q3/documents/2eaa0b7b8cd6d7c3f57a9d0482660f03536cb6fb.pdf","{""Type"":""Touchscreen"",""Size - Display"":""19.0\"""",""Display Type"":""Color"",""Case Color"":""Black"",""Operating Temperature"":""0°C ~ 45°C"",""Ingress Protection"":""IP65 - Dust Tight, Oil and Water Resistant"",""Voltage - Supply"":""20.4 ~ 28.8VDC"",""Features"":""Expansion Interface"",""For Use With/Related Products"":""Multiple Manufacturer, Multiple Product"",""Series"":""SIMATIC""}"
"6AV21283KB060AX1","SIMATIC HMI MTP1000 UNIFIED COMF","Siemens","HMI & Visualization","3051.64","0","SIMATIC HMI MTP1000 UNIFIED COMF","https://media.distributordatasolutions.com/262/csv_siemens/b8d84cea07d5106e5de91f168147c2b3d07ec5bd.pdf","{""Type"":""Touchscreen"",""Size - Display"":""10.1\"""",""Display Type"":""Color"",""Case Color"":""Black"",""Operating Temperature"":""0°C ~ 50°C"",""Ingress Protection"":""IP65 - Dust Tight, Oil and Water Resistant; NEMA 4, 4X"",""Voltage - Supply"":""19.2 ~ 28.8VDC"",""Features"":""Expansion Interface, Memory Card Interface"",""For Use With/Related Products"":""Multiple Manufacturer, Multiple Product"",""Series"":""SIMATIC""}"
"6AV21283XB060AX1","SIMATIC HMI MTP2200 UNIFIED COMF","Siemens","HMI & Visualization","8701.34","0","SIMATIC HMI MTP2200 UNIFIED COMF","https://media.distributordatasolutions.com/siemenscomplete/2023q3/documents/b6d13a7bc419c3d5ea2e54117bc18b6af248b631.pdf","{""Type"":""Touchscreen"",""Size - Display"":""21.5\"""",""Display Type"":""Color"",""Case Color"":""Black"",""Operating Temperature"":""0°C ~ 45°C"",""Ingress Protection"":""IP65 - Dust Tight, Water Resistant"",""Voltage - Supply"":""24VDC"",""Features"":""Expansion Interface, Memory Card Interface"",""For Use With/Related Products"":""Multiple Manufacturer, Multiple Product"",""Series"":""SIMATIC""}"
"6AV66718XK000AX3","CLAMP SET SHEET CLAMP","Siemens","HMI & Visualization","77.99","0","CLAMP SET SHEET CLAMP","https://media.distributordatasolutions.com/262/csv_siemens/41528fb13123c7bfc78039d713a02250a50feec3.pdf","{""Accessory Type"":""Mounting Clip"",""For Use With/Related Products"":""-"",""Specifications"":""-"",""Series"":""-""}"
"6AV76740LX000AA0","1-PORT USB INTERFACE (PRO UNITS)","Siemens","HMI & Visualization","383.88","0","1-PORT USB INTERFACE (PRO UNITS)","https://media.distributordatasolutions.com/262/csv_siemens/a67a11e00fe7112545df9ab1f310dffdc8a51fc5.pdf","{""Accessory Type"":""USB Interface"",""For Use With/Related Products"":""-"",""Specifications"":""-"",""Series"":""-""}"
"6AV21232GA030AX0","SIMATIC HMI KTP700 BASIC WITH PR","Siemens","HMI & Visualization","1172.19","0","SIMATIC HMI KTP700 BASIC WITH PR","https://media.distributordatasolutions.com/262/csv_siemens/75141017652853e7dc1432d0d5b9fa8e0f56b631.pdf","{""Type"":""Touchscreen"",""Size - Display"":""7.0\"""",""Display Type"":""Color"",""Case Color"":""Gray"",""Operating Temperature"":""0°C ~ 50°C"",""Ingress Protection"":""IP65 - Dust Tight, Water Resistant"",""Voltage - Supply"":""19.2 ~ 28.8VDC"",""Features"":""-"",""For Use With/Related Products"":""Multiple Manufacturer, Multiple Product"",""Series"":""SIMATIC HMI""}"
"6AV21283GB060AX1","SIMATIC HMI MTP700 UNIFIED COMFO","Siemens","HMI & Visualization","1849.78","0","SIMATIC HMI MTP700 UNIFIED COMFO","https://media.distributordatasolutions.com/262/csv_siemens/08eee03e0dcc00287e3c9c5e61f6a0b3e2e5bc59.pdf","{""Type"":""Touchscreen"",""Size - Display"":""7.0\"""",""Display Type"":""Color"",""Case Color"":""Black"",""Operating Temperature"":""0°C ~ 50°C"",""Ingress Protection"":""IP65 - Dust Tight, Oil and Water Resistant; NEMA 4"",""Voltage - Supply"":""19.2 ~ 28.8VDC"",""Features"":""Expansion Interface, Memory Card Interface"",""For Use With/Related Products"":""Multiple Manufacturer, Multiple Product"",""Series"":""SIMATIC""}"
"6AV21283MB060AX1","SIMATIC HMI MTP1200 UNIFIED COMF","Siemens","HMI & Visualization","3932.01","0","SIMATIC HMI MTP1200 UNIFIED COMF","https://media.distributordatasolutions.com/siemenscomplete/2023q3/documents/79332dfcc80a4897fb59c2d5d922da84cdb551e4.pdf","{""Type"":""Touchscreen"",""Size - Display"":""12.1\"""",""Display Type"":""Color"",""Case Color"":""Black"",""Operating Temperature"":""0°C ~ 50°C"",""Ingress Protection"":""IP65 - Dust Tight, Oil and Water Resistant; NEMA 4"",""Voltage - Supply"":""19.2 ~ 28.8VDC"",""Features"":""Expansion Interface, Memory Card Interface"",""For Use With/Related Products"":""Multiple Manufacturer, Multiple Product"",""Series"":""SIMATIC""}"
"6AV21240MC010AX0","TP1200 COMFORT, CE6.0, 12"" TFT,","Siemens","HMI & Visualization","4738.19","0","TP1200 COMFORT, CE6.0, 12"" TFT,","https://media.distributordatasolutions.com/siemenscomplete/2023q3/documents/71be4bfca7db79d6fa40b1c4f2a0db67e64b6eb3.pdf","{""Type"":""Touchscreen"",""Size - Display"":""12.1\"""",""Display Type"":""Color"",""Case Color"":""Gray"",""Operating Temperature"":""0°C ~ 50°C"",""Ingress Protection"":""IP65 - Dust Tight, Water Resistant"",""Voltage - Supply"":""24VDC"",""Features"":""Memory Card Interface"",""For Use With/Related Products"":""Multiple Manufacturer, Multiple Product"",""Series"":""SIMATIC HMI""}"
"3RT20151BB41","CONTACTOR S00 7A 24VDC 1NO SCRW","Siemens","Motor Control","115.23","0","CONTACTOR S00 7A 24VDC 1NO SCRW","https://media.distributordatasolutions.com/siemenscomplete/2023q3/documents/da7368dea39ea0ab78f06c2cae7d8a6f29a93441.pdf","{""Mounting Type"":""Chassis Mount, DIN Rail"",""Coil Voltage"":""24VDC"",""Contact Form"":""3PST-NO (3 Form A)"",""Contact Rating (Current)"":""7 A"",""Switching Voltage"":""690VAC - Max"",""Features"":""Auxiliary Contacts"",""Termination Style"":""Screw Terminal"",""Operating Temperature"":""-25°C ~ 60°C"",""Must Operate Voltage"":""19.2 VDC"",""Must Release Voltage"":""-"",""Series"":""3RT2""}"
"3RT20161BB42","CONTACTOR S00 9A 24VDC 1NC SCRW","Siemens","Motor Control","121.88","0","CONTACTOR S00 9A 24VDC 1NC SCRW","https://media.distributordatasolutions.com/siemenscomplete/2023q3/documents/9ad4d6beaceb48bd29ef2c3a4b3ea2bd5c63adfd.pdf","{""Mounting Type"":""Chassis Mount, DIN Rail"",""Coil Voltage"":""24VDC"",""Contact Form"":""3PST-NO (3 Form A)"",""Contact Rating (Current)"":""9 A"",""Switching Voltage"":""690VAC - Max"",""Features"":""Auxiliary Contacts"",""Termination Style"":""Screw Terminal"",""Operating Temperature"":""-25°C ~ 60°C"",""Must Operate Voltage"":""19.2 VDC"",""Must Release Voltage"":""-"",""Series"":""3RT2""}"
"3RH21221BB40","CONTACTOR RELAY 2NO+2NC DC 24V S","Siemens","Motor Control","139.1","0","CONTACTOR RELAY 2NO+2NC DC 24V S","https://media.distributordatasolutions.com/siemenscomplete/2023q3/documents/2000ad17324f16055a53c22a7e207cf14dd98600.pdf","{""Mounting Type"":""Chassis Mount, DIN Rail"",""Coil Voltage"":""24VDC"",""Contact Form"":""3PST-NO (3 Form A)"",""Switching Voltage"":""-"",""Features"":""Auxiliary Contacts"",""Termination Style"":""Screw Terminal"",""Operating Temperature"":""-25°C ~ 60°C"",""Must Operate Voltage"":""19.2 VDC"",""Must Release Voltage"":""-"",""Series"":""3RH2""}"
"3RH21311BB40","CONTACTOR RELAY 3NO+1NC DC 24V S","Siemens","Motor Control","139.1","0","CONTACTOR RELAY 3NO+1NC DC 24V S","https://media.distributordatasolutions.com/siemenscomplete/2023q3/documents/bcefa3c56a4a7afb3fd834a0a5f95b2622eddf2b.pdf","{""Mounting Type"":""Chassis Mount, DIN Rail"",""Coil Voltage"":""24VDC"",""Contact Form"":""3PST-NO (3 Form A)"",""Switching Voltage"":""-"",""Features"":""Auxiliary Contacts"",""Termination Style"":""Screw Terminal"",""Operating Temperature"":""-25°C ~ 60°C"",""Must Operate Voltage"":""19.2 VDC"",""Must Release Voltage"":""-"",""Series"":""3RH2""}"
"3RT20261AK60","CONTACTOR S0 25A 120VAC 1NO/1NC","Siemens","Motor Control","212.12","0","CONTACTOR S0 25A 120VAC 1NO/1NC","https://media.distributordatasolutions.com/siemenscomplete/2023q3/documents/dabf37835e8fca3d25dc84d9b972ab0ae1bd8aa2.pdf","{""Mounting Type"":""Chassis Mount, DIN Rail"",""Coil Voltage"":""120VAC"",""Contact Form"":""3PST-NO (3 Form A)"",""Contact Rating (Current)"":""25 A"",""Switching Voltage"":""690VAC - Max"",""Features"":""Auxiliary Contacts"",""Termination Style"":""Screw Terminal"",""Operating Temperature"":""-25°C ~ 60°C"",""Must Operate Voltage"":""96 VAC"",""Must Release Voltage"":""-"",""Series"":""3RT2""}"
"3RT20261BB40","CONTACTOR S0 25A 24VDC 1NO/1NC S","Siemens","Motor Control","328.97","0","CONTACTOR S0 25A 24VDC 1NO/1NC S","https://media.distributordatasolutions.com/siemenscomplete/2023q3/documents/c2ef27837284370f6da83f9f719f6c19fd51ee06.pdf","{""Mounting Type"":""Chassis Mount, DIN Rail"",""Coil Voltage"":""24VDC"",""Contact Form"":""3PST-NO (3 Form A)"",""Contact Rating (Current)"":""25 A"",""Switching Voltage"":""690VAC - Max"",""Features"":""Auxiliary Contacts"",""Termination Style"":""Screw Terminal"",""Operating Temperature"":""-25°C ~ 60°C"",""Must Operate Voltage"":""19.2 VDC"",""Must Release Voltage"":""-"",""Series"":""3RT2""}"
"3RT29161BB00","SURGE SUPPRESR S00 VARISTOR AC 2","Siemens","Motor Control","27.4","0","SURGE SUPPRESR S00 VARISTOR AC 2","https://media.distributordatasolutions.com/siemenscomplete/2023q3/documents/ec11bb99e26cbb28af41942db2f42b35816f0138.pdf","{""Accessory Type"":""Surge Suppressor"",""For Use With/Related Products"":""Contactors"",""Series"":""SIRIUS 3RT2""}"
"3RH29111HA11","AUX. SWITCH 1NO+1NC FOR S00 & S0","Siemens","Motor Control","31.49","0","AUX. SWITCH 1NO+1NC FOR S00 & S0","https://media.distributordatasolutions.com/siemenscomplete/2023q3/documents/845c1044a7723727281991782e9d16eb15eff46c.pdf","{""Accessory Type"":""Auxiliary Switch"",""For Use With/Related Products"":""3RH, 3RT Contactors"",""Series"":""SIRIUS 3RH2""}"
"3RH29111FA22","AUX. SWITCH 2NO+2NC S00 & S0 SCR","Siemens","Motor Control","50.97","0","AUX. SWITCH 2NO+2NC S00 & S0 SCR","https://media.distributordatasolutions.com/siemenscomplete/2023q3/documents/2a56809bc90fc28166a66389f83f6fc3c2bfa76c.pdf","{""Accessory Type"":""Auxiliary Switch"",""For Use With/Related Products"":""3RH, 3RT Contactors"",""Series"":""SIRIUS 3RH2""}"
"3RH29111FA40","AUX. SWITCH 4NO FOR S00 & S0 SCR","Siemens","Motor Control","50.97","0","AUX. SWITCH 4NO FOR S00 & S0 SCR","https://media.distributordatasolutions.com/siemenscomplete/2023q3/documents/de78a7de69a88d0ae40d5160e486ece11f0dbf47.pdf","{""Accessory Type"":""Auxiliary Switch"",""For Use With/Related Products"":""3RH, 3RT Contactors"",""Series"":""SIRIUS 3RH2""}"
"3RH29111HA22","AUX. SWITCH 2NO+2NC FOR S00 & S0","Siemens","Motor Control","50.97","0","AUX. SWITCH 2NO+2NC FOR S00 & S0","https://media.distributordatasolutions.com/siemenscomplete/2023q3/documents/c05e54ab30326a81395e539e6e9f0664f8743c44.pdf","{""Accessory Type"":""Auxiliary Switch"",""For Use With/Related Products"":""3RH, 3RT Contactors"",""Series"":""SIRIUS 3RH2""}"
"3RT20161BB41","CONTACTOR_AC3:4KW_1S_DC24V","Siemens","Motor Control","121.88","0","CONTACTOR_AC3:4KW_1S_DC24V","https://media.distributordatasolutions.com/siemenscomplete/2023q3/documents/d3203bb55c0d4594447404e355da517acfbc3655.pdf","{""Mounting Type"":""Chassis Mount, DIN Rail"",""Coil Voltage"":""24VDC"",""Contact Form"":""3PST-NO (3 Form A)"",""Contact Rating (Current)"":""9 A"",""Switching Voltage"":""690VAC - Max"",""Features"":""Auxiliary Contacts"",""Termination Style"":""Screw Terminal"",""Operating Temperature"":""-25°C ~ 60°C"",""Must Operate Voltage"":""19.2 VDC"",""Must Release Voltage"":""-"",""Series"":""3RT2""}"
"3RT20241AK60","CONTACTOR S0 12A 120VAC 1NO/1NC","Siemens","Motor Control","124.93","0","CONTACTOR S0 12A 120VAC 1NO/1NC","https://media.distributordatasolutions.com/262/csv_siemens/b0fd5abbf3f5d6cc047f95bdf403c254892892e7.pdf","{""Mounting Type"":""Chassis Mount, DIN Rail"",""Coil Voltage"":""120VAC"",""Contact Form"":""3PST-NO (3 Form A)"",""Contact Rating (Current)"":""12 A"",""Switching Voltage"":""690VAC - Max"",""Features"":""Auxiliary Contacts"",""Termination Style"":""Screw Terminal"",""Operating Temperature"":""-25°C ~ 60°C"",""Must Operate Voltage"":""96 VAC"",""Must Release Voltage"":""-"",""Series"":""3RT2""}"
"3RH21222BB40","CONTACTOR RELAY 2NO+2NC DC 24V S","Siemens","Motor Control","147.43","0","CONTACTOR RELAY 2NO+2NC DC 24V S","https://media.distributordatasolutions.com/262/csv_siemens/c1b532cba336dee93db3cd2d3370b011209d94e8.pdf","{""Mounting Type"":""Chassis Mount, DIN Rail"",""Coil Voltage"":""24VDC"",""Contact Form"":""3PST-NO (3 Form A)"",""Switching Voltage"":""-"",""Features"":""Auxiliary Contacts"",""Termination Style"":""Spring Terminal"",""Operating Temperature"":""-25°C ~ 60°C"",""Must Operate Voltage"":""19.2 VDC"",""Must Release Voltage"":""-"",""Series"":""3RH2""}"
"3RT23171BB40","CONTACTOR RES S00 20A 24VDC 4NO","Siemens","Motor Control","156.56","0","CONTACTOR RES S00 20A 24VDC 4NO","https://media.distributordatasolutions.com/siemenscomplete/2023q3/documents/caaac223c980cb83c1c157d5aaa822a3d1130457.pdf","{""Mounting Type"":""Chassis Mount, DIN Rail"",""Coil Voltage"":""24VDC"",""Contact Form"":""4PST-NO (4 Form A)"",""Contact Rating (Current)"":""22 A"",""Switching Voltage"":""690VAC - Max"",""Features"":""Auxiliary Contacts"",""Termination Style"":""Screw Terminal"",""Operating Temperature"":""-25°C ~ 60°C"",""Must Operate Voltage"":""19.2 VDC"",""Must Release Voltage"":""-"",""Series"":""3RT2""}"
"3RT20252BB40","CONTACTOR S0 16A 24VDC 1NO/1NC S","Siemens","Motor Control","298.56","0","CONTACTOR S0 16A 24VDC 1NO/1NC S","https://media.distributordatasolutions.com/siemenscomplete/2023q3/documents/27765f1ab0de5959413b196ca8a0d4dab3028d62.pdf","{""Mounting Type"":""Chassis Mount, DIN Rail"",""Coil Voltage"":""24VDC"",""Contact Form"":""3PST-NO (3 Form A)"",""Contact Rating (Current)"":""40 A"",""Switching Voltage"":""690VAC - Max"",""Features"":""Auxiliary Contacts"",""Termination Style"":""Spring Terminal"",""Operating Temperature"":""-25°C ~ 60°C"",""Must Operate Voltage"":""19.2 VDC"",""Must Release Voltage"":""-"",""Series"":""3RT2""}"
"3RT20271AK60","CONTACTOR S0 32A 120VAC 1NO/1NC","Siemens","Motor Control","300.2","0","CONTACTOR S0 32A 120VAC 1NO/1NC","https://media.distributordatasolutions.com/siemenscomplete/2023q3/documents/9fcf4dad132574dafeb8e39976fa0488619bdc02.pdf","{""Mounting Type"":""Chassis Mount, DIN Rail"",""Coil Voltage"":""120VAC"",""Contact Form"":""3PST-NO (3 Form A)"",""Contact Rating (Current)"":""32 A"",""Switching Voltage"":""690VAC - Max"",""Features"":""Auxiliary Contacts"",""Termination Style"":""Screw Terminal"",""Operating Temperature"":""-25°C ~ 60°C"",""Must Operate Voltage"":""96 VAC"",""Must Release Voltage"":""-"",""Series"":""3RT2""}"
"3RT20281BB40","CONTACTOR S0 38A 24VDC 1NO/1NC S","Siemens","Motor Control","475.92","0","CONTACTOR S0 38A 24VDC 1NO/1NC S","https://media.distributordatasolutions.com/siemenscomplete/2023q3/documents/e9a1791d3818579db67184c5442e660d29d973f4.pdf","{""Mounting Type"":""Chassis Mount, DIN Rail"",""Coil Voltage"":""24VDC"",""Contact Form"":""3PST-NO (3 Form A)"",""Contact Rating (Current)"":""38 A"",""Switching Voltage"":""690VAC - Max"",""Features"":""Auxiliary Contacts"",""Termination Style"":""Screw Terminal"",""Operating Temperature"":""-25°C ~ 60°C"",""Must Operate Voltage"":""19.2 VDC"",""Must Release Voltage"":""-"",""Series"":""3RT2""}"
"3RT29161CB00","SURGE SUPPRESR S00 RC ELEMENT AC","Siemens","Motor Control","25.86","0","SURGE SUPPRESR S00 RC ELEMENT AC","https://media.distributordatasolutions.com/siemenscomplete/2023q3/documents/15a73aa993b43e9287ff62b9f0ad5a83ef1fd351.pdf","{""Accessory Type"":""Surge Suppressor"",""For Use With/Related Products"":""Contactors"",""Series"":""SIRIUS 3RT2""}"
"3RT29161DG00","ACC_CONTACTORS_SURGE DIODE 12-25","Siemens","Motor Control","27.4","0","ACC_CONTACTORS_SURGE DIODE 12-25","https://media.distributordatasolutions.com/siemenscomplete/2023q3/documents/bd766db35482eb83a6501f5569324012abc02c5c.pdf","{""Accessory Type"":""Surge Suppressor"",""For Use With/Related Products"":""Contactors"",""Series"":""SIRIUS 3RT2""}"
"3SE50000AH00","OPERATING HEAD, SIDE ROTARY, MOM","Siemens","Sensors & Switches","76.47","0","OPERATING HEAD, SIDE ROTARY, MOM","https://media.distributordatasolutions.com/siemenscomplete/2023q3/documents/2083edc0b74f40f0e40960afecaca70a01f06341.pdf","{""Accessory Type"":""Actuator - Limit Switch"",""For Use With/Related Products"":""3SE5 Series"",""Series"":""3SE5""}"
"3SE51320CJ01","SWITCH LIMIT DPST 6A 125V","Siemens","Sensors & Switches","168.67","0","SWITCH LIMIT DPST 6A 125V","https://media.distributordatasolutions.com/siemenscomplete/2023q3/documents/e7b5eca59c9491ea25d677187a50bacf0aa84bf4.pdf","{""Circuit"":""DPST-NO/NC"",""Switch Function"":""On-Mom, Off-Mom"",""Current Rating (Amps)"":""6A (AC), 550mA (DC)"",""Voltage Rating - AC"":""125 V"",""Voltage Rating - DC"":""125 V"",""Actuator Type"":""Side Rotary, Roller"",""Mounting Type"":""Chassis Mount"",""Termination Style"":""Screw Terminal"",""Ingress Protection"":""IP66/IP67 - Dust Tight, Water Resistant, Waterproof"",""Features"":""-"",""Operating Force"":""-"",""Release Force"":""-"",""Operating Position"":""-"",""Pretravel"":""-"",""Differential Travel"":""-"",""Overtravel"":""-"",""Mechanical Life"":""15,000,000 Cycles"",""Electrical Life"":""100,000 Cycles"",""Operating Temperature"":""-"",""Series"":""3SE5""}"
"3SE50000PA00","LIMIT SWITCH BLOCK,2NO+1NC,SLOW-","Siemens","Sensors & Switches","73.28","0","LIMIT SWITCH BLOCK,2NO+1NC,SLOW-","https://media.distributordatasolutions.com/siemenscomplete/2023q3/documents/1a1f2a6ea31ef887be30fe98b5ef7982c94de68a.pdf","{""Accessory Type"":""Contact Block"",""For Use With/Related Products"":""3SE5 Series"",""Series"":""SIRIUS""}"
"3SE52320HC05","SWITCH LIMIT DPST 6A 125V","Siemens","Sensors & Switches","90.82","0","SWITCH LIMIT DPST 6A 125V","https://media.distributordatasolutions.com/siemenscomplete/2023q3/documents/c4f8b5492741478f0bd7586983f5067fbe40b03a.pdf","{""Circuit"":""DPST-NO/NC"",""Switch Function"":""On-Mom, Off-Mom"",""Current Rating (Amps)"":""6A (AC), 550mA (DC)"",""Voltage Rating - AC"":""125 V"",""Voltage Rating - DC"":""125 V"",""Actuator Type"":""Round (Pin Plunger)"",""Mounting Type"":""Chassis Mount"",""Termination Style"":""Screw Terminal"",""Ingress Protection"":""IP65 - Dust Tight, Water Resistant"",""Features"":""-"",""Operating Force"":""2039gf"",""Release Force"":""-"",""Operating Position"":""-"",""Pretravel"":""-"",""Differential Travel"":""-"",""Overtravel"":""-"",""Mechanical Life"":""15,000,000 Cycles"",""Electrical Life"":""100,000 Cycles"",""Operating Temperature"":""-"",""Series"":""3SE5""}"
"3SE03EB06","SWITCH LIMIT BOOTED PLUNGER FORM","Siemens","Sensors & Switches","93.27","0","SWITCH LIMIT BOOTED PLUNGER FORM","","{""Circuit"":""DPST-NO/NC"",""Switch Function"":""-"",""Current Rating (Amps)"":""-"",""Actuator Type"":""Round (Pin Plunger)"",""Mounting Type"":""Chassis Mount"",""Termination Style"":""Screw Terminal"",""Ingress Protection"":""-"",""Features"":""-"",""Operating Force"":""-"",""Release Force"":""-"",""Operating Position"":""-"",""Pretravel"":""-"",""Differential Travel"":""-"",""Overtravel"":""-"",""Mechanical Life"":""-"",""Electrical Life"":""-"",""Operating Temperature"":""-"",""Series"":""-""}"
"3SE52500CC05","SWITCH LIMIT DPST 6A 125V","Siemens","Sensors & Switches","94.23","0","SWITCH LIMIT DPST 6A 125V","https://media.distributordatasolutions.com/siemenscomplete/2023q3/documents/1758400c4b76247819e21ff444aacce4e97774e2.pdf","{""Circuit"":""DPST-NO/NC"",""Switch Function"":""On-Mom, Off-Mom"",""Current Rating (Amps)"":""6A (AC), 550mA (DC)"",""Voltage Rating - AC"":""125 V"",""Voltage Rating - DC"":""125 V"",""Actuator Type"":""Round (Pin Plunger)"",""Mounting Type"":""Chassis Mount"",""Termination Style"":""Screw Terminal"",""Ingress Protection"":""IP20"",""Features"":""-"",""Operating Force"":""2039gf"",""Release Force"":""-"",""Operating Position"":""-"",""Pretravel"":""-"",""Differential Travel"":""-"",""Overtravel"":""-"",""Mechanical Life"":""15,000,000 Cycles"",""Electrical Life"":""100,000 Cycles"",""Operating Temperature"":""-"",""Series"":""3SE5""}"
"3SE03DR1","LIMIT SWITCH OPERATING HEAD,SIDE","Siemens","Sensors & Switches","128.27","0","LIMIT SWITCH OPERATING HEAD,SIDE","","{""Accessory Type"":""Head"",""For Use With/Related Products"":""Snap Action Switches"",""Series"":""-""}"
"3SE52320HK21","SWITCH LIMIT DPST 6A 125V","Siemens","Sensors & Switches","131.37","0","SWITCH LIMIT DPST 6A 125V","https://media.distributordatasolutions.com/siemenscomplete/2023q3/documents/4c7cc12c431e09d7d53e85e334d6804bb620d10b.pdf","{""Circuit"":""DPST-NO/NC"",""Switch Function"":""On-Mom, Off-Mom"",""Current Rating (Amps)"":""6A (AC), 550mA (DC)"",""Voltage Rating - AC"":""125 V"",""Voltage Rating - DC"":""125 V"",""Actuator Type"":""Side Rotary, Roller"",""Mounting Type"":""Chassis Mount"",""Termination Style"":""Screw Terminal"",""Ingress Protection"":""IP65 - Dust Tight, Water Resistant"",""Features"":""-"",""Operating Force"":""-"",""Release Force"":""-"",""Operating Position"":""-"",""Pretravel"":""-"",""Differential Travel"":""-"",""Overtravel"":""-"",""Mechanical Life"":""15,000,000 Cycles"",""Electrical Life"":""100,000 Cycles"",""Operating Temperature"":""-"",""Series"":""3SE5""}"
"3SE52320CE121CA0","SWITCH LIMIT DPST 6A 125V","Siemens","Sensors & Switches","158.32","0","SWITCH LIMIT DPST 6A 125V","https://media.distributordatasolutions.com/262/csv_siemens/8380d1c5f33c2e30807bdd865c5e072de4638355.pdf","{""Circuit"":""DPST-NO/NC"",""Switch Function"":""On-Mom, Off-Mom"",""Current Rating (Amps)"":""6A (AC), 550mA (DC)"",""Voltage Rating - AC"":""125 V"",""Voltage Rating - DC"":""125 V"",""Actuator Type"":""Lever, Roller"",""Mounting Type"":""Chassis Mount"",""Termination Style"":""Screw Terminal"",""Ingress Protection"":""IP65 - Dust Tight, Water Resistant"",""Features"":""-"",""Operating Force"":""1020gf"",""Release Force"":""-"",""Operating Position"":""-"",""Pretravel"":""-"",""Differential Travel"":""-"",""Overtravel"":""-"",""Mechanical Life"":""15,000,000 Cycles"",""Electrical Life"":""100,000 Cycles"",""Operating Temperature"":""-"",""Series"":""3SE5""}"
"3SE51220CB01","SWITCH LIMIT DPST 6A 125V","Siemens","Sensors & Switches","161.15","0","SWITCH LIMIT DPST 6A 125V","https://media.distributordatasolutions.com/siemenscomplete/2023q3/documents/0fc799c4ba959d6aba1007ffe9fa89fe079949c6.pdf","{""Circuit"":""DPST-NO/NC"",""Switch Function"":""On-Mom, Off-Mom"",""Current Rating (Amps)"":""6A (AC), 550mA (DC)"",""Voltage Rating - AC"":""125 V"",""Voltage Rating - DC"":""125 V"",""Actuator Type"":""Round (Pin Plunger)"",""Mounting Type"":""Chassis Mount"",""Termination Style"":""Screw Terminal"",""Ingress Protection"":""IP66/IP67 - Dust Tight, Water Resistant, Waterproof"",""Features"":""-"",""Operating Force"":""2039gf"",""Release Force"":""-"",""Operating Position"":""-"",""Pretravel"":""-"",""Differential Travel"":""-"",""Overtravel"":""-"",""Mechanical Life"":""15,000,000 Cycles"",""Electrical Life"":""100,000 Cycles"",""Operating Temperature"":""-"",""Series"":""3SE5""}"
"3SE51120CE01","SWITCH LIMIT DPST 6A 125V","Siemens","Sensors & Switches","201.2","0","SWITCH LIMIT DPST 6A 125V","https://media.distributordatasolutions.com/siemenscomplete/2023q3/documents/9f542ee1ac4b5eb7eb1ceb03425b4daa124c0aeb.pdf","{""Circuit"":""DPST-NO/NC"",""Switch Function"":""On-Mom, Off-Mom"",""Current Rating (Amps)"":""6A (AC), 550mA (DC)"",""Voltage Rating - AC"":""125 V"",""Voltage Rating - DC"":""125 V"",""Actuator Type"":""Lever, Roller"",""Mounting Type"":""Chassis Mount"",""Termination Style"":""Screw Terminal"",""Ingress Protection"":""IP66/IP67 - Dust Tight, Water Resistant, Waterproof"",""Features"":""-"",""Operating Force"":""1020gf"",""Release Force"":""-"",""Operating Position"":""-"",""Pretravel"":""-"",""Differential Travel"":""-"",""Overtravel"":""-"",""Mechanical Life"":""15,000,000 Cycles"",""Electrical Life"":""100,000 Cycles"",""Operating Temperature"":""-"",""Series"":""3SE5""}"
"3SE51220BE01","SWITCH LIMIT DPST 6A 125V","Siemens","Sensors & Switches","206.75","0","SWITCH LIMIT DPST 6A 125V","https://media.distributordatasolutions.com/siemenscomplete/2023q3/documents/fd06a8955ef96186f23f1dae61d4a65596d0de58.pdf","{""Circuit"":""DPST-NO/NC"",""Switch Function"":""On-Mom, Off-Mom"",""Current Rating (Amps)"":""6A (AC), 550mA (DC)"",""Voltage Rating - AC"":""125 V"",""Voltage Rating - DC"":""125 V"",""Actuator Type"":""Lever, Roller"",""Mounting Type"":""Chassis Mount"",""Termination Style"":""Screw Terminal"",""Ingress Protection"":""IP66/IP67 - Dust Tight, Water Resistant, Waterproof"",""Features"":""-"",""Operating Force"":""1020gf"",""Release Force"":""-"",""Operating Position"":""-"",""Pretravel"":""-"",""Differential Travel"":""-"",""Overtravel"":""-"",""Mechanical Life"":""15,000,000 Cycles"",""Electrical Life"":""100,000 Cycles"",""Operating Temperature"":""-"",""Series"":""3SE5""}"
"3SE51120CC02","SWITCH LIMIT DPST 6A 125V","Siemens","Sensors & Switches","209.51","0","SWITCH LIMIT DPST 6A 125V","https://media.distributordatasolutions.com/siemenscomplete/2023q3/documents/ae6529fc4772987c8ad418378b077d118f7e97c7.pdf","{""Circuit"":""DPST-NO/NC"",""Switch Function"":""On-Mom, Off-Mom"",""Current Rating (Amps)"":""6A (AC), 550mA (DC)"",""Voltage Rating - AC"":""125 V"",""Voltage Rating - DC"":""125 V"",""Actuator Type"":""Round (Pin Plunger)"",""Mounting Type"":""Chassis Mount"",""Termination Style"":""Screw Terminal"",""Ingress Protection"":""IP66/IP67 - Dust Tight, Water Resistant, Waterproof"",""Features"":""-"",""Operating Force"":""2039gf"",""Release Force"":""-"",""Operating Position"":""-"",""Pretravel"":""-"",""Differential Travel"":""-"",""Overtravel"":""0.118\"" (3.0mm)"",""Mechanical Life"":""15,000,000 Cycles"",""Electrical Life"":""100,000 Cycles"",""Operating Temperature"":""-"",""Series"":""3SE5""}"
"3SE51220CH01","SWITCH LIMIT DPST 6A 125V","Siemens","Sensors & Switches","223.3","0","SWITCH LIMIT DPST 6A 125V","https://media.distributordatasolutions.com/siemenscomplete/2023q3/documents/cb8c584ad76049383d5f50af5b4739f85da3fb27.pdf","{""Circuit"":""DPST-NO/NC"",""Switch Function"":""On-Mom, Off-Mom"",""Current Rating (Amps)"":""6A (AC), 550mA (DC)"",""Voltage Rating - AC"":""125 V"",""Voltage Rating - DC"":""125 V"",""Actuator Type"":""Side Rotary, Roller"",""Mounting Type"":""Chassis Mount"",""Termination Style"":""Screw Terminal"",""Ingress Protection"":""IP66/IP67 - Dust Tight, Water Resistant, Waterproof"",""Features"":""-"",""Operating Force"":""-"",""Release Force"":""-"",""Operating Position"":""-"",""Pretravel"":""-"",""Differential Travel"":""-"",""Overtravel"":""-"",""Mechanical Life"":""15,000,000 Cycles"",""Electrical Life"":""100,000 Cycles"",""Operating Temperature"":""-"",""Series"":""3SE5""}"
"3SE51120CH01","SWITCH LIMIT DPST 6A 125V","Siemens","Sensors & Switches","223.3","0","SWITCH LIMIT DPST 6A 125V","https://media.distributordatasolutions.com/siemenscomplete/2023q3/documents/6513e72262a4b9dfbbc099077218d8ed014801fe.pdf","{""Circuit"":""DPST-NO/NC"",""Switch Function"":""On-Mom, Off-Mom"",""Current Rating (Amps)"":""6A (AC), 550mA (DC)"",""Voltage Rating - AC"":""125 V"",""Voltage Rating - DC"":""125 V"",""Actuator Type"":""Side Rotary, Roller"",""Mounting Type"":""Chassis Mount"",""Termination Style"":""Screw Terminal"",""Ingress Protection"":""IP66/IP67 - Dust Tight, Water Resistant, Waterproof"",""Features"":""-"",""Operating Force"":""-"",""Release Force"":""-"",""Operating Position"":""-"",""Pretravel"":""-"",""Differential Travel"":""-"",""Overtravel"":""-"",""Mechanical Life"":""15,000,000 Cycles"",""Electrical Life"":""100,000 Cycles"",""Operating Temperature"":""-"",""Series"":""3SE5""}"
"3SE51120BD02","SWITCH LIMIT DPST 6A 125V","Siemens","Sensors & Switches","237.03","0","SWITCH LIMIT DPST 6A 125V","https://media.distributordatasolutions.com/siemenscomplete/2023q3/documents/8bfc3406de96c2bcca5446e885d772e397271d39.pdf","{""Circuit"":""DPST-NO/NC"",""Switch Function"":""On-Mom, Off-Mom"",""Current Rating (Amps)"":""6A (AC), 550mA (DC)"",""Voltage Rating - AC"":""125 V"",""Voltage Rating - DC"":""125 V"",""Actuator Type"":""Roller Plunger"",""Mounting Type"":""Chassis Mount"",""Termination Style"":""Screw Terminal"",""Ingress Protection"":""IP66/IP67 - Dust Tight, Water Resistant, Waterproof"",""Features"":""-"",""Operating Force"":""2039gf"",""Release Force"":""-"",""Operating Position"":""-"",""Pretravel"":""-"",""Differential Travel"":""-"",""Overtravel"":""-"",""Mechanical Life"":""15,000,000 Cycles"",""Electrical Life"":""100,000 Cycles"",""Operating Temperature"":""-"",""Series"":""3SE5""}"
"3SE51220CH80","SWITCH LIMIT DPST 6A 125V","Siemens","Sensors & Switches","250.7","0","SWITCH LIMIT DPST 6A 125V","https://media.distributordatasolutions.com/siemenscomplete/2023q3/documents/aa36f98d187f148392299b11c7b10b3bf3ef81bc.pdf","{""Circuit"":""DPST-NO/NC"",""Switch Function"":""On-Mom, Off-Mom"",""Current Rating (Amps)"":""6A (AC), 3A (DC)"",""Voltage Rating - AC"":""125 V"",""Voltage Rating - DC"":""24 V"",""Actuator Type"":""Side Rotary, Adjustable Rod"",""Mounting Type"":""Chassis Mount"",""Termination Style"":""Screw Terminal"",""Ingress Protection"":""IP65/IP67 - Dust Tight, Water Resistant, Waterproof"",""Features"":""-"",""Operating Force"":""-"",""Release Force"":""-"",""Operating Position"":""-"",""Pretravel"":""-"",""Differential Travel"":""-"",""Overtravel"":""-"",""Mechanical Life"":""15,000,000 Cycles"",""Electrical Life"":""100,000 Cycles"",""Operating Temperature"":""-25°C ~ 85°C"",""Series"":""3SE5""}"
"3SE51120CH02","SWITCH LIMIT DPST 6A 125V","Siemens","Sensors & Switches","261.61","0","SWITCH LIMIT DPST 6A 125V","https://media.distributordatasolutions.com/siemenscomplete/2023q3/documents/783e5b248023351ce673645acbd3b673804ba24d.pdf","{""Circuit"":""DPST-NO/NC"",""Switch Function"":""On-Mom, Off-Mom"",""Current Rating (Amps)"":""6A (AC), 550mA (DC)"",""Voltage Rating - AC"":""125 V"",""Voltage Rating - DC"":""125 V"",""Actuator Type"":""Side Rotary, Roller"",""Mounting Type"":""Chassis Mount"",""Termination Style"":""Screw Terminal"",""Ingress Protection"":""IP66/IP67 - Dust Tight, Water Resistant, Waterproof"",""Features"":""-"",""Operating Force"":""-"",""Release Force"":""-"",""Operating Position"":""-"",""Pretravel"":""-"",""Differential Travel"":""-"",""Overtravel"":""-"",""Mechanical Life"":""15,000,000 Cycles"",""Electrical Life"":""100,000 Cycles"",""Operating Temperature"":""-"",""Series"":""3SE5""}"
"3SE54130CC211EA2","SWITCH LIMIT DPST 6A 125V","Siemens","Sensors & Switches","264.32","0","SWITCH LIMIT DPST 6A 125V","https://media.distributordatasolutions.com/siemenscomplete/2023q3/documents/ede7a6a0815f5855ea342580b583988c24ed47c1.pdf","{""Circuit"":""DPST-NO/NC"",""Switch Function"":""On-Mom, Off-Mom"",""Current Rating (Amps)"":""6A (AC), 550mA (DC)"",""Voltage Rating - AC"":""125 V"",""Voltage Rating - DC"":""125 V"",""Actuator Type"":""Round (Pin Plunger)"",""Mounting Type"":""Chassis Mount"",""Termination Style"":""Cable Leads"",""Ingress Protection"":""IP67 - Dust Tight, Waterproof"",""Features"":""-"",""Operating Force"":""2039gf"",""Release Force"":""-"",""Operating Position"":""-"",""Pretravel"":""-"",""Differential Travel"":""-"",""Overtravel"":""-"",""Mechanical Life"":""10,000,000 Cycles"",""Electrical Life"":""100,000 Cycles"",""Operating Temperature"":""-"",""Series"":""3SE5""}"
"3SE03AM1","SWITCH LIMIT SIDE ROTARY","Siemens","Sensors & Switches","395.47","0","SWITCH LIMIT SIDE ROTARY","","{""Circuit"":""DPST-NO/NC"",""Switch Function"":""On-Off, Off-On"",""Current Rating (Amps)"":""-"",""Actuator Type"":""Side Rotary - No Lever"",""Mounting Type"":""Chassis Mount"",""Termination Style"":""Screw Terminal"",""Ingress Protection"":""-"",""Features"":""-"",""Operating Force"":""-"",""Release Force"":""-"",""Operating Position"":""-"",""Pretravel"":""-"",""Differential Travel"":""-"",""Overtravel"":""-"",""Mechanical Life"":""-"",""Electrical Life"":""-"",""Operating Temperature"":""-"",""Series"":""-""}"
"3SK11111AB30","SAFETY RELAY,3NO,1NC,24V AC/DC,S","Siemens","Safety","538.97","0","SAFETY RELAY,3NO,1NC,24V AC/DC,S","https://mall.industry.siemens.com/mall/en/us/Catalog/DatasheetDownload?downloadUrl=teddatasheet%2F%3Fformat%3DPDF%26caller%3DMall%26mlfbs%3D3SK11111AB30%26language%3Den","{""Mounting Type"":""DIN Rail"",""Coil Voltage"":""24VAC/DC"",""Contact Form"":""4PST-3NO/1NC (3 Form A, 1 Form B)"",""Contact Rating (Current)"":""5 A"",""Switching Voltage"":""230VAC, 24VDC - Max"",""Features"":""-"",""Termination Style"":""Screw Terminal"",""Must Operate Voltage"":""20.4 VAC/DC"",""Must Release Voltage"":""-"",""Operating Temperature"":""-25°C ~ 60°C"",""Contact Material"":""-"",""Series"":""SIRIUS""}"
"6ES72151BG400XB0","CPU 1215C, AC/DC/RLY, 14DI/10DO/","Siemens","Power Supplies","1020.57","0","CPU 1215C, AC/DC/RLY, 14DI/10DO/","https://media.distributordatasolutions.com/siemenscomplete/2023q3/documents/47b86d5377f47100f5c8772cf5364abff6b8814e.pdf","{""Number of Inputs and Type"":""14 - Digital"",""Number of Outputs and Type"":""10 - Relay"",""Expandable"":""Non-Expandable"",""Voltage - Supply"":""120 ~ 230VAC"",""Display Type"":""No Display"",""Number of Characters Per Row"":""-"",""Communications"":""Ethernet, RJ45"",""Memory Size"":""125kB"",""Mounting Type"":""DIN Rail"",""Features"":""-"",""Series"":""SIMATIC S7-1200""}"
"3SK12112BB40","SAFETY RELAY,4RO,4NO+1NC,24VAC,S","Siemens","Safety","501.66","0","SAFETY RELAY,4RO,4NO+1NC,24VAC,S","https://mall.industry.siemens.com/mall/en/us/Catalog/DatasheetDownload?downloadUrl=teddatasheet%2F%3Fformat%3DPDF%26caller%3DMall%26mlfbs%3D3SK12112BB40%26language%3Den","{""Mounting Type"":""DIN Rail"",""Coil Voltage"":""24VDC"",""Contact Form"":""5PST-4NO/1NC (4 Form A, 1 Form B)"",""Contact Rating (Current)"":""5 A"",""Switching Voltage"":""230VAC, 24VDC - Max"",""Features"":""-"",""Termination Style"":""Spring Terminal"",""Must Operate Voltage"":""19.2 VDC"",""Must Release Voltage"":""-"",""Operating Temperature"":""-25°C ~ 60°C"",""Contact Material"":""-"",""Series"":""SIRIUS""}"
"3RQ10002HW00","COUPLING RELAY IM","Siemens","Safety","227.79","0","COUPLING RELAY IM","https://mall.industry.siemens.com/mall/en/us/Catalog/DatasheetDownload?downloadUrl=teddatasheet%2F%3Fformat%3DPDF%26caller%3DMall%26mlfbs%3D3RQ10002HW00%26language%3Den","{""Mounting Type"":""DIN Rail"",""Coil Voltage"":""24 ~ 240VAC/DC"",""Contact Form"":""4PST-2NO/2NC (2 Form A, 2 Form B)"",""Contact Rating (Current)"":""1.5 A"",""Switching Voltage"":""250VAC - Max"",""Features"":""-"",""Termination Style"":""Spring Terminal"",""Must Operate Voltage"":""-"",""Must Release Voltage"":""-"",""Operate Time"":""50 ms"",""Release Time"":""60 ms"",""Operating Temperature"":""-25°C ~ 60°C"",""Contact Material"":""Silver Tin Oxide (AgSnO), Gold (Au)"",""Series"":""SIRIUS""}"
"3SK11112AB30","SAFETY RELAY,3NO,1NC,24V AC/DC,S","Siemens","Safety","538.97","0","SAFETY RELAY,3NO,1NC,24V AC/DC,S","https://mall.industry.siemens.com/mall/en/us/Catalog/DatasheetDownload?downloadUrl=teddatasheet%2F%3Fformat%3DPDF%26caller%3DMall%26mlfbs%3D3SK11112AB30%26language%3Den","{""Mounting Type"":""DIN Rail"",""Coil Voltage"":""24VAC/DC"",""Contact Form"":""4PST-3NO/1NC (3 Form A, 1 Form B)"",""Contact Rating (Current)"":""5 A"",""Switching Voltage"":""230VAC, 24VDC - Max"",""Features"":""-"",""Termination Style"":""Spring Terminal"",""Must Operate Voltage"":""20.4 VAC/DC"",""Must Release Voltage"":""-"",""Operating Temperature"":""-25°C ~ 60°C"",""Contact Material"":""-"",""Series"":""SIRIUS""}"
"3SK11211AB40","SAFETY RELAY,3NO+1NC,24VDC,SCREW","Siemens","Safety","675.03","0","SAFETY RELAY,3NO+1NC,24VDC,SCREW","https://mall.industry.siemens.com/mall/en/us/Catalog/DatasheetDownload?downloadUrl=teddatasheet%2F%3Fformat%3DPDF%26caller%3DMall%26mlfbs%3D3SK11211AB40%26language%3Den","{""Mounting Type"":""DIN Rail"",""Coil Voltage"":""24VDC"",""Contact Form"":""4PST-3NO/1NC (3 Form A, 1 Form B)"",""Contact Rating (Current)"":""5 A"",""Switching Voltage"":""230VAC, 24VDC - Max"",""Features"":""-"",""Termination Style"":""Screw Terminal"",""Must Operate Voltage"":""19.2 VDC"",""Must Release Voltage"":""-"",""Operating Temperature"":""-25°C ~ 60°C"",""Contact Material"":""-"",""Series"":""SIRIUS""}"
"3SK11212AB40","SAFETY RELAY ADV,3NO+1NC,24VDC,S","Siemens","Safety","675.03","0","SAFETY RELAY ADV,3NO+1NC,24VDC,S","https://mall.industry.siemens.com/mall/en/us/Catalog/DatasheetDownload?downloadUrl=teddatasheet%2F%3Fformat%3DPDF%26caller%3DMall%26mlfbs%3D3SK11212AB40%26language%3Den","{""Mounting Type"":""DIN Rail"",""Coil Voltage"":""24VDC"",""Contact Form"":""4PST-3NO/1NC (3 Form A, 1 Form B)"",""Contact Rating (Current)"":""5 A"",""Switching Voltage"":""230VAC, 24VDC - Max"",""Features"":""-"",""Termination Style"":""Spring Terminal"",""Must Operate Voltage"":""19.2 VDC"",""Must Release Voltage"":""-"",""Operating Temperature"":""-25°C ~ 60°C"",""Contact Material"":""-"",""Series"":""SIRIUS""}"
"3SK11211CB42","SAFETY RELAY ADV,2INS NO+2D NO,2","Siemens","Safety","830.26","0","SAFETY RELAY ADV,2INS NO+2D NO,2","https://mall.industry.siemens.com/mall/en/us/Catalog/DatasheetDownload?downloadUrl=teddatasheet%2F%3Fformat%3DPDF%26caller%3DMall%26mlfbs%3D3SK11211CB42%26language%3Den","{""Mounting Type"":""DIN Rail"",""Coil Voltage"":""24VDC"",""Contact Form"":""4PST-2NO/2NC (2 Form A, 2 Form B)"",""Contact Rating (Current)"":""3 A"",""Switching Voltage"":""230VAC, 24VDC - Max"",""Features"":""-"",""Termination Style"":""Screw Terminal"",""Must Operate Voltage"":""19.2 VDC"",""Must Release Voltage"":""-"",""Operating Temperature"":""-25°C ~ 60°C"",""Contact Material"":""-"",""Series"":""SIRIUS""}"
"3SK11211CB41","SIRIUS SAFETY RELAY ADV REL 2NO+","Siemens","Safety","830.26","0","SIRIUS SAFETY RELAY ADV REL 2NO+","https://mall.industry.siemens.com/mall/en/us/Catalog/DatasheetDownload?downloadUrl=teddatasheet%2F%3Fformat%3DPDF%26caller%3DMall%26mlfbs%3D3SK11211CB41%26language%3Den","{""Mounting Type"":""DIN Rail"",""Coil Voltage"":""24VDC"",""Contact Form"":""4PST-2NO/2NC (2 Form A, 2 Form B)"",""Contact Rating (Current)"":""3 A"",""Switching Voltage"":""230VAC, 24VDC - Max"",""Features"":""-"",""Termination Style"":""Screw Terminal"",""Must Operate Voltage"":""19.2 VDC"",""Must Release Voltage"":""-"",""Operating Temperature"":""-25°C ~ 60°C"",""Contact Material"":""-"",""Series"":""SIRIUS""}"
"3SK11212CB41","SAFETY RELAY ADV,2INS NO+2D NO,2","Siemens","Safety","830.26","0","SAFETY RELAY ADV,2INS NO+2D NO,2","https://mall.industry.siemens.com/mall/en/us/Catalog/DatasheetDownload?downloadUrl=teddatasheet%2F%3Fformat%3DPDF%26caller%3DMall%26mlfbs%3D3SK11212CB41%26language%3Den","{""Mounting Type"":""DIN Rail"",""Coil Voltage"":""24VDC"",""Contact Form"":""4PST-2NO/2NC (2 Form A, 2 Form B)"",""Contact Rating (Current)"":""3 A"",""Switching Voltage"":""230VAC, 24VDC - Max"",""Features"":""-"",""Termination Style"":""Spring Terminal"",""Must Operate Voltage"":""19.2 VDC"",""Must Release Voltage"":""-"",""Operating Temperature"":""-25°C ~ 60°C"",""Contact Material"":""-"",""Series"":""SIRIUS""}"
"3SK12111BB40","SAFETY RELAY,4RO,4NO+1NC,24VDC,S","Siemens","Safety","501.66","0","SAFETY RELAY,4RO,4NO+1NC,24VDC,S","https://mall.industry.siemens.com/mall/en/us/Catalog/DatasheetDownload?downloadUrl=teddatasheet%2F%3Fformat%3DPDF%26caller%3DMall%26mlfbs%3D3SK12111BB40%26language%3Den","{""Mounting Type"":""DIN Rail"",""Coil Voltage"":""24VDC"",""Contact Form"":""5PST-4NO/1NC (4 Form A, 1 Form B)"",""Contact Rating (Current)"":""5 A"",""Switching Voltage"":""230VAC, 24VDC - Max"",""Features"":""-"",""Termination Style"":""Screw Terminal"",""Must Operate Voltage"":""19.2 VDC"",""Must Release Voltage"":""-"",""Operating Temperature"":""-25°C ~ 60°C"",""Contact Material"":""-"",""Series"":""SIRIUS""}"
"3SK11111AW20","SAFETY RELAY,3NO,1NC,110-230VAC,","Siemens","Safety","538.97","0","SAFETY RELAY,3NO,1NC,110-230VAC,","https://mall.industry.siemens.com/mall/en/us/Catalog/DatasheetDownload?downloadUrl=teddatasheet%2F%3Fformat%3DPDF%26caller%3DMall%26mlfbs%3D3SK11111AW20%26language%3Den","{""Mounting Type"":""DIN Rail"",""Coil Voltage"":""110 ~ 240VAC/DC"",""Contact Form"":""4PST-3NO/1NC (3 Form A, 1 Form B)"",""Contact Rating (Current)"":""5 A"",""Switching Voltage"":""230VAC, 24VDC - Max"",""Features"":""-"",""Termination Style"":""Screw Terminal"",""Must Operate Voltage"":""-"",""Must Release Voltage"":""-"",""Operating Temperature"":""-25°C ~ 60°C"",""Contact Material"":""-"",""Series"":""SIRIUS""}"
"3RQ10001GB00","COUPLING RELAY IM","Siemens","Safety","206.46","0","COUPLING RELAY IM","https://mall.industry.siemens.com/mall/en/us/Catalog/DatasheetDownload?downloadUrl=teddatasheet%2F%3Fformat%3DPDF%26caller%3DMall%26mlfbs%3D3RQ10001GB00%26language%3Den","{""Mounting Type"":""DIN Rail"",""Coil Voltage"":""24VDC"",""Contact Form"":""3PST-2NO/1NC (2 Form A, 1 Form B)"",""Contact Rating (Current)"":""2 A"",""Switching Voltage"":""250VAC, 24VDC - Max"",""Features"":""-"",""Termination Style"":""Screw Terminal"",""Must Operate Voltage"":""19.2 VDC"",""Must Release Voltage"":""-"",""Operate Time"":""15 ms"",""Release Time"":""35 ms"",""Operating Temperature"":""-25°C ~ 60°C"",""Contact Material"":""Silver Nickel (AgNi), Gold (Au)"",""Series"":""SIRIUS""}"
"3RQ10001LW00","COUPLING RELAY IM","Siemens","Safety","259.81","0","COUPLING RELAY IM","https://mall.industry.siemens.com/mall/en/us/Catalog/DatasheetDownload?downloadUrl=teddatasheet%2F%3Fformat%3DPDF%26caller%3DMall%26mlfbs%3D3RQ10001LW00%26language%3Den","{""Mounting Type"":""DIN Rail"",""Coil Voltage"":""24 ~ 240VAC/DC"",""Contact Form"":""5PST-4NO/1NC (4 Form A, 1 Form B)"",""Contact Rating (Current)"":""1.5 A"",""Switching Voltage"":""250VAC - Max"",""Features"":""-"",""Termination Style"":""Screw Terminal"",""Must Operate Voltage"":""-"",""Must Release Voltage"":""-"",""Operate Time"":""50 ms"",""Release Time"":""60 ms"",""Operating Temperature"":""-25°C ~ 60°C"",""Contact Material"":""Silver Tin Oxide (AgSnO), Gold (Au)"",""Series"":""SIRIUS""}"
"3RA29161A","SAFETY SERIES CONNECTOR S00 3P S","Siemens","Relays & Timers","33.13","0","SAFETY SERIES CONNECTOR S00 3P S","https://media.distributordatasolutions.com/siemenscomplete/2023q3/documents/50bc61a011c5aeaff15cbf687f6a8adeeff82baa.pdf","{""Accessory Type"":""Connector"",""For Use With/Related Products"":""3RT201 Series"",""Series"":""SIRIUS"",""Pack Size"":""75""}"
"3RQ10001EW00","COUPLING RELAY IM","Siemens","Safety","178","0","COUPLING RELAY IM","https://mall.industry.siemens.com/mall/en/us/Catalog/DatasheetDownload?downloadUrl=teddatasheet%2F%3Fformat%3DPDF%26caller%3DMall%26mlfbs%3D3RQ10001EW00%26language%3Den","{""Mounting Type"":""DIN Rail"",""Coil Voltage"":""24 ~ 240VAC/DC"",""Contact Form"":""DPST-NO/NC (1 Form A, 1 Form B)"",""Contact Rating (Current)"":""2 A"",""Switching Voltage"":""250VAC, 24VDC - Max"",""Features"":""-"",""Termination Style"":""Screw Terminal"",""Must Operate Voltage"":""-"",""Must Release Voltage"":""-"",""Operate Time"":""50 ms"",""Release Time"":""70 ms"",""Operating Temperature"":""-25°C ~ 60°C"",""Contact Material"":""Silver Nickel (AgNi), Gold (Au)"",""Series"":""SIRIUS"",""Pack Size"":""14""}"
"3RB30162PE0","OVERLOAD S.S. CL20 S00 1-4A SPRI","Siemens","Safety","178.36","0","OVERLOAD S.S. CL20 S00 1-4A SPRI","https://media.distributordatasolutions.com/262/csv_siemens/b3bc764a1425cfb6715d9a141b8858b7fcd603a1.pdf","{""Series"":""*"",""Pack Size"":""14""}"
"3RQ10001EB00","COUPLING RELAY IM","Siemens","Safety","187.1","0","COUPLING RELAY IM","https://media.distributordatasolutions.com/262/csv_siemens/826547d6110eeec8d4a576f9f345d9e33566f33c.pdf","{""Mounting Type"":""DIN Rail"",""Coil Voltage"":""24VDC"",""Contact Form"":""DPST-NO/NC (1 Form A, 1 Form B)"",""Contact Rating (Current)"":""2 A"",""Switching Voltage"":""250VAC, 24VDC - Max"",""Features"":""-"",""Termination Style"":""Screw Terminal"",""Must Operate Voltage"":""19.2 VDC"",""Must Release Voltage"":""-"",""Operate Time"":""15 ms"",""Release Time"":""40 ms"",""Operating Temperature"":""-25°C ~ 60°C"",""Contact Material"":""Silver Nickel (AgNi), Gold (Au)"",""Series"":""SIRIUS""}"
"3RQ10002EB00","COUPLING RELAY IM","Siemens","Safety","187.1","0","COUPLING RELAY IM","https://mall.industry.siemens.com/mall/en/us/Catalog/DatasheetDownload?downloadUrl=teddatasheet%2F%3Fformat%3DPDF%26caller%3DMall%26mlfbs%3D3RQ10002EB00%26language%3Den","{""Mounting Type"":""DIN Rail"",""Coil Voltage"":""24VDC"",""Contact Form"":""DPST-NO/NC (1 Form A, 1 Form B)"",""Contact Rating (Current)"":""2 A"",""Switching Voltage"":""250VAC, 24VDC - Max"",""Features"":""-"",""Termination Style"":""Spring Terminal"",""Must Operate Voltage"":""19.2 VDC"",""Must Release Voltage"":""-"",""Operate Time"":""15 ms"",""Release Time"":""40 ms"",""Operating Temperature"":""-25°C ~ 60°C"",""Contact Material"":""Silver Nickel (AgNi), Gold (Au)"",""Series"":""SIRIUS""}"
"3RQ10001HW00","COUPLING RELAY IM","Siemens","Safety","200.96","0","COUPLING RELAY IM","https://media.distributordatasolutions.com/262/csv_siemens/d57c7773601d659521ea1d022b9a6382249ff905.pdf","{""Mounting Type"":""DIN Rail"",""Coil Voltage"":""24 ~ 240VAC/DC"",""Contact Form"":""4PST-2NO/2NC (2 Form A, 2 Form B)"",""Contact Rating (Current)"":""1.5 A"",""Switching Voltage"":""250VAC - Max"",""Features"":""-"",""Termination Style"":""Screw Terminal"",""Must Operate Voltage"":""-"",""Must Release Voltage"":""-"",""Operate Time"":""50 ms"",""Release Time"":""60 ms"",""Operating Temperature"":""-25°C ~ 60°C"",""Contact Material"":""Silver Tin Oxide (AgSnO), Gold (Au)"",""Series"":""SIRIUS"",""Pack Size"":""12""}"
"3RQ10002EW00","COUPLING RELAY IM","Siemens","Safety","203.34","0","COUPLING RELAY IM","https://media.distributordatasolutions.com/262/csv_siemens/e91d6c06a3130a0c70421c84084ba0fcbde809ea.pdf","{""Mounting Type"":""DIN Rail"",""Coil Voltage"":""24 ~ 240VAC/DC"",""Contact Form"":""DPST-NO/NC (1 Form A, 1 Form B)"",""Contact Rating (Current)"":""2 A"",""Switching Voltage"":""250VAC, 24VDC - Max"",""Features"":""-"",""Termination Style"":""Spring Terminal"",""Must Operate Voltage"":""-"",""Must Release Voltage"":""-"",""Operate Time"":""50 ms"",""Release Time"":""70 ms"",""Operating Temperature"":""-25°C ~ 60°C"",""Contact Material"":""Silver Nickel (AgNi), Gold (Au)"",""Series"":""SIRIUS""}"
"3RQ10002GB00","COUPLING RELAY IM","Siemens","Safety","206.46","0","COUPLING RELAY IM","https://mall.industry.siemens.com/mall/en/us/Catalog/DatasheetDownload?downloadUrl=teddatasheet%2F%3Fformat%3DPDF%26caller%3DMall%26mlfbs%3D3RQ10002GB00%26language%3Den","{""Mounting Type"":""DIN Rail"",""Coil Voltage"":""24VDC"",""Contact Form"":""3PST-2NO/1NC (2 Form A, 1 Form B)"",""Contact Rating (Current)"":""2 A"",""Switching Voltage"":""250VAC, 24VDC - Max"",""Features"":""-"",""Termination Style"":""Spring Terminal"",""Must Operate Voltage"":""19.2 VDC"",""Must Release Voltage"":""-"",""Operate Time"":""15 ms"",""Release Time"":""35 ms"",""Operating Temperature"":""-25°C ~ 60°C"",""Contact Material"":""Silver Nickel (AgNi), Gold (Au)"",""Series"":""SIRIUS""}"
"6EP33316SB000AY0","AC/DC DIN RAIL SUPPLY 24V 31W","Siemens","Power Supplies","86.39","0","AC/DC DIN RAIL SUPPLY 24V 31W","https://media.distributordatasolutions.com/siemenscomplete/2023q3/documents/748766510d662a6e5689b8fd3981203a4dcd3b13.pdf","{""Input Type"":""AC or DC"",""Number of Outputs"":""1"",""AC Voltage - Input"":""100 ~ 240 VAC, 85 ~ 264 VAC"",""DC Voltage - Input (Min)"":""110V"",""DC Voltage - Input (Max)"":""300V"",""Voltage - Output 1"":""24V"",""Voltage - Output 2"":""-"",""Voltage - Output 3"":""-"",""Voltage - Output 4"":""-"",""Voltage - Output 5"":""-"",""Voltage - Output 6"":""-"",""Current - Output (Max)"":""1.3A"",""Power (Watts)"":""31W"",""Applications"":""Hazardous Locations, Industrial, ITE (Commercial)"",""Efficiency"":""86%"",""Operating Temperature"":""-25°C ~ 70°C (With Derating)"",""Features"":""Adjustable Output, IP20, Universal Input"",""Size / Dimension"":""2.09\"" L x 1.42\"" W x 3.54\"" H (53.0mm x 36.0mm x 90.0mm)"",""Approval Agency"":""CB, cCSAus, CE, CSA, cUL, cULus, UL"",""Standard Number"":""60950-1; UL 508"",""Series"":""6EP3""}"
"6EP33326SB000AY0","AC/DC DIN RAIL SUPPLY 24V 60W","Siemens","Power Supplies","112.19","0","AC/DC DIN RAIL SUPPLY 24V 60W","https://media.distributordatasolutions.com/siemenscomplete/2023q3/documents/1a84f644ca3c3c12e7cd2213f09fa76985acf59f.pdf","{""Input Type"":""AC or DC"",""Number of Outputs"":""1"",""AC Voltage - Input"":""85 ~ 264 VAC"",""DC Voltage - Input (Min)"":""110V"",""DC Voltage - Input (Max)"":""300V"",""Voltage - Output 1"":""24V"",""Voltage - Output 2"":""-"",""Voltage - Output 3"":""-"",""Voltage - Output 4"":""-"",""Voltage - Output 5"":""-"",""Voltage - Output 6"":""-"",""Current - Output (Max)"":""2.5A"",""Power (Watts)"":""60W"",""Applications"":""ITE (Commercial)"",""Efficiency"":""90%"",""Operating Temperature"":""-25°C ~ 70°C (With Derating)"",""Features"":""Adjustable Output"",""Size / Dimension"":""2.13\"" L x 2.09\"" W x 3.54\"" H (54.0mm x 53.0mm x 90.0mm)"",""Approval Agency"":""CB, CE, CSA, cULus, cURus, FM, UL"",""Standard Number"":""60950-1"",""Series"":""-""}"
"6EP33336SB000AY0","AC/DC DIN RAIL SUPPLY 24V 96W","Siemens","Power Supplies","151.72","0","AC/DC DIN RAIL SUPPLY 24V 96W","https://media.distributordatasolutions.com/262/csv_siemens/5717369b5f15ca2c77ac74735d0d7e50cd1a4954.pdf","{""Input Type"":""AC or DC"",""Number of Outputs"":""1"",""AC Voltage - Input"":""100 ~ 240 VAC, 85 ~ 264 VAC"",""DC Voltage - Input (Min)"":""110V"",""DC Voltage - Input (Max)"":""300V"",""Voltage - Output 1"":""24V"",""Voltage - Output 2"":""-"",""Voltage - Output 3"":""-"",""Voltage - Output 4"":""-"",""Voltage - Output 5"":""-"",""Voltage - Output 6"":""-"",""Current - Output (Max)"":""4A"",""Power (Watts)"":""96W"",""Applications"":""Hazardous Locations, Industrial, ITE (Commercial)"",""Efficiency"":""89%"",""Operating Temperature"":""-25°C ~ 70°C"",""Features"":""Adjustable Output, IP20, Universal Input"",""Size / Dimension"":""2.09\"" L x 2.83\"" W x 3.54\"" H (53.0mm x 72.0mm x 90.0mm)"",""Approval Agency"":""CB, CE, EAC, cULus, cURus"",""Standard Number"":""508"",""Series"":""6EP3""}"
"6EP34378SB000AY0","AC/DC DIN RAIL SUPPLY 24V 960W","Siemens","Power Supplies","856.28","0","AC/DC DIN RAIL SUPPLY 24V 960W","https://media.distributordatasolutions.com/siemenscomplete/2023q3/documents/d3f2f334ed3c9d78e0e6bfb287cb42c0d3fb5bea.pdf","{""Input Type"":""AC"",""Number of Outputs"":""1"",""AC Voltage - Input"":""400 ~ 500 VAC"",""DC Voltage - Input (Min)"":""-"",""DC Voltage - Input (Max)"":""-"",""Voltage - Output 1"":""24V"",""Voltage - Output 2"":""-"",""Voltage - Output 3"":""-"",""Voltage - Output 4"":""-"",""Voltage - Output 5"":""-"",""Voltage - Output 6"":""-"",""Current - Output (Max)"":""40A"",""Power (Watts)"":""960W"",""Applications"":""Hazardous Locations, Industrial, ITE (Commercial)"",""Efficiency"":""94%"",""Operating Temperature"":""-25°C ~ 70°C (With Derating)"",""Features"":""Adjustable Output, IP20"",""Size / Dimension"":""5.91\"" L x 5.31\"" W x 5.71\"" H (150.0mm x 135.0mm x 145.0mm)"",""Approval Agency"":""CB, cCSAus, CE, CSA, cUL, cULus, UL"",""Standard Number"":""60950-1; UL 508"",""Series"":""6EP3""}"
"6EP13325BA00","AC/DC DIN RAIL SUPPLY 24V 60W","Siemens","Power Supplies","135.37","0","AC/DC DIN RAIL SUPPLY 24V 60W","https://media.distributordatasolutions.com/siemenscomplete/2023q3/documents/a2648a9b9355e13fad07deebd1bcb16390d93fcd.pdf","{""Input Type"":""AC or DC"",""Number of Outputs"":""1"",""AC Voltage - Input"":""100 ~ 230 VAC, 85 ~ 264 VAC"",""DC Voltage - Input (Min)"":""110V"",""DC Voltage - Input (Max)"":""300V"",""Voltage - Output 1"":""24V"",""Voltage - Output 2"":""-"",""Voltage - Output 3"":""-"",""Voltage - Output 4"":""-"",""Voltage - Output 5"":""-"",""Voltage - Output 6"":""-"",""Current - Output (Max)"":""2.5A"",""Power (Watts)"":""60W"",""Applications"":""Hazardous Locations, Industrial, ITE (Commercial)"",""Efficiency"":""87%"",""Operating Temperature"":""-20°C ~ 70°C (With Derating)"",""Features"":""Adjustable Output, IP20, Universal Input"",""Size / Dimension"":""3.94\"" L x 1.77\"" W x 3.15\"" H (100.0mm x 45.0mm x 80.0mm)"",""Approval Agency"":""CB, cCSAus, CE, CSA, cUL, cULus, UL"",""Standard Number"":""60950-1; UL 508"",""Series"":""6EP1""}"
"6EP19612BA41","DC/DC DIN RAIL SUPPLY 24V","Siemens","Power Supplies","291.32","0","DC/DC DIN RAIL SUPPLY 24V","https://media.distributordatasolutions.com/siemenscomplete/2023q3/documents/194c6aef5d99e6e791f041ef46aeea3478323a7f.pdf","{""Input Type"":""DC"",""Number of Outputs"":""1"",""AC Voltage - Input"":""-"",""DC Voltage - Input (Min)"":""22V"",""DC Voltage - Input (Max)"":""30V"",""Voltage - Output 1"":""24V"",""Voltage - Output 2"":""-"",""Voltage - Output 3"":""-"",""Voltage - Output 4"":""-"",""Voltage - Output 5"":""-"",""Voltage - Output 6"":""-"",""Current - Output (Max)"":""10A"",""Power (Watts)"":""-"",""Applications"":""Hazardous Locations, Industrial, ITE (Commercial)"",""Efficiency"":""99%"",""Operating Temperature"":""-25°C ~ 60°C"",""Features"":""Adjustable Output, IP20"",""Size / Dimension"":""4.76\"" L x 2.76\"" W x 4.92\"" H (121.0mm x 70.0mm x 125.0mm)"",""Approval Agency"":""cCSAus, CE, CSA, cUL, cULus, UL"",""Standard Number"":""60950-1; UL 508"",""Series"":""6EP1""}"
"6EP13321LB00","AC/DC DIN RAIL SUPPLY 24V 60W","Siemens","Power Supplies","134.23","0","AC/DC DIN RAIL SUPPLY 24V 60W","https://media.distributordatasolutions.com/siemenscomplete/2023q3/documents/dffb42e362da5459f5e7b2d6994bc65b3e3deb6c.pdf","{""Input Type"":""AC"",""Number of Outputs"":""1"",""AC Voltage - Input"":""93 ~ 132 VAC, 187 ~ 264 VAC"",""DC Voltage - Input (Min)"":""-"",""DC Voltage - Input (Max)"":""-"",""Voltage - Output 1"":""24V"",""Voltage - Output 2"":""-"",""Voltage - Output 3"":""-"",""Voltage - Output 4"":""-"",""Voltage - Output 5"":""-"",""Voltage - Output 6"":""-"",""Current - Output (Max)"":""2.5A"",""Power (Watts)"":""60W"",""Applications"":""Hazardous Locations, Industrial, ITE (Commercial)"",""Efficiency"":""85%"",""Operating Temperature"":""0°C ~ 60°C (With Derating)"",""Features"":""Adjustable Output, IP20, Universal Input"",""Size / Dimension"":""4.72\"" L x 1.28\"" W x 4.92\"" H (120.0mm x 32.5mm x 125.0mm)"",""Approval Agency"":""CB, CE, CSA, cUL, cULus, UL"",""Standard Number"":""60950-1; UL 508"",""Series"":""6EP1""}"
"6EP13331LB00","AC/DC DIN RAIL SUPPLY 24V 120W","Siemens","Power Supplies","183.65","0","AC/DC DIN RAIL SUPPLY 24V 120W","https://media.distributordatasolutions.com/siemenscomplete/2023q3/documents/a7a74f965cacaf74004360ceca35e032926a6da6.pdf","{""Input Type"":""AC"",""Number of Outputs"":""1"",""AC Voltage - Input"":""93 ~ 132 VAC, 187 ~ 264 VAC"",""DC Voltage - Input (Min)"":""-"",""DC Voltage - Input (Max)"":""-"",""Voltage - Output 1"":""24V"",""Voltage - Output 2"":""-"",""Voltage - Output 3"":""-"",""Voltage - Output 4"":""-"",""Voltage - Output 5"":""-"",""Voltage - Output 6"":""-"",""Current - Output (Max)"":""5A"",""Power (Watts)"":""120W"",""Applications"":""Hazardous Locations, Industrial, ITE (Commercial)"",""Efficiency"":""86%"",""Operating Temperature"":""0°C ~ 60°C (With Derating)"",""Features"":""Adjustable Output, IP20, Universal Input"",""Size / Dimension"":""4.72\"" L x 1.97\"" W x 4.92\"" H (120.0mm x 50.0mm x 125.0mm)"",""Approval Agency"":""CB, CE, CSA, cUL, cULus, UL"",""Standard Number"":""60950-1; UL 508"",""Series"":""6EP1""}"
"6EP13332BA20","AC/DC DIN RAIL SUPPLY 24V 120W","Siemens","Power Supplies","291.32","0","AC/DC DIN RAIL SUPPLY 24V 120W","https://media.distributordatasolutions.com/siemenscomplete/2023q3/documents/079deffdc8b31e9242f42ea3e2a3b63492b4941c.pdf","{""Input Type"":""AC"",""Number of Outputs"":""1"",""AC Voltage - Input"":""85 ~ 132 VAC, 170 ~ 264 VAC"",""DC Voltage - Input (Min)"":""-"",""DC Voltage - Input (Max)"":""-"",""Voltage - Output 1"":""24V"",""Voltage - Output 2"":""-"",""Voltage - Output 3"":""-"",""Voltage - Output 4"":""-"",""Voltage - Output 5"":""-"",""Voltage - Output 6"":""-"",""Current - Output (Max)"":""5A"",""Power (Watts)"":""120W"",""Applications"":""Hazardous Locations, Industrial, ITE (Commercial)"",""Efficiency"":""88%"",""Operating Temperature"":""-25°C ~ 70°C (With Derating)"",""Features"":""Adjustable Output, IP20, Universal Input"",""Size / Dimension"":""4.92\"" L x 1.97\"" W x 4.92\"" H (125.0mm x 50.0mm x 125.0mm)"",""Approval Agency"":""CB, cCSAus, CE, CSA, cUL, cULus, UL"",""Standard Number"":""60950-1; UL 508"",""Series"":""6EP1""}"
"6EP13333BA10","AC/DC DIN RAIL SUPPLY 24V 120W","Siemens","Power Supplies","313.89","0","AC/DC DIN RAIL SUPPLY 24V 120W","https://media.distributordatasolutions.com/siemenscomplete/2023q3/documents/ed182eb9d0e9b10c9bd7723b34c6f0c72b487ef1.pdf","{""Input Type"":""AC"",""Number of Outputs"":""1"",""AC Voltage - Input"":""85 ~ 264 VAC, 176 ~ 550 VAC"",""DC Voltage - Input (Min)"":""-"",""DC Voltage - Input (Max)"":""-"",""Voltage - Output 1"":""24V"",""Voltage - Output 2"":""-"",""Voltage - Output 3"":""-"",""Voltage - Output 4"":""-"",""Voltage - Output 5"":""-"",""Voltage - Output 6"":""-"",""Current - Output (Max)"":""5A"",""Power (Watts)"":""120W"",""Applications"":""Hazardous Locations, Industrial, ITE (Commercial)"",""Efficiency"":""88%"",""Operating Temperature"":""-25°C ~ 70°C"",""Features"":""Adjustable Output, IP20"",""Size / Dimension"":""4.76\"" L x 2.76\"" W x 4.92\"" H (121.0mm x 70.0mm x 125.0mm)"",""Approval Agency"":""CB, cCSAus, CE, CSA, cUL, cULus, UL"",""Standard Number"":""60950-1; UL 508"",""Series"":""6EP1""}"
"6EP14363BA00","AC/DC DIN RAIL SUPPLY 24V","Siemens","Power Supplies","698.55","0","AC/DC DIN RAIL SUPPLY 24V","https://media.distributordatasolutions.com/siemenscomplete/2023q3/documents/f04e059eb205101289f65658a7e59b5f30b091b2.pdf","{""Input Type"":""AC"",""Number of Outputs"":""1"",""AC Voltage - Input"":""320 ~ 550 VAC"",""DC Voltage - Input (Min)"":""-"",""DC Voltage - Input (Max)"":""-"",""Voltage - Output 1"":""24V"",""Voltage - Output 2"":""-"",""Voltage - Output 3"":""-"",""Voltage - Output 4"":""-"",""Voltage - Output 5"":""-"",""Voltage - Output 6"":""-"",""Current - Output (Max)"":""20A"",""Power (Watts)"":""-"",""Applications"":""Industrial, ITE (Commercial)"",""Efficiency"":""90%"",""Operating Temperature"":""0°C ~ 70°C"",""Features"":""Adjustable Output, IP20"",""Size / Dimension"":""4.92\"" L x 6.30\"" W x 4.92\"" H (125.0mm x 160.0mm x 125.0mm)"",""Approval Agency"":""CE, CSA, EAC, UL"",""Standard Number"":""60950-1; UL 508"",""Series"":""6EP1""}"
"6EP13315BA00","AC/DC DIN RAIL SUPPLY 24V 14W","Siemens","Power Supplies","85.91","0","AC/DC DIN RAIL SUPPLY 24V 14W","https://media.distributordatasolutions.com/siemenscomplete/2023q3/documents/3a9f8f88809197dca24410e0db2076ed2010d4b8.pdf","{""Input Type"":""AC or DC"",""Number of Outputs"":""1"",""AC Voltage - Input"":""100 ~ 230 VAC, 85 ~ 264 VAC"",""DC Voltage - Input (Min)"":""110V"",""DC Voltage - Input (Max)"":""300V"",""Voltage - Output 1"":""24V"",""Voltage - Output 2"":""-"",""Voltage - Output 3"":""-"",""Voltage - Output 4"":""-"",""Voltage - Output 5"":""-"",""Voltage - Output 6"":""-"",""Current - Output (Max)"":""600mA"",""Power (Watts)"":""14W"",""Applications"":""Hazardous Locations, Industrial, ITE (Commercial)"",""Efficiency"":""82%"",""Operating Temperature"":""-20°C ~ 70°C"",""Features"":""Adjustable Output, IP20, Universal Input"",""Size / Dimension"":""3.94\"" L x 0.89\"" W x 3.15\"" H (100.0mm x 22.5mm x 80.0mm)"",""Approval Agency"":""CB, cCSAus, CE, CSA, cUL, cULus, UL"",""Standard Number"":""60950-1; UL 508"",""Series"":""6EP1""}"
"6EP43467RB000AX0","DC/DC DIN RAIL SUPPLY 24V","Siemens","Power Supplies","169.28","0","DC/DC DIN RAIL SUPPLY 24V","https://media.distributordatasolutions.com/siemenscomplete/2023q3/documents/73db8cef276a8f21e6d51778f43d69c7b7aa3cbb.pdf","{""Input Type"":""DC"",""Number of Outputs"":""1"",""AC Voltage - Input"":""-"",""DC Voltage - Input (Min)"":""10V"",""DC Voltage - Input (Max)"":""58V"",""Voltage - Output 1"":""24V"",""Voltage - Output 2"":""-"",""Voltage - Output 3"":""-"",""Voltage - Output 4"":""-"",""Voltage - Output 5"":""-"",""Voltage - Output 6"":""-"",""Current - Output (Max)"":""20A"",""Power (Watts)"":""-"",""Applications"":""Industrial"",""Efficiency"":""97.5%"",""Operating Temperature"":""-25°C ~ 70°C"",""Features"":""Adjustable Output, IP20"",""Size / Dimension"":""4.92\"" L x 1.38\"" W x 5.31\"" H (125.0mm x 35.0mm x 135.0mm)"",""Approval Agency"":""CE, CSA, cULus, UL"",""Standard Number"":""508"",""Series"":""6EP4""}"
"6EP19613BA21","DC/DC DIN RAIL SUPPLY 24V","Siemens","Power Supplies","231.82","0","DC/DC DIN RAIL SUPPLY 24V","https://media.distributordatasolutions.com/siemenscomplete/2023q3/documents/a853aaa715c602096939559567343d09931be5c4.pdf","{""Input Type"":""DC"",""Number of Outputs"":""1"",""AC Voltage - Input"":""-"",""DC Voltage - Input (Min)"":""24V"",""DC Voltage - Input (Max)"":""28.8V"",""Voltage - Output 1"":""24V"",""Voltage - Output 2"":""-"",""Voltage - Output 3"":""-"",""Voltage - Output 4"":""-"",""Voltage - Output 5"":""-"",""Voltage - Output 6"":""-"",""Current - Output (Max)"":""40A"",""Power (Watts)"":""-"",""Applications"":""Hazardous Locations, Industrial, ITE (Commercial)"",""Efficiency"":""96.6%"",""Operating Temperature"":""-25°C ~ 60°C (With Derating)"",""Features"":""Adjustable Output, IP20"",""Size / Dimension"":""3.94\"" L x 1.18\"" W x 3.15\"" H (100.0mm x 30.0mm x 80.0mm)"",""Approval Agency"":""cCSAus, CE, CSA, cUL, cULus, UL"",""Standard Number"":""60950-1; UL 508"",""Series"":""6EP1""}"
"6EP43477RB000AX0","DC/DC DIN RAIL SUPPLY 24V","Siemens","Power Supplies","232.76","0","DC/DC DIN RAIL SUPPLY 24V","https://media.distributordatasolutions.com/siemenscomplete/2023q3/documents/e4fe10c9ed26fe398a54d308bd8e282f0bb3d9fb.pdf","{""Input Type"":""DC"",""Number of Outputs"":""1"",""AC Voltage - Input"":""-"",""DC Voltage - Input (Min)"":""10V"",""DC Voltage - Input (Max)"":""58V"",""Voltage - Output 1"":""24V"",""Voltage - Output 2"":""-"",""Voltage - Output 3"":""-"",""Voltage - Output 4"":""-"",""Voltage - Output 5"":""-"",""Voltage - Output 6"":""-"",""Current - Output (Max)"":""40A"",""Power (Watts)"":""-"",""Applications"":""Hazardous Locations, Industrial"",""Efficiency"":""97.5%"",""Operating Temperature"":""-25°C ~ 70°C"",""Features"":""Adjustable Output, IP20"",""Size / Dimension"":""4.92\"" L x 1.77\"" W x 5.31\"" H (125.0mm x 45.0mm x 135.0mm)"",""Approval Agency"":""CE, CSA, cULus, UL"",""Standard Number"":""508"",""Series"":""6EP4""}"
"6EP44377FB003CX0","DC/DC DIN RAIL SUPPLY 23.8V","Siemens","Power Supplies","241.05","0","DC/DC DIN RAIL SUPPLY 23.8V","https://media.distributordatasolutions.com/siemenscomplete/2023q3/documents/ea0fe9132ef37af9b6975184232d868646ad35a2.pdf","{""Input Type"":""DC"",""Number of Outputs"":""1"",""AC Voltage - Input"":""-"",""DC Voltage - Input (Min)"":""20.4V"",""DC Voltage - Input (Max)"":""30V"",""Voltage - Output 1"":""23.8V"",""Voltage - Output 2"":""-"",""Voltage - Output 3"":""-"",""Voltage - Output 4"":""-"",""Voltage - Output 5"":""-"",""Voltage - Output 6"":""-"",""Current - Output (Max)"":""10A"",""Power (Watts)"":""-"",""Applications"":""Hazardous Locations, Industrial, ITE (Commercial)"",""Efficiency"":""98%"",""Operating Temperature"":""-25°C ~ 70°C"",""Features"":""Adjustable Output, IP20"",""Size / Dimension"":""4.92\"" L x 1.77\"" W x 5.31\"" H (125.0mm x 45.0mm x 135.0mm)"",""Approval Agency"":""CE, CSA, cULus, UL"",""Standard Number"":""60950-1; UL 508"",""Series"":""6EP4""}"
"6EP33337SB000AX0","AC/DC DIN RAIL SUPPLY 24V 120W","Siemens","Power Supplies","245.66","0","AC/DC DIN RAIL SUPPLY 24V 120W","https://media.distributordatasolutions.com/siemenscomplete/2023q3/documents/3e2eadaa3dde3e823d855ceb6c1651e555963611.pdf","{""Input Type"":""AC or DC"",""Number of Outputs"":""1"",""AC Voltage - Input"":""100 ~ 240 VAC, 85 ~ 264 VAC"",""DC Voltage - Input (Min)"":""99V"",""DC Voltage - Input (Max)"":""275V"",""Voltage - Output 1"":""24V"",""Voltage - Output 2"":""-"",""Voltage - Output 3"":""-"",""Voltage - Output 4"":""-"",""Voltage - Output 5"":""-"",""Voltage - Output 6"":""-"",""Current - Output (Max)"":""5A"",""Power (Watts)"":""120W"",""Applications"":""Hazardous Locations, Industrial, ITE (Commercial)"",""Efficiency"":""90.2%"",""Operating Temperature"":""-25°C ~ 70°C (With Derating)"",""Features"":""Adjustable Output, IP20, Universal Input"",""Size / Dimension"":""4.92\"" L x 1.38\"" W x 5.31\"" H (125.0mm x 35.0mm x 135.0mm)"",""Approval Agency"":""CB, cCSAus, CE, CSA, cUL, cULus, UL"",""Standard Number"":""60950-1; UL 508"",""Series"":""6EP3""}"
"6EP13341LB00","AC/DC DIN RAIL SUPPLY 24V 240W","Siemens","Power Supplies","255.41","0","AC/DC DIN RAIL SUPPLY 24V 240W","https://media.distributordatasolutions.com/262/csv_siemens/dafe269d380ad8013dafd38e43c7d9fa12466cb5.pdf","{""Input Type"":""AC"",""Number of Outputs"":""1"",""AC Voltage - Input"":""93 ~ 132 VAC, 187 ~ 264 VAC"",""DC Voltage - Input (Min)"":""-"",""DC Voltage - Input (Max)"":""-"",""Voltage - Output 1"":""24V"",""Voltage - Output 2"":""-"",""Voltage - Output 3"":""-"",""Voltage - Output 4"":""-"",""Voltage - Output 5"":""-"",""Voltage - Output 6"":""-"",""Current - Output (Max)"":""10A"",""Power (Watts)"":""240W"",""Applications"":""Hazardous Locations, Industrial, ITE (Commercial)"",""Efficiency"":""89%"",""Operating Temperature"":""0°C ~ 60°C (With Derating)"",""Features"":""Adjustable Output, IP20, Universal Input"",""Size / Dimension"":""4.72\"" L x 2.76\"" W x 4.92\"" H (120.0mm x 70.0mm x 125.0mm)"",""Approval Agency"":""CB, CE, CSA, cUL, cULus, UL"",""Standard Number"":""60950-1; UL 508"",""Series"":""6EP1""}"
"6EP19612BA21","DC/DC DIN RAIL SUPPLY 24V","Siemens","Power Supplies","291.32","0","DC/DC DIN RAIL SUPPLY 24V","https://media.distributordatasolutions.com/siemenscomplete/2023q3/documents/58400e1cd709168dc6d3f4c7477f54e4d0186adc.pdf","{""Input Type"":""DC"",""Number of Outputs"":""1"",""AC Voltage - Input"":""-"",""DC Voltage - Input (Min)"":""22V"",""DC Voltage - Input (Max)"":""30V"",""Voltage - Output 1"":""24V"",""Voltage - Output 2"":""-"",""Voltage - Output 3"":""-"",""Voltage - Output 4"":""-"",""Voltage - Output 5"":""-"",""Voltage - Output 6"":""-"",""Current - Output (Max)"":""10A"",""Power (Watts)"":""-"",""Applications"":""Hazardous Locations, Industrial, ITE (Commercial)"",""Efficiency"":""99%"",""Operating Temperature"":""-25°C ~ 60°C"",""Features"":""Adjustable Output, IP20"",""Size / Dimension"":""2.83\"" L x 2.83\"" W x 3.15\"" H (72.0mm x 72.0mm x 80.0mm)"",""Approval Agency"":""cCSAus, CE, CSA, cUL, cULus, UL"",""Standard Number"":""60950-1; UL 508"",""Series"":""6EP1""}"
"6GK11623AA00","SIMATIC NET, IE, CP 1623 PCI EXP","Siemens","Industrial Networking","3098.92","0","SIMATIC NET, IE, CP 1623 PCI EXP","https://mall.industry.siemens.com/teddatasheet/?format=PDF&caller=Mall&mlfbs=6GK1162-3AA00&language=en","{""Accessory Type"":""Expansion Card"",""For Use With/Related Products"":""Industrial Ethernet Switches"",""Series"":""-""}"
"6GK56150AA002AA2","SCALANCE S615 LAN-ROUTER","Siemens","Industrial Networking","1124.38","0","SCALANCE S615 LAN-ROUTER","https://mall.industry.siemens.com/teddatasheet/?format=PDF&caller=Mall&mlfbs=6GK5615-0AA00-2AA2&language=en","{""Function"":""Router"",""Modulation or Protocol"":""DHCP, HTTP, NAPT, NAT, NTP"",""Frequency"":""-"",""Applications"":""General Purpose"",""Interface"":""-"",""Sensitivity"":""-"",""Power - Output"":""4W"",""Data Rate (Max)"":""100Mbps"",""Features"":""IP20"",""Series"":""-""}"
"6ES78231EA080YE5","TIA PORTAL TEAMCENTER GATEWAY UP","Siemens","Industrial Networking","1175.01","0","TIA PORTAL TEAMCENTER GATEWAY UP","https://cache.industry.siemens.com/dl/files/146/109744146/att_1029315/v1/simatic-st80-stpc-complete-english-2020.pdf","{""Accessory Type"":""Software"",""For Use With/Related Products"":""SIMATIC Series"",""Series"":""-""}"
"6BK16230AA000AA0","SIMATIC PN/J1939 LINK","Siemens","Industrial Networking","1382.11","0","SIMATIC PN/J1939 LINK","//mm.digikey.com/Volume0/opasdata/d220001/medias/docus/7989/6BK16230AA000AA0.pdf","{""Accessory Type"":""Gateway"",""For Use With/Related Products"":""-"",""Specifications"":""2.95\"" (75.00mm)"",""Series"":""SIMATIC""}"
"6GK58764AA102BA2","SCALANCE M876-4","Siemens","Industrial Networking","1513.55","0","SCALANCE M876-4","https://mall.industry.siemens.com/teddatasheet/?format=PDF&mlfbs=6GK58764AA102BA2&language=en&caller=SiePortal","{""Function"":""Router"",""Modulation or Protocol"":""DHCP, EGPRS, GPRS, GSM, HSPA+, HTTP, HTTPS, LTE, NTP, SNMP, SNTP, Telnet, UMTS"",""Frequency"":""850MHz, 900MHz, 1.8GHz, 1.9GHz"",""Applications"":""General Purpose"",""Interface"":""Ethernet, RJ45"",""Sensitivity"":""-"",""Power - Output"":""-"",""Data Rate (Max)"":""-"",""Features"":""IP20"",""Series"":""-""}"
"6GK58262AB002AB2","SCALANCE M826-2 SHDSL-ROUTER","Siemens","Industrial Networking","1697.43","0","SCALANCE M826-2 SHDSL-ROUTER","https://media.distributordatasolutions.com/siemenscomplete/2023q3/documents/788eddf61bfa671505de307e53655be9e0208d6f.pdf","{""Function"":""Router"",""Modulation or Protocol"":""DHCP Client, DHCP Server, HTTP, HTTPS, NTP, SHDSL, SNMP, SNTP, Telnet"",""Frequency"":""-"",""Applications"":""General Purpose"",""Interface"":""Ethernet, RJ-45, WAN"",""Sensitivity"":""-"",""Power - Output"":""-"",""Data Rate (Max)"":""15.3Mbps"",""Series"":""-"",""Pack Size"":""2""}"
"6GK14115AB10","IE/PB LINK PN IO","Siemens","Industrial Networking","2354.65","0","IE/PB LINK PN IO","//mm.digikey.com/Volume0/opasdata/d220001/medias/docus/6255/Networking%20Managed%20Industrial%20Ethernet%20Switches%20Catalog.pdf","{""Type"":""Gateway"",""For Use With/Related Products"":""Networking"",""Series"":""-""}"
"6GK58161AA002AA2","SCALANCE M816-1 ADSL-ROUTER","Siemens","Industrial Networking","2451.85","0","SCALANCE M816-1 ADSL-ROUTER","https://media.distributordatasolutions.com/siemenscomplete/2023q3/documents/eb32af35860ae1354c4bc94859f3f933edf8a922.pdf","{""Function"":""Router"",""Modulation or Protocol"":""ADSL, ADSL2, ADSL2+, DHCP Client, DHCP Server, HTTP, HTTPS, NTP, SNMP, SNTP, Telnet"",""Frequency"":""-"",""Applications"":""General Purpose"",""Interface"":""Ethernet, RJ-45, WAN"",""Sensitivity"":""-"",""Power - Output"":""-"",""Data Rate (Max)"":""25Mbps"",""Series"":""-""}"
"6GK59983GS002AC2","SCALANCE LPE9403","Siemens","Industrial Networking","2451.85","0","SCALANCE LPE9403","https://mall.industry.siemens.com/tedservices/DatasheetService/DatasheetService?format=PDF&caller=EGH&mlfbs=6GK5998-3GS00-2AC2&language=en","{""Function"":""Gateway"",""Modulation or Protocol"":""-"",""Frequency"":""1.4GHz"",""Applications"":""General Purpose"",""Interface"":""RJ45, USB"",""Sensitivity"":""-"",""Power - Output"":""-"",""Data Rate (Max)"":""1Gbps"",""Series"":""-""}"
"6GK58121BA002AA2","SCALANCE M812-1 ADSL-ROUTER","Siemens","Industrial Networking","2640.46","0","SCALANCE M812-1 ADSL-ROUTER","https://media.distributordatasolutions.com/siemenscomplete/2023q3/documents/af0e7396d5acb44b43afa7b899f8ca624b94a1f4.pdf","{""Function"":""Router"",""Modulation or Protocol"":""DHCP Client, DHCP Server, HTTP, HTTPS, NTP, SNTP, SNMP, Telnet"",""Frequency"":""-"",""Applications"":""General Purpose"",""Interface"":""Ethernet, RJ-45, WAN"",""Sensitivity"":""-"",""Power - Output"":""-"",""Data Rate (Max)"":""25Mbps"",""Series"":""-""}"
"6GK58764AA002BA2","SCALANCE M876-4 (EU)","Siemens","Industrial Networking","2720.61","0","SCALANCE M876-4 (EU)","https://media.distributordatasolutions.com/siemenscomplete/2023q3/documents/fa8974035f86e60e8fe742796b0b861696eba9a1.pdf","{""Function"":""Router"",""Modulation or Protocol"":""DHCP Client, DHCP Server, eGPRS, GPRS, GSM, HSPA+, HTTP, HTTPS, LTE, NTP, SNMP, SNTP, Telnet, UMTS"",""Frequency"":""800kHz, 900kHz, 1.8GHz, 2.1GHz, 2.6GHz"",""Applications"":""General Purpose"",""Interface"":""Ethernet, RJ-45, WAN"",""Sensitivity"":""-"",""Power - Output"":""-"",""Data Rate (Max)"":""236.8kbps"",""Series"":""-""}"
"6ES78231EA080YA5","TIA PORTAL TEAMCENTER GATEWAY V1","Siemens","Industrial Networking","2937.52","0","TIA PORTAL TEAMCENTER GATEWAY V1","https://cache.industry.siemens.com/dl/files/146/109744146/att_1029315/v1/simatic-st80-stpc-complete-english-2020.pdf","{""Accessory Type"":""Software"",""For Use With/Related Products"":""SIMATIC Series"",""Series"":""-""}"
"6GK14115BB00","IE/PB LINK HA GATEWAY","Siemens","Industrial Networking","3738.71","0","IE/PB LINK HA GATEWAY","https://mall.industry.siemens.com/teddatasheet/?format=PDF&caller=Mall&mlfbs=6GK1411-5BB00&language=en","{""Type"":""Gateway"",""For Use With/Related Products"":""Networking"",""Series"":""-""}"
"6ES71486JD000AB0","ET 200ECO PN: IO-LINK MASTER","Siemens","Industrial Networking","1584.27","0","ET 200ECO PN: IO-LINK MASTER","https://media.distributordatasolutions.com/siemenscomplete/2023q3/documents/9ebcc24e452dc64bbf25236b1321a087a13f43e4.pdf","{""Accessory Type"":""Input, Output Unit"",""Color"":""White"",""Features"":""4 Connector Opening, Dust Tight, Waterproof"",""For Use With/Related Products"":""Circular Connectors"",""Material"":""-"",""Shell Size - Insert"":""M12"",""Series"":""-"",""Pack Size"":""2""}"
"3RQ30181AB00","RELAY GEN PURPOSE SPDT 3A 24V","Siemens","Relays & Timers","141.81","0","RELAY GEN PURPOSE SPDT 3A 24V","https://media.distributordatasolutions.com/siemenscomplete/2021q1/documents/2bc852fe1d6e0a054032f541bbdb3618d8dd4edc.pdf","{""Mounting Type"":""DIN Rail"",""Coil Voltage"":""24VAC/DC"",""Contact Form"":""SPDT (1 Form C)"",""Contact Rating (Current)"":""3 A"",""Switching Voltage"":""250VAC - Max"",""Load - Max Switching"":""750VA"",""Coil Type"":""Non Latching"",""Features"":""Lighted Indicator"",""Termination Style"":""Screw Terminal"",""Seal Rating"":""-"",""Coil Insulation"":""-"",""Must Operate Voltage"":""-"",""Must Release Voltage"":""-"",""Operate Time"":""12 ms"",""Release Time"":""14 ms"",""Operating Temperature"":""-25°C ~ 60°C"",""Contact Material"":""Silver Tin Oxide (AgSnO)"",""Approval Agency"":""CCC, CSA, EAC, UL"",""Relay Type"":""General Purpose"",""Grade"":""-"",""Qualification"":""-"",""Series"":""SIRIUS 3RQ3""}"
"3TX71113PC03","PREMIUM PLUG-IN RELAY, 4PDT, 6A,","Siemens","Relays & Timers","71.33","0","PREMIUM PLUG-IN RELAY, 4PDT, 6A,","//mm.digikey.com/Volume0/opasdata/d220001/medias/docus/6223/3TX71113PC03datasheeten.pdf","{""Series"":""-""}"
"3TX71145LC03","PREMIUM PLUG-IN RELAY, DPDT, 15A","Siemens","Relays & Timers","75.98","0","PREMIUM PLUG-IN RELAY, DPDT, 15A","//mm.digikey.com/Volume0/opasdata/d220001/medias/docus/6530/3TX71145LC03.pdf","{""Series"":""-""}"
"3TX71113PF13","PREMIUM PLUG-IN RELAY, 4PDT, 6A,","Siemens","Relays & Timers","75.98","0","PREMIUM PLUG-IN RELAY, 4PDT, 6A,","","{""Series"":""-""}"
"3RQ31181AM00","RELAY GEN PURPOSE SPDT 3A 24V","Siemens","Relays & Timers","96.58","0","RELAY GEN PURPOSE SPDT 3A 24V","https://media.distributordatasolutions.com/siemenscomplete/2021q1/documents/5d84a5fea6232687688981e75541ddde303971e7.pdf","{""Mounting Type"":""DIN Rail"",""Coil Voltage"":""24VDC"",""Contact Form"":""SPDT (1 Form C)"",""Contact Rating (Current)"":""3 A"",""Switching Voltage"":""250VAC - Max"",""Load - Max Switching"":""750VA"",""Coil Type"":""Non Latching"",""Features"":""Lighted Indicator"",""Termination Style"":""Screw Terminal"",""Seal Rating"":""-"",""Coil Insulation"":""-"",""Must Operate Voltage"":""-"",""Must Release Voltage"":""-"",""Operate Time"":""12 ms"",""Release Time"":""13 ms"",""Operating Temperature"":""-25°C ~ 60°C"",""Contact Material"":""Silver Tin Oxide (AgSnO)"",""Approval Agency"":""CCC, CSA, EAC, UL"",""Relay Type"":""General Purpose"",""Grade"":""-"",""Qualification"":""-"",""Series"":""SIRIUS 3RQ3""}"
"3TX71121LF13","PREM PLUG-IN RELAY,OCT,DPDT,10A,","Siemens","Relays & Timers","113.24","0","PREM PLUG-IN RELAY,OCT,DPDT,10A,","","{""Series"":""-""}"
"3RQ30551SM30","RELAY GEN PURPOSE SPST 5A 24V","Siemens","Relays & Timers","249.13","0","RELAY GEN PURPOSE SPST 5A 24V","https://media.distributordatasolutions.com/siemenscomplete/2021q1/documents/b02a0e5011a92410ad7e6081786dbf2d5550b7a4.pdf","{""Mounting Type"":""DIN Rail"",""Coil Voltage"":""24VDC"",""Contact Form"":""SPST-NO (1 Form A)"",""Contact Rating (Current)"":""5 A"",""Switching Voltage"":""30VDC - Max"",""Load - Max Switching"":""150W"",""Coil Type"":""Non Latching"",""Features"":""Lighted Indicator"",""Termination Style"":""Screw Terminal"",""Seal Rating"":""-"",""Coil Insulation"":""-"",""Must Operate Voltage"":""-"",""Must Release Voltage"":""-"",""Operate Time"":""0.2 ms"",""Release Time"":""0.3 ms"",""Operating Temperature"":""-25°C ~ 60°C"",""Contact Material"":""-"",""Approval Agency"":""CCC, CSA, EAC, UL"",""Relay Type"":""General Purpose"",""Grade"":""-"",""Qualification"":""-"",""Series"":""SIRIUS 3RQ3""}"
"3TX71105JC03","PREMIUM PLUG-IN RELAY, SPDT, 15A","Siemens","Relays & Timers","66.79","0","PREMIUM PLUG-IN RELAY, SPDT, 15A","https://mall.industry.siemens.com/mall/en/us/Catalog/DatasheetDownload?downloadUrl=teddatasheet%2F%3Fformat%3DPDF%26caller%3DMall%26mlfbs%3D3TX71105JC03%26language%3Den","{""Series"":""-""}"
"3TX71175PC03","PREMIUM PLUG-IN RELAY, 4PDT, 15A","Siemens","Relays & Timers","113.37","0","PREMIUM PLUG-IN RELAY, 4PDT, 15A","","{""Series"":""-""}"
"3TX71300DC03","OPEN PWR RELAY, DPST, 40A, 24VDC","Siemens","Relays & Timers","160.79","0","OPEN PWR RELAY, DPST, 40A, 24VDC","","{""Series"":""-""}"
"LZS:PT3A5L24","PLUG-IN COUPL., COMPLETE UNIT 24","Siemens","Relays & Timers","88.6","0","PLUG-IN COUPL., COMPLETE UNIT 24","https://media.distributordatasolutions.com/262/csv_siemens/a5d9d297bd2d81bd4ab4f5a43f64ab7acb04acb7.pdf","{""Mounting Type"":""DIN Rail"",""Coil Voltage"":""24VDC"",""Contact Form"":""3PDT (3 Form C)"",""Contact Rating (Current)"":""4 A"",""Switching Voltage"":""250VAC, 24VDC - Max"",""Load - Max Switching"":""1000VA, 96W"",""Coil Type"":""Non Latching"",""Features"":""Lighted Indicator"",""Termination Style"":""Screw Terminal"",""Seal Rating"":""-"",""Coil Insulation"":""-"",""Must Operate Voltage"":""21.6 VDC"",""Must Release Voltage"":""-"",""Operate Time"":""15 ms"",""Release Time"":""18 ms"",""Operating Temperature"":""-40°C ~ 70°C"",""Contact Material"":""Silver Nickel (AgNi)"",""Approval Agency"":""CE, EAC, UKCA, VDE"",""Relay Type"":""General Purpose"",""Grade"":""-"",""Qualification"":""-"",""Series"":""SIRIUS LZS""}"
"LZS:PT3A5T30","PLUG-IN RELAY COMPLETE UNIT AC23","Siemens","Relays & Timers","94.52","0","PLUG-IN RELAY COMPLETE UNIT AC23","https://media.distributordatasolutions.com/262/csv_siemens/cb9f9ff2e45b45c91c86fd0deb337803735edcd1.pdf","{""Mounting Type"":""DIN Rail"",""Coil Voltage"":""230VAC"",""Contact Form"":""3PDT (3 Form C)"",""Switching Voltage"":""-"",""Load - Max Switching"":""-"",""Coil Type"":""Non Latching"",""Features"":""Lighted Indicator"",""Termination Style"":""Screw Terminal"",""Seal Rating"":""-"",""Coil Insulation"":""-"",""Must Operate Voltage"":""207 VAC"",""Must Release Voltage"":""-"",""Operating Temperature"":""-40°C ~ 70°C"",""Contact Material"":""Silver Nickel (AgNi)"",""Approval Agency"":""CE, EAC, UKCA, VDE"",""Relay Type"":""General Purpose"",""Grade"":""-"",""Qualification"":""-"",""Series"":""SIRIUS LZS""}"
"3RQ30182AE00","RELAY GEN PURPOSE SPDT 3A 115V","Siemens","Relays & Timers","132.48","0","RELAY GEN PURPOSE SPDT 3A 115V","https://media.distributordatasolutions.com/siemenscomplete/2021q1/documents/623622261ca730e5a2c1ccc5d74d52fd50e878a2.pdf","{""Mounting Type"":""DIN Rail"",""Coil Voltage"":""115VAC/DC"",""Contact Form"":""SPDT (1 Form C)"",""Contact Rating (Current)"":""3 A"",""Switching Voltage"":""250VAC - Max"",""Load - Max Switching"":""750VA"",""Coil Type"":""Non Latching"",""Features"":""Lighted Indicator"",""Termination Style"":""Spring Terminal"",""Seal Rating"":""-"",""Coil Insulation"":""-"",""Must Operate Voltage"":""-"",""Must Release Voltage"":""-"",""Operate Time"":""8 ms"",""Release Time"":""17 ms"",""Operating Temperature"":""-25°C ~ 60°C"",""Contact Material"":""Silver Tin Oxide (AgSnO)"",""Approval Agency"":""CCC, CSA, EAC, UL"",""Relay Type"":""General Purpose"",""Grade"":""-"",""Qualification"":""-"",""Series"":""SIRIUS 3RQ3""}"
"3TX71145LF13","PREMIUM PLUG-IN RELAY,DPDT, 15A,","Siemens","Relays & Timers","75.61","0","PREMIUM PLUG-IN RELAY,DPDT, 15A,","","{""Series"":""-""}"
"3TX71105BC03C","PLUG-IN RELAY, SPDT, 15A, 24VDC","Siemens","Relays & Timers","25.72","0","PLUG-IN RELAY, SPDT, 15A, 24VDC","","{""Series"":""-""}"
"LZX:RT314024","RELAY,24VDC,1CO","Siemens","Relays & Timers","25.95","0","RELAY,24VDC,1CO","https://media.distributordatasolutions.com/262/csv_siemens/d10bda3a4fb686a0d62d7a561ec6eb49c7a0debf.pdf","{""Mounting Type"":""Socketable"",""Coil Voltage"":""24VDC"",""Contact Form"":""SPDT (1 Form C)"",""Contact Rating (Current)"":""6 A"",""Switching Voltage"":""250VAC - Max"",""Load - Max Switching"":""1500VA"",""Coil Type"":""Non Latching"",""Features"":""-"",""Termination Style"":""Plug In"",""Seal Rating"":""-"",""Coil Insulation"":""-"",""Must Operate Voltage"":""21.6 VDC"",""Must Release Voltage"":""-"",""Operating Temperature"":""-40°C ~ 85°C"",""Contact Material"":""Silver Nickel (AgNi)"",""Approval Agency"":""CE, EAC, UKCA, UR, VDE"",""Relay Type"":""General Purpose"",""Grade"":""-"",""Qualification"":""-"",""Series"":""SIRIUS LZX""}"
"LZX:RT314524","PLUG-IN RELAY. 1 CO CONTACT.","Siemens","Relays & Timers","25.95","0","PLUG-IN RELAY. 1 CO CONTACT.","https://media.distributordatasolutions.com/262/csv_siemens/b1ac266ae108d5c888c3a30e0d8163f357832642.pdf","{""Mounting Type"":""Socketable"",""Coil Voltage"":""24VAC"",""Contact Form"":""SPDT (1 Form C)"",""Contact Rating (Current)"":""3 A"",""Switching Voltage"":""250VAC - Max"",""Load - Max Switching"":""750VA"",""Coil Type"":""Non Latching"",""Features"":""-"",""Termination Style"":""Plug In"",""Seal Rating"":""-"",""Coil Insulation"":""-"",""Must Operate Voltage"":""21.6 VAC"",""Must Release Voltage"":""-"",""Operating Temperature"":""-40°C ~ 70°C"",""Contact Material"":""Silver Nickel (AgNi)"",""Approval Agency"":""CE, EAC, UKCA, UR, VDE"",""Relay Type"":""General Purpose"",""Grade"":""-"",""Qualification"":""-"",""Series"":""SIRIUS LZX""}"
"LZX:RT315024","RELAY,24VDC,1CO,GOLD PLATED","Siemens","Relays & Timers","30.36","0","RELAY,24VDC,1CO,GOLD PLATED","https://media.distributordatasolutions.com/262/csv_siemens/6d5a67f009574e968bf425bade5b4c899cd0b45f.pdf","{""Mounting Type"":""Socketable"",""Coil Voltage"":""24VDC"",""Contact Form"":""SPDT (1 Form C)"",""Contact Rating (Current)"":""6 A"",""Switching Voltage"":""250VAC - Max"",""Load - Max Switching"":""1500VA"",""Coil Type"":""Non Latching"",""Features"":""-"",""Termination Style"":""Plug In"",""Seal Rating"":""-"",""Coil Insulation"":""-"",""Must Operate Voltage"":""21.6 VDC"",""Must Release Voltage"":""-"",""Operating Temperature"":""-40°C ~ 85°C"",""Contact Material"":""Silver Nickel (AgNi), Gold (Au)"",""Approval Agency"":""CE, EAC, UKCA, UR"",""Relay Type"":""General Purpose"",""Grade"":""-"",""Qualification"":""-"",""Series"":""SIRIUS LZX"",""Pack Size"":""78""}"
"6GK19010DB206AA0","IE FC M12 PLUG PRO (1 PC)","Siemens","Cables & Connectors","79.21","0","IE FC M12 PLUG PRO (1 PC)","https://media.distributordatasolutions.com/siemenscomplete/2023q3/documents/634772656c930c15e11eec96f9cc942da3e39ce5.pdf","{""Accessory Type"":""Adapter"",""For Use With/Related Products"":""-"",""Shell Size - Insert"":""M12"",""Material"":""Metal"",""Features"":""-"",""Color"":""-"",""Series"":""-""}"
"6GK19010DB206AA8","IE FC M12 PLUG PRO (8 PCS)","Siemens","Cables & Connectors","440.05","0","IE FC M12 PLUG PRO (8 PCS)","https://media.distributordatasolutions.com/siemenscomplete/2023q3/documents/da2a9caeefcb729bbe508324e2d5fb03c17bccef.pdf","{""Connector Type"":""Receptacle, Male Pins"",""Number of Positions"":""4 (Data)"",""Shell Size - Insert"":""M12-4"",""Shell Size, MIL"":""-"",""Mounting Type"":""Free Hanging (In-Line)"",""Mounting Feature"":""-"",""Termination"":""-"",""Fastening Type"":""Threaded"",""Orientation"":""D"",""Primary Material"":""Metal"",""Shell Material"":""Metal"",""Shell Finish"":""-"",""Contact Finish - Mating"":""-"",""Color"":""Black, Silver"",""Ingress Protection"":""IP65/IP67 - Dust Tight, Water Resistant, Waterproof"",""Material Flammability Rating"":""-"",""Features"":""Backshell, Strain Relief"",""Shielding"":""Unshielded"",""Current Rating (Amps)"":""-"",""Voltage Rating"":""-"",""Cable Opening"":""-"",""Operating Temperature"":""-40°C ~ 85°C"",""Series"":""-""}"
"6ES71941KA010XA0","CONNECTOR Y DBL WIRING ET200X 5-","Siemens","Cables & Connectors","26.48","0","CONNECTOR Y DBL WIRING ET200X 5-","https://media.distributordatasolutions.com/siemenscomplete/2023q3/documents/f308fe166763705630c02cfceec7e5d24c72a1d2.pdf","{""Connector Style"":""Distributor Y-Shaped"",""Convert From (Adapter End)"":""Female Sockets"",""Convert To (Adapter End)"":""Male Pins"",""Shell Size - Insert (Convert From)"":""M12"",""Shell Size - Insert (Convert To)"":""M12"",""Number of Positions (Convert From)"":""5"",""Number of Positions (Convert To)"":""5 (2)"",""Mounting Type"":""Free Hanging (In-Line)"",""Mounting Feature"":""-"",""Fastening Type"":""Threaded"",""Primary Material"":""-"",""Housing Material"":""-"",""Housing Color"":""Black, Silver"",""Features"":""-"",""Ingress Protection"":""-"",""Shielding"":""-"",""Series"":""SIMATIC DP"",""Pack Size"":""89""}"
"6GK19080DC106AA0","CONTROL M12 CABLE CONNECTOR PRO","Siemens","Cables & Connectors","39.17","0","CONTROL M12 CABLE CONNECTOR PRO","https://mall.industry.siemens.com/teddatasheet/?format=PDF&mlfbs=6GK19080DC106AA0&language=en&caller=SiePortal","{""Series"":""*"",""Pack Size"":""61""}"
"3RK19011AA01","INPUT JUMPER M12 FOR SAFE MODULE","Siemens","Cables & Connectors","48.14","0","INPUT JUMPER M12 FOR SAFE MODULE","https://mall.industry.siemens.com/mall/en/us/Catalog/DatasheetDownload?downloadUrl=teddatasheet%2F%3Fformat%3DPDF%26caller%3DMall%26mlfbs%3D3RK19011AA01%26language%3Den","{""Accessory Type"":""Connector"",""For Use With/Related Products"":""Multiple Series"",""Specifications"":""-"",""Series"":""-""}"
"6GK19070DC106AA3","CONNECTOR M12 SCALANCE W-700/X20","Siemens","Cables & Connectors","68.97","0","CONNECTOR M12 SCALANCE W-700/X20","https://mall.industry.siemens.com/teddatasheet/?format=PDF&mlfbs=6GK19070DC106AA3&language=en&caller=SiePortal","{""Series"":""*""}"
"6ES71944AB000AA0","CONNECTOR,M12,COMPENSATION,PT100","Siemens","Cables & Connectors","70.96","0","CONNECTOR,M12,COMPENSATION,PT100","https://media.distributordatasolutions.com/siemenscomplete/2023q3/documents/ecb9fbd39753c8b8dfea5ca3921e81a63328554b.pdf","{""Accessory Type"":""Compensation Plugs"",""For Use With/Related Products"":""-"",""Series"":""SIMATIC""}"
"6GK19050EB106AA0","PB FC M12 CABLE CONNECTOR PRO","Siemens","Cables & Connectors","74.87","0","PB FC M12 CABLE CONNECTOR PRO","https://mall.industry.siemens.com/teddatasheet/?format=PDF&mlfbs=6GK19050EB106AA0&language=en&caller=SiePortal","{""Series"":""*"",""Pack Size"":""32""}"
"6GK19010DB306AA0","IE FC M12 PLUG PRO 4X2","Siemens","Cables & Connectors","75.2","0","IE FC M12 PLUG PRO 4X2","https://media.distributordatasolutions.com/siemenscomplete/2023q3/documents/c42e3234bc735f17379f1ab6630ac159c4aeeda5.pdf","{""Connector Type"":""Plug, Male Pins"",""Number of Positions"":""8"",""Shell Size - Insert"":""M12-8"",""Shell Size, MIL"":""-"",""Mounting Type"":""Free Hanging (In-Line)"",""Mounting Feature"":""-"",""Termination"":""-"",""Fastening Type"":""Threaded"",""Orientation"":""X"",""Primary Material"":""Metal"",""Shell Material"":""Metal"",""Shell Finish"":""-"",""Contact Finish - Mating"":""-"",""Color"":""Silver"",""Ingress Protection"":""IP65/IP67 - Dust Tight, Water Resistant, Waterproof"",""Material Flammability Rating"":""-"",""Features"":""-"",""Shielding"":""Shielded"",""Current Rating (Amps)"":""-"",""Voltage Rating"":""-"",""Cable Opening"":""-"",""Operating Temperature"":""-40°C ~ 85°C"",""Series"":""-"",""Pack Size"":""32""}"
"6GK19010DB506AA0","IE FC M12 PLUG PRO 4X2 (X CODED)","Siemens","Cables & Connectors","76.22","0","IE FC M12 PLUG PRO 4X2 (X CODED)","https://media.distributordatasolutions.com/siemenscomplete/2023q3/documents/65c1196e3dc8cc28f539379d441d36e13902b227.pdf","{""Connector Type"":""Plug, Male Pins"",""Number of Positions"":""8"",""Shell Size - Insert"":""M12-8"",""Shell Size, MIL"":""-"",""Mounting Type"":""Free Hanging (In-Line)"",""Mounting Feature"":""-"",""Termination"":""-"",""Fastening Type"":""Threaded"",""Orientation"":""X"",""Primary Material"":""Metal"",""Shell Material"":""Metal"",""Shell Finish"":""-"",""Contact Finish - Mating"":""-"",""Color"":""Silver"",""Ingress Protection"":""IP65/IP67 - Dust Tight, Water Resistant, Waterproof"",""Material Flammability Rating"":""-"",""Features"":""-"",""Shielding"":""Shielded"",""Current Rating (Amps)"":""-"",""Voltage Rating"":""-"",""Cable Opening"":""-"",""Operating Temperature"":""-40°C ~ 85°C"",""Series"":""-"",""Pack Size"":""31""}"
"6GK19010DB106AA0","SIMATIC NET IE M12 PLUG PRO","Siemens","Cables & Connectors","81.65","0","SIMATIC NET IE M12 PLUG PRO","https://mall.industry.siemens.com/teddatasheet/?format=PDF&mlfbs=6GK19010DB106AA0&language=en&caller=SiePortal","{""Connector Type"":""Plug, Male Pins"",""Number of Positions"":""4"",""Grade"":""-"",""Qualification"":""-"",""Shell Size - Insert"":""M12-4"",""Shell Size, MIL"":""-"",""Mounting Type"":""Free Hanging (In-Line)"",""Mounting Feature"":""-"",""Termination"":""Screw"",""Fastening Type"":""Threaded"",""Orientation"":""D"",""Primary Material"":""Metal"",""Shell Material"":""Metal"",""Shell Finish"":""-"",""Contact Finish - Mating"":""-"",""Color"":""Silver"",""Ingress Protection"":""IP67 - Dust Tight, Waterproof"",""Material Flammability Rating"":""-"",""Features"":""Backshell, Coupling Nut"",""Shielding"":""Unshielded"",""Current Rating (Amps)"":""-"",""Voltage Rating"":""-"",""Cable Opening"":""-"",""Operating Temperature"":""-20°C ~ 70°C"",""Series"":""Pro""}"
"6GK19060EB00","POWER M12 CABLE CONNECTOR","Siemens","Cables & Connectors","85.24","0","POWER M12 CABLE CONNECTOR","https://mall.industry.siemens.com/teddatasheet/?format=PDF&mlfbs=6GK19060EB00&language=en&caller=SiePortal","{""Series"":""*""}"
"3SX51001SS51","M12 PLUG 5-POL  FOR POSITION SWI","Siemens","Cables & Connectors","111.71","0","M12 PLUG 5-POL  FOR POSITION SWI","https://mall.industry.siemens.com/mall/en/us/Catalog/DatasheetDownload?downloadUrl=teddatasheet%2F%3Fformat%3DPDF%26caller%3DMall%26mlfbs%3D3SX51001SS51%26language%3Den","{""Accessory Type"":""Connector"",""For Use With/Related Products"":""3SE51 and 3SE51 Series"",""Series"":""-""}"
"6GK19050ED00","M12-TERMINATING CONNECTOR","Siemens","Cables & Connectors","145.38","0","M12-TERMINATING CONNECTOR","https://mall.industry.siemens.com/teddatasheet/?format=PDF&mlfbs=6GK19050ED00&language=en&caller=SiePortal","{""Series"":""*""}"
"6GK19050EC00","CONNECTOR PROFI M12 TERMIN PLUG","Siemens","Cables & Connectors","145.38","0","CONNECTOR PROFI M12 TERMIN PLUG","https://mall.industry.siemens.com/teddatasheet/?format=PDF&mlfbs=6GK19050EC00&language=en&caller=SiePortal","{""Series"":""*""}"
"3SX56012GA03","CABLE, 8-PIN, 3M, M12, FOR RFID","Siemens","Cables & Connectors","157.58","0","CABLE, 8-PIN, 3M, M12, FOR RFID","https://mall.industry.siemens.com/mall/en/us/Catalog/DatasheetDownload?downloadUrl=teddatasheet%2F%3Fformat%3DPDF%26caller%3DMall%26mlfbs%3D3SX56012GA03%26language%3Den","{""Accessory Type"":""Connector"",""For Use With/Related Products"":""3SE63 Series"",""Series"":""-""}"
"3SE52340RV401AC4","INTERLOCK NON-LOCKING DPST","Siemens","Cables & Connectors","199","0","INTERLOCK NON-LOCKING DPST","https://mall.industry.siemens.com/mall/en/us/Catalog/DatasheetDownload?downloadUrl=teddatasheet%2F%3Fformat%3DPDF%26caller%3DMall%26mlfbs%3D3SE52340RV401AC4%26language%3Den","{""Type"":""Non-Locking"",""Circuit"":""DPST-NO/NC"",""Current Rating (Amps)"":""4A (AC), 3A (DC)"",""Voltage Rating"":""125VAC, 24VDC"",""Voltage - Supply"":""-"",""Holding Force"":""-"",""Actuator Type"":""Panel Disconnect"",""Termination Style"":""Connector (M12)"",""Features"":""-"",""Must Operate"":""-"",""Must Release"":""-"",""Conduit Thread Size"":""M12"",""Operating Temperature"":""-25°C ~ 85°C"",""Ingress Protection"":""IP65 - Dust Tight, Water Resistant"",""Approval Agency"":""CCC, CE, CSA, EAC, UKCA, UL"",""Series"":""3SE5""}"
"3SE52340QV401AE0","INTERLOCK NON-LOCKING DPST","Siemens","Cables & Connectors","204.86","0","INTERLOCK NON-LOCKING DPST","https://mall.industry.siemens.com/mall/en/us/Catalog/DatasheetDownload?downloadUrl=teddatasheet%2F%3Fformat%3DPDF%26caller%3DMall%26mlfbs%3D3SE52340QV401AE0%26language%3Den","{""Type"":""Non-Locking"",""Circuit"":""DPST-NC"",""Current Rating (Amps)"":""4A (AC), 3A (DC)"",""Voltage Rating"":""125VAC, 24VDC"",""Voltage - Supply"":""-"",""Holding Force"":""-"",""Actuator Type"":""Panel Disconnect"",""Termination Style"":""Connector (M12)"",""Features"":""-"",""Must Operate"":""-"",""Must Release"":""-"",""Conduit Thread Size"":""M12"",""Operating Temperature"":""-25°C ~ 85°C"",""Ingress Protection"":""IP65 - Dust Tight, Water Resistant"",""Approval Agency"":""CCC, CE, CSA, EAC, UKCA, UL"",""Series"":""3SE5""}"
"3SU19000JP100AA0","ADAPTER, M12 SOCKET, 8-PIN (FEMA","Siemens","Cables & Connectors","206.72","0","ADAPTER, M12 SOCKET, 8-PIN (FEMA","https://media.distributordatasolutions.com/siemenscomplete/2023q3/documents/ac06158fd8b765b95ba24cf31d947be36bc4b397.pdf","{""Connector Type"":""Receptacle, Female Sockets"",""Number of Positions"":""8"",""Shell Size - Insert"":""M12-8"",""Shell Size, MIL"":""-"",""Mounting Type"":""Free Hanging (In-Line)"",""Mounting Feature"":""-"",""Termination"":""-"",""Fastening Type"":""Threaded"",""Orientation"":""Keyed"",""Primary Material"":""Metal"",""Shell Material"":""Metal"",""Shell Finish"":""-"",""Contact Finish - Mating"":""-"",""Color"":""Black, Silver"",""Ingress Protection"":""IP66/IP67/IP69K - Dust Tight, Water Resistant, Waterproof"",""Material Flammability Rating"":""-"",""Features"":""-"",""Shielding"":""Unshielded"",""Current Rating (Amps)"":""-"",""Voltage Rating"":""-"",""Cable Opening"":""-"",""Operating Temperature"":""-25°C ~ 70°C"",""Series"":""SIRIUS ACT""}"
"3SU19000JM100AA0","ADAPTER, M12 SOCKET, 4-PIN (FEMA","Siemens","Cables & Connectors","206.72","0","ADAPTER, M12 SOCKET, 4-PIN (FEMA","https://media.distributordatasolutions.com/262/csv_siemens/ecb73b3dff9b04092343c6fafd38074692c444da.pdf","{""Connector Type"":""Receptacle, Female Sockets"",""Number of Positions"":""4"",""Shell Size - Insert"":""M12-4"",""Shell Size, MIL"":""-"",""Mounting Type"":""Free Hanging (In-Line)"",""Mounting Feature"":""-"",""Termination"":""-"",""Fastening Type"":""Threaded"",""Orientation"":""Keyed"",""Primary Material"":""Metal"",""Shell Material"":""Metal"",""Shell Finish"":""-"",""Contact Finish - Mating"":""-"",""Color"":""Black, Silver"",""Ingress Protection"":""IP66/IP67/IP69K - Dust Tight, Water Resistant, Waterproof"",""Material Flammability Rating"":""-"",""Features"":""-"",""Shielding"":""Unshielded"",""Current Rating (Amps)"":""-"",""Voltage Rating"":""-"",""Cable Opening"":""-"",""Operating Temperature"":""-25°C ~ 70°C"",""Series"":""SIRIUS ACT""}"
"PSB21525NV2.1","HSCX TE COMMS CONTROLLER","Siemens","Temperature Controllers","10.68","0","HSCX TE COMMS CONTROLLER","https://rocelec.widen.net/view/pdf/c4q7uamdvt/SIEMS00941-1.pdf?t.download=true&u=5oefqw","{""Series"":""*"",""Pack Size"":""26""}"
"6ES72151HG400XB0","SIMATIC S7-1200 CPU 1215C DCDCRL","Siemens","Servo & Motion","962.8","0","SIMATIC S7-1200 CPU 1215C DCDCRL","https://media.distributordatasolutions.com/siemenscomplete/2023q3/documents/0eea4d41eca8de7052540fa93995ee6acb8a250b.pdf","{""Number of Inputs and Type"":""14 - Digital"",""Number of Outputs and Type"":""10 - Relay"",""Expandable"":""Non-Expandable"",""Voltage - Supply"":""24VDC"",""Display Type"":""No Display"",""Number of Characters Per Row"":""-"",""Communications"":""Ethernet, RJ45"",""Memory Size"":""125kB"",""Mounting Type"":""DIN Rail"",""Features"":""-"",""Series"":""SIMATIC S7-1200""}"
"6GK72431BX300XE0","COMM PROCESSOR SIMATIC S7-1200","Siemens","Temperature Controllers","765.08","0","COMM PROCESSOR SIMATIC S7-1200","https://media.distributordatasolutions.com/siemenscomplete/2023q3/documents/e1bc23b6b1f102bc6809deab5ea0aca423a924a8.pdf","{""Accessory Type"":""Communications Processor"",""For Use With/Related Products"":""SIMATIC S7-1200"",""Series"":""SIMATIC""}"
"6GK72438RX300XE0","COMM PROCESSOR SIMATIC S7-1200","Siemens","Temperature Controllers","1265.61","0","COMM PROCESSOR SIMATIC S7-1200","https://media.distributordatasolutions.com/siemenscomplete/2023q3/documents/fb91d32d9fa965e56cd8244c559f8542806288ae.pdf","{""Accessory Type"":""Communications Processor"",""For Use With/Related Products"":""SIMATIC S7-1200"",""Series"":""SIMATIC""}"
"6GK72437SX300XE0","COMM PROCESSOR SIMATIC S7-1200","Siemens","Temperature Controllers","1514.5","0","COMM PROCESSOR SIMATIC S7-1200","https://media.distributordatasolutions.com/siemenscomplete/2023q3/documents/6003fde306410b245d457782f927b8d19b8e6ee4.pdf","{""Accessory Type"":""Communications Processor"",""For Use With/Related Products"":""SIMATIC S7-1200"",""Series"":""SIMATIC""}"
"6GK72437KX300XE0","COMM PROCESSOR SIMATIC S7-1200","Siemens","Temperature Controllers","1546.27","0","COMM PROCESSOR SIMATIC S7-1200","https://media.distributordatasolutions.com/siemenscomplete/2023q3/documents/39ffca9338c06f6f0774469f784d1bbaf28a2430.pdf","{""Accessory Type"":""Communications Processor"",""For Use With/Related Products"":""SIMATIC S7-1200"",""Series"":""SIMATIC""}"
"6GK72427KX310XE0","COMM PROCESSOR SIMATIC S7-1200","Siemens","Temperature Controllers","2891.32","0","COMM PROCESSOR SIMATIC S7-1200","https://media.distributordatasolutions.com/siemenscomplete/2023q3/documents/24210d45909788177d33b30546891382abe59bd2.pdf","{""Accessory Type"":""Communications Processor"",""For Use With/Related Products"":""SIMATIC S7-1200"",""Series"":""SIMATIC""}"
"6ES78601XA010XK5","PID PROFESSIONAL, UG LK. DOWNLOA","Siemens","Temperature Controllers","243.74","0","PID PROFESSIONAL, UG LK. DOWNLOA","https://media.distributordatasolutions.com/siemenscomplete/2023q3/documents/6bf53cfa31e085611d4d0d8fdadca5ab5560392b.pdf","{""Accessory Type"":""Software"",""For Use With/Related Products"":""SIMATIC S7"",""Series"":""SIMATIC""}"
"6ES78601XA010XB0","SOFTWARE,S7 PID,S7-300/400,SINGL","Siemens","Temperature Controllers","389.98","0","SOFTWARE,S7 PID,S7-300/400,SINGL","https://media.distributordatasolutions.com/siemenscomplete/2023q3/documents/e858009241c8cb14ebc200b640f68ca1fad787f1.pdf","{""Accessory Type"":""Software"",""For Use With/Related Products"":""-"",""Series"":""SIMATIC""}"
"6ES78601XA020XE5","PID PROFESSIONAL FOR TIA PORTAL.","Siemens","Temperature Controllers","773.86","0","PID PROFESSIONAL FOR TIA PORTAL.","https://media.distributordatasolutions.com/siemenscomplete/2023q3/documents/dadc425d055b90f2c85cc2e3ce67ffd18a572897.pdf","{""Accessory Type"":""Software"",""For Use With/Related Products"":""SIMATIC S7"",""Series"":""SIMATIC""}"
"6ES78601XA010XH5","PID PROFESSIONAL, ES LK DOWNLOAD","Siemens","Temperature Controllers","1712.24","0","PID PROFESSIONAL, ES LK DOWNLOAD","https://media.distributordatasolutions.com/siemenscomplete/2023q3/documents/3dd764f849fd8440f7dbd2baaa501c4d89a0a1d4.pdf","{""Accessory Type"":""Software"",""For Use With/Related Products"":""-"",""Series"":""SIMATIC""}"
"6ES78601XA020XA5","PID PROFESSIONAL FOR TIA PORTAL","Siemens","Temperature Controllers","2339.85","0","PID PROFESSIONAL FOR TIA PORTAL","https://media.distributordatasolutions.com/siemenscomplete/2023q3/documents/fc278f2278a5c0e46ff62d18cf78bcd640c9ee73.pdf","{""Accessory Type"":""Software"",""For Use With/Related Products"":""-"",""Series"":""SIMATIC""}"
"AA2","NON-INS BTT SPLCE 22-16AWG LEN .","ABB","Cables & Connectors","0.27","0","NON-INS BTT SPLCE 22-16AWG LEN .","https://new.abb.com/products/7TAI029620R0015?printout","{""Terminal Type"":""Butt Splice, Inline, Individual Openings"",""Number of Wire Entries"":""2"",""Termination"":""Crimp"",""Wire Gauge"":""16-22 AWG"",""Insulation"":""Non-Insulated"",""Features"":""-"",""Color"":""-"",""Series"":""Sta-Kon®, Thomas & Betts"",""Pack Size"":""1000""}"
"BB2","NON-INS BTT SPLCE 18-14 AWG LEN","ABB","Cables & Connectors","0.34","0","NON-INS BTT SPLCE 18-14 AWG LEN","https://new.abb.com/products/7TAI029620R0035?printout","{""Terminal Type"":""Butt Splice, Inline, Individual Openings"",""Number of Wire Entries"":""2"",""Termination"":""Crimp"",""Wire Gauge"":""14-18 AWG"",""Insulation"":""Non-Insulated"",""Features"":""-"",""Color"":""-"",""Series"":""Sta-Kon®, Thomas & Betts"",""Pack Size"":""1000""}"
"RAA217","EXP INS VINYL BUTT SPLCE, 22-18","ABB","Cables & Connectors","0.65","0","EXP INS VINYL BUTT SPLCE, 22-18","https://new.abb.com/products/7TAI029500R0007?printout","{""Terminal Type"":""Butt Splice, Inline, Individual Openings"",""Number of Wire Entries"":""2"",""Termination"":""Crimp"",""Wire Gauge"":""18-22 AWG"",""Insulation"":""Fully Insulated"",""Features"":""-"",""Color"":""Red"",""Series"":""Sta-Kon®, Thomas & Betts"",""Pack Size"":""1000""}"
"2RC10X","EXP INS VINYL BUTT SPLCE, 12-10","ABB","Cables & Connectors","1.2","0","EXP INS VINYL BUTT SPLCE, 12-10","https://new.abb.com/products/7TAI029450R0020?printout","{""Terminal Type"":""Butt Splice, Inline, Individual Openings"",""Number of Wire Entries"":""2"",""Termination"":""Crimp"",""Wire Gauge"":""10-12 AWG"",""Insulation"":""Fully Insulated"",""Features"":""-"",""Color"":""Yellow"",""Series"":""Sta-Kon®, Thomas & Betts"",""Pack Size"":""50""}"
"EE2","NON-INS BTT SPLCE NO6 AWG LEN 1.","ABB","Cables & Connectors","1.77","0","NON-INS BTT SPLCE NO6 AWG LEN 1.","https://new.abb.com/products/7TAI029620R0081?printout","{""Terminal Type"":""Butt Splice, Inline, Individual Openings"",""Number of Wire Entries"":""2"",""Termination"":""Crimp"",""Wire Gauge"":""6 AWG"",""Insulation"":""Non-Insulated"",""Features"":""-"",""Color"":""-"",""Series"":""Sta-Kon®, Thomas & Betts"",""Pack Size"":""200""}"
"2RB14X","EXP INS VINYL BUTT SPLCE, 16-14","ABB","Cables & Connectors","0.8","0","EXP INS VINYL BUTT SPLCE, 16-14","https://new.abb.com/products/7TAI029450R0019?printout","{""Terminal Type"":""Butt Splice, Inline, Individual Openings"",""Number of Wire Entries"":""2"",""Termination"":""Crimp"",""Wire Gauge"":""14-16 AWG"",""Insulation"":""Fully Insulated"",""Features"":""-"",""Color"":""Blue"",""Series"":""Sta-Kon®, Thomas & Betts"",""Pack Size"":""100""}"
"2RA18X","EXP INS VINYL BTT SPLC, 22-18","ABB","Cables & Connectors","0.81","0","EXP INS VINYL BTT SPLC, 22-18","https://new.abb.com/products/7TAI029450R0018?printout","{""Terminal Type"":""Butt Splice, Inline, Individual Openings"",""Number of Wire Entries"":""2"",""Termination"":""Crimp"",""Wire Gauge"":""18-22 AWG"",""Insulation"":""Fully Insulated"",""Features"":""-"",""Color"":""Red"",""Series"":""Sta-Kon®, Thomas & Betts"",""Pack Size"":""100""}"
"GG2","NON-INS BTT SPLCE 2-1 AWG LEN 1.","ABB","Cables & Connectors","4.84","0","NON-INS BTT SPLCE 2-1 AWG LEN 1.","https://new.abb.com/products/7TAI029630R0091?printout","{""Terminal Type"":""Butt Splice, Inline, Individual Openings"",""Number of Wire Entries"":""2"",""Termination"":""Crimp"",""Wire Gauge"":""1-2 AWG"",""Insulation"":""Non-Insulated"",""Features"":""-"",""Color"":""-"",""Series"":""Sta-Kon®, Thomas & Betts"",""Pack Size"":""25""}"
"TV18-BS-XV","VINYL INSUL BUTT SPLC 22-16 RED","ABB","Cables & Connectors","0.33","0","VINYL INSUL BUTT SPLC 22-16 RED","https://new.abb.com/products/7TAI029350R0386?printout","{""Terminal Type"":""Butt Splice, Inline, Individual Openings"",""Number of Wire Entries"":""2"",""Termination"":""Crimp"",""Wire Gauge"":""16-22 AWG"",""Insulation"":""Fully Insulated"",""Features"":""Brazed Seam"",""Color"":""Red"",""Series"":""Catamount®, Sta-Kon®, Thomas & Betts"",""Pack Size"":""75""}"
"RBB217","EXP INS VINYL BUTT SPLCE, 16-14","ABB","Cables & Connectors","0.67","0","EXP INS VINYL BUTT SPLCE, 16-14","https://new.abb.com/products/7TAI029500R0020?printout","{""Terminal Type"":""Butt Splice, Inline, Individual Openings"",""Number of Wire Entries"":""2"",""Termination"":""Crimp"",""Wire Gauge"":""14-16 AWG"",""Insulation"":""Fully Insulated"",""Features"":""-"",""Color"":""Blue"",""Series"":""Sta-Kon®, Thomas & Betts"",""Pack Size"":""1000""}"
"2RB14XCP","EXP INS VNY BTT SPLC, 16-14, MIN","ABB","Cables & Connectors","1.04","0","EXP INS VNY BTT SPLC, 16-14, MIN","https://new.abb.com/products/7TAI029470R0054?printout","{""Terminal Type"":""Butt Splice, Inline, Individual Openings"",""Number of Wire Entries"":""2"",""Termination"":""Crimp"",""Wire Gauge"":""14-16 AWG"",""Insulation"":""Insulated"",""Features"":""-"",""Color"":""Pink"",""Series"":""-"",""Pack Size"":""2420""}"
"RCC217-250","EXP INSUL VINYL BUTT SPLCE, 12-1","ABB","Cables & Connectors","1.14","0","EXP INSUL VINYL BUTT SPLCE, 12-1","https://new.abb.com/products/7TAI029500R0032?printout","{""Terminal Type"":""Butt Splice, Inline, Individual Openings"",""Number of Wire Entries"":""2"",""Termination"":""Crimp"",""Wire Gauge"":""10-12 AWG"",""Insulation"":""Fully Insulated"",""Features"":""-"",""Color"":""Yellow"",""Series"":""Sta-Kon®, Thomas & Betts"",""Pack Size"":""2500""}"
"RAA217-170M","EXP VINYL INSUL BUTT SPLC 22-18","ABB","Cables & Connectors","1.14","0","EXP VINYL INSUL BUTT SPLC 22-18","https://new.abb.com/products/7TAI029550R0127?printout","{""Terminal Type"":""Butt Splice, Inline, Individual Openings"",""Number of Wire Entries"":""2"",""Termination"":""Crimp"",""Wire Gauge"":""18-22 AWG"",""Insulation"":""Fully Insulated"",""Features"":""-"",""Color"":""Red"",""Series"":""-"",""Pack Size"":""3000""}"
"FF2","NON-INS BTT SPLCE 4-3 AWG LEN 1.","ABB","PLC & Controllers","1.78","0","NON-INS BTT SPLCE 4-3 AWG LEN 1.","https://new.abb.com/products/7TAI029630R0087?printout","{""Series"":""*"",""Pack Size"":""1600""}"
"2RA18XCP","EXP INS VNL BTT SPLC, 22-18, MIN","ABB","Cables & Connectors","2.14","0","EXP INS VNL BTT SPLC, 22-18, MIN","https://new.abb.com/products/7TAI029470R0053?printout","{""Terminal Type"":""Butt Splice, Inline, Individual Openings"",""Number of Wire Entries"":""2"",""Termination"":""Crimp"",""Wire Gauge"":""18-22 AWG"",""Insulation"":""Insulated"",""Features"":""-"",""Color"":""Pink"",""Series"":""-"",""Pack Size"":""1180""}"
"2RC10XCP","EXP INS VNY BTT SPLC, 12-10, MIN","ABB","Cables & Connectors","2.77","0","EXP INS VNY BTT SPLC, 12-10, MIN","https://new.abb.com/products/7TAI029470R0055?printout","{""Terminal Type"":""Butt Splice, Inline, Individual Openings"",""Number of Wire Entries"":""2"",""Termination"":""Crimp"",""Wire Gauge"":""10-12 AWG"",""Insulation"":""Fully Insulated"",""Features"":""-"",""Color"":""Yellow"",""Series"":""-"",""Pack Size"":""20""}"
"SP TWO SCREW EARS","REPLC 2SCREW EAR FOR SWITCH BOX","ABB","Cables & Connectors","3.57","0","REPLC 2SCREW EAR FOR SWITCH BOX","https://new.abb.com/products/7TBA001330R0028?printout","{""Accessory Type"":""Fitting - Offset Box"",""For Use With/Related Products"":""-"",""Color"":""Silver"",""Series"":""-"",""Pack Size"":""800""}"
"SP ONE SCREW EAR","REPLC 1SCREW EAR FOR SWITCH BOX","ABB","Cables & Connectors","3.62","0","REPLC 1SCREW EAR FOR SWITCH BOX","https://new.abb.com/products/7TBA001330R0027?printout","{""Accessory Type"":""Outlet Box"",""For Use With/Related Products"":""-"",""Color"":""-"",""Series"":""-"",""Pack Size"":""100""}"
"AB206","2-HOLE SPLC PLT LEN3.5 W1.625 ST","ABB","PLC & Controllers","6.95","0","2-HOLE SPLC PLT LEN3.5 W1.625 ST","https://new.abb.com/products/7TAA005110R0020?printout","{""Type"":""Bracket, Non-Threaded Hole(s)"",""Shape"":""Straight"",""Thread/Screw/Hole Size"":""-"",""Material"":""Steel"",""Series"":""Superstrut®, Thomas & Betts"",""Pack Size"":""400""}"
"675-51104-8","NON INSUL BUTT SPLC 22-18","ABB","PLC & Controllers","21.61","0","NON INSUL BUTT SPLC 22-18","https://new.abb.com/products/7TAI029660R0000?printout","{""Series"":""*"",""Pack Size"":""1000""}"
"3LM19","54510 2WY SPLC CONNECTOR 20AWG","ABB","Cables & Connectors","28.4","0","54510 2WY SPLC CONNECTOR 20AWG","","{""Series"":""-"",""Pack Size"":""5""}"
"AB206HDG","2-HOLE SPLC PLT LEN3.5 W1.625 HD","ABB","PLC & Controllers","32.89","0","2-HOLE SPLC PLT LEN3.5 W1.625 HD","https://new.abb.com/products/7TAA005760R0020?printout","{""Type"":""Bracket, Non-Threaded Hole(s)"",""Shape"":""Straight"",""Thread/Screw/Hole Size"":""-"",""Material"":""Galvanized Steel"",""Series"":""-"",""Pack Size"":""100""}"
"675-51973","NON INSUL BUTT SPLC 6 NAVY TO 9","ABB","PLC & Controllers","33.06","0","NON INSUL BUTT SPLC 6 NAVY TO 9","https://new.abb.com/products/7TAI029980R0048?printout","{""Series"":""*""}"
"AB206HDGC","2-HOLE SPLC PLT LEN3.5 W1.625 HD","ABB","PLC & Controllers","50.82","0","2-HOLE SPLC PLT LEN3.5 W1.625 HD","https://new.abb.com/products/7TBA005760R0021?printout","{""Type"":""Bracket, Non-Threaded Hole(s)"",""Shape"":""Straight"",""Thread/Screw/Hole Size"":""-"",""Material"":""Galvanized Steel"",""Series"":""-"",""Pack Size"":""50""}"
"ASR2506-B1-10","SPLCE REDUCR 250KCMIL-6STR-1BG","ABB","Cables & Connectors","55.08","0","SPLCE REDUCR 250KCMIL-6STR-1BG","https://new.abb.com/products/7TAH006000R0035?printout","{""Terminal Type"":""Butt Splice, Inline, Individual Openings"",""Number of Wire Entries"":""2"",""Termination"":""Screw"",""Wire Gauge"":""250MCM (kcmil) - 6 AWG"",""Insulation"":""Non-Insulated"",""Features"":""-"",""Color"":""-"",""Series"":""-"",""Pack Size"":""10""}"
"68P-DV-DP","68P DUALVLTG RPLCMNT PLATE 4-T&B","ABB","PLC & Controllers","55.3","0","68P DUALVLTG RPLCMNT PLATE 4-T&B","https://search.abb.com/library/Download.aspx?DocumentID=TDS000542&LanguageCode=en&DocumentPartId=&Action=Launch","{""Series"":""*"",""Pack Size"":""50""}"
"AB206 SS","2-HOLE SPLC PLT LEN3.5 W1.625 SS","ABB","PLC & Controllers","145.35","0","2-HOLE SPLC PLT LEN3.5 W1.625 SS","https://new.abb.com/products/7TAA005540R0019?printout","{""Type"":""Bracket, Non-Threaded Hole(s)"",""Shape"":""Straight"",""Thread/Screw/Hole Size"":""-"",""Material"":""Stainless Steel"",""Series"":""-"",""Pack Size"":""50""}"
"108102R","REPLCMT FLAP CAP ASSEMBLY","ABB","PLC & Controllers","436.19","0","REPLCMT FLAP CAP ASSEMBLY","https://new.abb.com/products/7TAA057980R0002?printout","{""Series"":""*""}"
"AB206SS6C","2-HOLE SPLC PLT LEN3.5 W1.625 31","ABB","PLC & Controllers","677.82","0","2-HOLE SPLC PLT LEN3.5 W1.625 31","https://new.abb.com/products/7TBA005540R0020?printout","{""Type"":""Bracket, Non-Threaded Hole(s)"",""Shape"":""Straight"",""Thread/Screw/Hole Size"":""-"",""Material"":""Stainless Steel"",""Series"":""-"",""Pack Size"":""50""}"
"1011-32R","TERM BLOCK ASSY RPLC PART","ABB","PLC & Controllers","923.82","0","TERM BLOCK ASSY RPLC PART","https://new.abb.com/products/7TAA057760R0001?printout","{""Series"":""*"",""Pack Size"":""3""}"
"AF09-30-10-14","IEC Contactor;  9Amp; 3 pole, 1","ABB","Motor Control","49.26","0","IEC Contactor;  9Amp; 3 pole, 1","//mm.digikey.com/Volume0/opasdata/d220001/medias/docus/6724/AF%20Contactor%20Specs%20Springer%20Controls.pdf","{""Mounting Type"":""Chassis Mount, DIN Rail"",""Coil Voltage"":""250 ~ 500VAC/DC"",""Contact Form"":""3PST-NO (3 Form A)"",""Contact Rating (Current)"":""9 A"",""Switching Voltage"":""690VAC - Max"",""Features"":""Auxiliary Contacts"",""Termination Style"":""Screw Terminal"",""Operating Temperature"":""-25°C ~ 70°C"",""Must Operate Voltage"":""-"",""Must Release Voltage"":""-"",""Series"":""AF""}"
"TF42-3.1","Thermal Overload Relay; (AF09 to","ABB","Motor Control","54.7","0","Thermal Overload Relay; (AF09 to","//mm.digikey.com/Volume0/opasdata/d220001/medias/docus/6724/Thermal%20overload%20relay%20TF42.pdf","{""Series"":""-""}"
"TF42-20","Thermal Overload Relay; (AF09 to","ABB","Motor Control","54.7","0","Thermal Overload Relay; (AF09 to","//mm.digikey.com/Volume0/opasdata/d220001/medias/docus/6724/Thermal%20overload%20relay%20TF42.pdf","{""Series"":""-""}"
"TF42-2.3","Thermal Overload Relay; (AF09 to","ABB","Motor Control","54.7","0","Thermal Overload Relay; (AF09 to","//mm.digikey.com/Volume0/opasdata/d220001/medias/docus/6724/Thermal%20overload%20relay%20TF42.pdf","{""Series"":""-""}"
"TF42-10","Thermal Overload Relay; (AF09 to","ABB","Motor Control","54.7","0","Thermal Overload Relay; (AF09 to","//mm.digikey.com/Volume0/opasdata/d220001/medias/docus/6724/Thermal%20overload%20relay%20TF42.pdf","{""Series"":""-""}"
"TF42-16","Thermal Overload Relay; (AF09 to","ABB","Motor Control","54.7","0","Thermal Overload Relay; (AF09 to","//mm.digikey.com/Volume0/opasdata/d220001/medias/docus/6724/Thermal%20overload%20relay%20TF42.pdf","{""Series"":""-""}"
"TF42-13","Thermal Overload Relay; (AF09 to","ABB","Motor Control","54.7","0","Thermal Overload Relay; (AF09 to","//mm.digikey.com/Volume0/opasdata/d220001/medias/docus/6724/Thermal%20overload%20relay%20TF42.pdf","{""Series"":""-""}"
"TF42-5.7","Thermal Overload Relay; (AF09 to","ABB","Motor Control","54.7","0","Thermal Overload Relay; (AF09 to","//mm.digikey.com/Volume0/opasdata/d220001/medias/docus/6724/Thermal%20overload%20relay%20TF42.pdf","{""Series"":""-""}"
"TF42-4.2","Thermal Overload Relay; (AF09 to","ABB","Motor Control","54.7","0","Thermal Overload Relay; (AF09 to","//mm.digikey.com/Volume0/opasdata/d220001/medias/docus/6724/Thermal%20overload%20relay%20TF42.pdf","{""Series"":""-""}"
"TF42-7.6","Thermal Overload Relay; (AF09 to","ABB","Motor Control","54.7","0","Thermal Overload Relay; (AF09 to","//mm.digikey.com/Volume0/opasdata/d220001/medias/docus/6724/Thermal%20overload%20relay%20TF42.pdf","{""Series"":""-""}"
"AF12-30-10-13","IEC Contactor;  12Amp; 3 pole, 1","ABB","Motor Control","57.27","0","IEC Contactor;  12Amp; 3 pole, 1","//mm.digikey.com/Volume0/opasdata/d220001/medias/docus/6724/AF%20Contactor%20Specs%20Springer%20Controls.pdf","{""Mounting Type"":""Chassis Mount, DIN Rail"",""Coil Voltage"":""100 ~ 250VAC/DC"",""Contact Form"":""3PST-NO (3 Form A)"",""Contact Rating (Current)"":""12 A"",""Switching Voltage"":""690VAC - Max"",""Features"":""Auxiliary Contacts"",""Termination Style"":""Screw Terminal"",""Operating Temperature"":""-25°C ~ 70°C"",""Must Operate Voltage"":""-"",""Must Release Voltage"":""-"",""Series"":""AF""}"
"AF12-30-10-14","Contactor, 3-P N/O, 250-500VAC/D","ABB","Motor Control","57.27","0","Contactor, 3-P N/O, 250-500VAC/D","https://721614.app.netsuite.com/core/media/media.nl?id=1080028&c=721614&h=ldm4WHcZ1xprpkrtCd1XQrcdlxssuKuo-3VGGWbyAFW6b-XY&_xt=.pdf","{""Series"":""AF""}"
"AF09-30-10-11","IEC Contactor;  9Amp; 3 pole, 1","ABB","Motor Control","59","0","IEC Contactor;  9Amp; 3 pole, 1","//mm.digikey.com/Volume0/opasdata/d220001/medias/docus/6724/AF%20Contactor%20Specs%20Springer%20Controls.pdf","{""Mounting Type"":""Chassis Mount, DIN Rail"",""Coil Voltage"":""24 ~ 60VAC, 20 ~ 60VDC"",""Contact Form"":""3PST-NO (3 Form A)"",""Contact Rating (Current)"":""26 A"",""Switching Voltage"":""690VAC, 220VDC - Max"",""Features"":""Auxiliary Contacts"",""Termination Style"":""Screw Terminal"",""Operating Temperature"":""-40°C ~ 70°C"",""Must Operate Voltage"":""-"",""Must Release Voltage"":""-"",""Series"":""AF""}"
"AF16-30-10-14","IEC Contactor;  16Amp; 3 pole, 1","ABB","Motor Control","68.74","0","IEC Contactor;  16Amp; 3 pole, 1","//mm.digikey.com/Volume0/opasdata/d220001/medias/docus/6724/AF%20Contactor%20Specs%20Springer%20Controls.pdf","{""Mounting Type"":""Chassis Mount, DIN Rail"",""Coil Voltage"":""250 ~ 500VAC/DC"",""Contact Form"":""3PST-NO (3 Form A)"",""Contact Rating (Current)"":""16 A"",""Switching Voltage"":""690VAC - Max"",""Features"":""Auxiliary Contacts"",""Termination Style"":""Screw Terminal"",""Operating Temperature"":""-25°C ~ 70°C"",""Must Operate Voltage"":""-"",""Must Release Voltage"":""-"",""Series"":""AF""}"
"AF12-30-10-11","IEC Contactor;  12Amp; 3 pole, 1","ABB","Motor Control","68.74","0","IEC Contactor;  12Amp; 3 pole, 1","//mm.digikey.com/Volume0/opasdata/d220001/medias/docus/6724/AF%20Contactor%20Specs%20Springer%20Controls.pdf","{""Mounting Type"":""Chassis Mount, DIN Rail"",""Coil Voltage"":""24 ~ 60VAC, 20 ~ 60VDC"",""Contact Form"":""3PST-NO (3 Form A)"",""Contact Rating (Current)"":""12 A"",""Switching Voltage"":""690VAC - Max"",""Features"":""Auxiliary Contacts"",""Termination Style"":""Screw Terminal"",""Operating Temperature"":""-25°C ~ 70°C"",""Must Operate Voltage"":""-"",""Must Release Voltage"":""-"",""Series"":""AF""}"
"AF16-30-10-13","IEC Contactor;  16Amp; 3 pole, 1","ABB","Motor Control","68.74","0","IEC Contactor;  16Amp; 3 pole, 1","//mm.digikey.com/Volume0/opasdata/d220001/medias/docus/6724/AF%20Contactor%20Specs%20Springer%20Controls.pdf","{""Mounting Type"":""Chassis Mount, DIN Rail"",""Coil Voltage"":""100 ~ 250VAC/DC"",""Contact Form"":""3PST-NO (3 Form A)"",""Contact Rating (Current)"":""16 A"",""Switching Voltage"":""690VAC - Max"",""Features"":""Auxiliary Contacts"",""Termination Style"":""Screw Terminal"",""Operating Temperature"":""-25°C ~ 70°C"",""Must Operate Voltage"":""-"",""Must Release Voltage"":""-"",""Series"":""AF""}"
"TF42-29","Thermal Overload Relay; (AF09 to","ABB","Motor Control","69.02","0","Thermal Overload Relay; (AF09 to","//mm.digikey.com/Volume0/opasdata/d220001/medias/docus/6724/Thermal%20overload%20relay%20TF42.pdf","{""Series"":""-""}"
"TF42-24","Thermal Overload Relay; (AF09 to","ABB","Motor Control","69.02","0","Thermal Overload Relay; (AF09 to","//mm.digikey.com/Volume0/opasdata/d220001/medias/docus/6724/Thermal%20overload%20relay%20TF42.pdf","{""Series"":""-""}"
"TF42-38","Thermal Overload Relay; (AF09 to","ABB","Motor Control","75.74","0","Thermal Overload Relay; (AF09 to","//mm.digikey.com/Volume0/opasdata/d220001/medias/docus/6724/Thermal%20overload%20relay%20TF42.pdf","{""Series"":""-""}"
"TF42-35","Thermal Overload Relay; (AF09 to","ABB","Motor Control","75.74","0","Thermal Overload Relay; (AF09 to","//mm.digikey.com/Volume0/opasdata/d220001/medias/docus/6724/Thermal%20overload%20relay%20TF42.pdf","{""Series"":""-""}"
"CP200N","2 HOLE PUSHBUTTON ENCL","ABB","Sensors & Switches","115.6","0","2 HOLE PUSHBUTTON ENCL","https://new.abb.com/products/7TAA238230R0016?printout","{""Accessory Type"":""Enclosure"",""For Use With/Related Products"":""Pushbutton Switches"",""Series"":""-""}"
"CP100NB","BLANK 1 HOLE PUSHBUTTON ENCL","ABB","Sensors & Switches","180.32","0","BLANK 1 HOLE PUSHBUTTON ENCL","https://new.abb.com/products/7TAA238230R0015?printout","{""Accessory Type"":""Enclosure"",""For Use With/Related Products"":""Pushbutton Switches"",""Series"":""-"",""Pack Size"":""12""}"
"CP300NB","BLANK 3 HOLE PUSHBUTTON ENCL","ABB","Sensors & Switches","206.93","0","BLANK 3 HOLE PUSHBUTTON ENCL","https://new.abb.com/products/7TAA238230R0019?printout","{""Accessory Type"":""Enclosure"",""For Use With/Related Products"":""Pushbutton Switches"",""Series"":""-"",""Pack Size"":""6""}"
"CP200NB","BLANK 2 HOLE PUSHBUTTON ENCL","ABB","Sensors & Switches","212.04","0","BLANK 2 HOLE PUSHBUTTON ENCL","https://new.abb.com/products/7TAA238230R0017?printout","{""Accessory Type"":""Enclosure"",""For Use With/Related Products"":""Pushbutton Switches"",""Series"":""-"",""Pack Size"":""8""}"
"CP100N","1 HOLE PUSHBUTTON ENCL","ABB","Sensors & Switches","222.48","0","1 HOLE PUSHBUTTON ENCL","https://new.abb.com/products/7TAA238230R0014?printout","{""Accessory Type"":""Enclosure"",""For Use With/Related Products"":""Pushbutton Switches"",""Series"":""-"",""Pack Size"":""12""}"
"CP300N","3 HOLE PUSHBUTTON ENCL","ABB","Sensors & Switches","267.76","0","3 HOLE PUSHBUTTON ENCL","https://new.abb.com/products/7TAA238230R0018?printout","{""Accessory Type"":""Enclosure"",""For Use With/Related Products"":""Pushbutton Switches"",""Series"":""-"",""Pack Size"":""6""}"
"HR-EXPB-2A","HANNAY PUSH BUTTON","ABB","Sensors & Switches","339.19","0","HANNAY PUSH BUTTON","","{""Series"":""*""}"
"ALND-M120","CONDUIT FTNG STR M12 NW10 IP66 B","ABB","Cables & Connectors","2.72","0","CONDUIT FTNG STR M12 NW10 IP66 B","https://new.abb.com/products/7TAA292000R0023?printout","{""Accessory Type"":""Conduit Connector"",""For Use With/Related Products"":""-"",""Material"":""Polyamide (PA6), Nylon 6"",""Features"":""-"",""Series"":""-"",""Pack Size"":""919""}"
"ST201M-C5","Circ Brkr UL1077 5A, 1 Pole, C","ABB","Temperature Controllers","51.6","0","Circ Brkr UL1077 5A, 1 Pole, C","https://721614.app.netsuite.com/core/media/media.nl?id=1387113&c=721614&h=yQ3POu8C4-1nRwoJOhU8ZXjPavvD23JePLzo666Jzu_BIe6s&_xt=.pdf&fcts=20241121125641&whence=","{""Mounting Type"":""DIN Rail"",""Breaker Type"":""Thermal"",""Current Rating (Amps)"":""5A"",""Voltage Rating - AC"":""277 V"",""Actuator Type"":""Lever"",""Number of Poles"":""1"",""Illumination"":""None"",""Approval Agency"":""CE, CSA, VDE, UL1077"",""Series"":""-""}"
"ST201M-C3","Circ Brkr UL1077 3A, 1 Pole, C","ABB","Temperature Controllers","51.6","0","Circ Brkr UL1077 3A, 1 Pole, C","https://721614.app.netsuite.com/core/media/media.nl?id=1387113&c=721614&h=yQ3POu8C4-1nRwoJOhU8ZXjPavvD23JePLzo666Jzu_BIe6s&_xt=.pdf&fcts=20241121125641&whence=","{""Mounting Type"":""DIN Rail"",""Breaker Type"":""Thermal"",""Current Rating (Amps)"":""3A"",""Voltage Rating - AC"":""277 V"",""Actuator Type"":""Lever"",""Number of Poles"":""1"",""Illumination"":""None"",""Approval Agency"":""CE, CSA, VDE, UL1077"",""Series"":""-""}"
"ST201M-C15","Circ Brkr UL1077 15A, 1 Pole, C","ABB","Temperature Controllers","51.6","0","Circ Brkr UL1077 15A, 1 Pole, C","https://721614.app.netsuite.com/core/media/media.nl?id=1387113&c=721614&h=yQ3POu8C4-1nRwoJOhU8ZXjPavvD23JePLzo666Jzu_BIe6s&_xt=.pdf&fcts=20241121125641&whence=","{""Mounting Type"":""DIN Rail"",""Breaker Type"":""Thermal"",""Current Rating (Amps)"":""15A"",""Voltage Rating - AC"":""277 V"",""Actuator Type"":""Lever"",""Number of Poles"":""1"",""Illumination"":""None"",""Approval Agency"":""CE, CSA, VDE, UL1077"",""Series"":""-""}"
"ST201M-C10","Circ Brkr UL1077 10A, 1 Pole, C","ABB","Temperature Controllers","51.6","0","Circ Brkr UL1077 10A, 1 Pole, C","https://721614.app.netsuite.com/core/media/media.nl?id=1387113&c=721614&h=yQ3POu8C4-1nRwoJOhU8ZXjPavvD23JePLzo666Jzu_BIe6s&_xt=.pdf&fcts=20241121125641&whence=","{""Mounting Type"":""DIN Rail"",""Breaker Type"":""Thermal"",""Current Rating (Amps)"":""10A"",""Voltage Rating - AC"":""277 V"",""Actuator Type"":""Lever"",""Number of Poles"":""1"",""Illumination"":""None"",""Approval Agency"":""CE, CSA, VDE, UL1077"",""Series"":""-""}"
"SU201M-C15","Circ Brkr UL489 15A, 1 Pole, C","ABB","Temperature Controllers","58.51","0","Circ Brkr UL489 15A, 1 Pole, C","https://721614.app.netsuite.com/core/media/media.nl?id=1387113&c=721614&h=yQ3POu8C4-1nRwoJOhU8ZXjPavvD23JePLzo666Jzu_BIe6s&_xt=.pdf&fcts=20241121125641&whence=","{""Mounting Type"":""DIN Rail"",""Breaker Type"":""Thermal"",""Current Rating (Amps)"":""15A"",""Voltage Rating - AC"":""277 V"",""Actuator Type"":""Lever"",""Number of Poles"":""1"",""Illumination"":""None"",""Approval Agency"":""CE, CSA, UL489"",""Series"":""-""}"
"SU201M-C5","Circ Brkr UL489 5A, 1 Pole, C","ABB","Temperature Controllers","58.51","0","Circ Brkr UL489 5A, 1 Pole, C","https://721614.app.netsuite.com/core/media/media.nl?id=1387113&c=721614&h=yQ3POu8C4-1nRwoJOhU8ZXjPavvD23JePLzo666Jzu_BIe6s&_xt=.pdf&fcts=20241121125641&whence=","{""Mounting Type"":""DIN Rail"",""Breaker Type"":""Thermal"",""Current Rating (Amps)"":""5A"",""Voltage Rating - AC"":""277 V"",""Actuator Type"":""Lever"",""Number of Poles"":""1"",""Illumination"":""None"",""Approval Agency"":""CE, CSA, UL489"",""Series"":""-""}"
"SU201M-C20","Circ Brkr UL489 20A, 1 Pole, C","ABB","Temperature Controllers","58.51","0","Circ Brkr UL489 20A, 1 Pole, C","https://721614.app.netsuite.com/core/media/media.nl?id=1387113&c=721614&h=yQ3POu8C4-1nRwoJOhU8ZXjPavvD23JePLzo666Jzu_BIe6s&_xt=.pdf&fcts=20241121125641&whence=","{""Mounting Type"":""DIN Rail"",""Breaker Type"":""Thermal"",""Current Rating (Amps)"":""20A"",""Voltage Rating - AC"":""277 V"",""Actuator Type"":""Lever"",""Number of Poles"":""1"",""Illumination"":""None"",""Approval Agency"":""CE, CSA, UL489"",""Series"":""-""}"
"ST202M-C2","Circ Brkr UL1077 2 A, 2 Pole, C","ABB","Temperature Controllers","127.19","0","Circ Brkr UL1077 2 A, 2 Pole, C","https://721614.app.netsuite.com/core/media/media.nl?id=1387113&c=721614&h=yQ3POu8C4-1nRwoJOhU8ZXjPavvD23JePLzo666Jzu_BIe6s&_xt=.pdf&fcts=20241121125641&whence=","{""Mounting Type"":""DIN Rail"",""Breaker Type"":""Thermal"",""Current Rating (Amps)"":""2A"",""Voltage Rating - AC"":""277 V"",""Actuator Type"":""Lever"",""Number of Poles"":""2"",""Illumination"":""None"",""Approval Agency"":""CE, CSA, VDE, UL1077"",""Series"":""-""}"
"ST202M-C20","Circ Brkr UL1077 20A, 2 Pole, C","ABB","Temperature Controllers","127.19","0","Circ Brkr UL1077 20A, 2 Pole, C","https://721614.app.netsuite.com/core/media/media.nl?id=1387113&c=721614&h=yQ3POu8C4-1nRwoJOhU8ZXjPavvD23JePLzo666Jzu_BIe6s&_xt=.pdf&fcts=20241121125641&whence=","{""Mounting Type"":""DIN Rail"",""Breaker Type"":""Thermal"",""Current Rating (Amps)"":""20A"",""Voltage Rating - AC"":""277 V"",""Actuator Type"":""Lever"",""Number of Poles"":""2"",""Illumination"":""None"",""Approval Agency"":""CE, CSA, VDE, UL1077"",""Series"":""-""}"
"ST202M-C25","Circ Brkr UL1077 25A, 2 Pole, C","ABB","Temperature Controllers","127.19","0","Circ Brkr UL1077 25A, 2 Pole, C","https://721614.app.netsuite.com/core/media/media.nl?id=1387113&c=721614&h=yQ3POu8C4-1nRwoJOhU8ZXjPavvD23JePLzo666Jzu_BIe6s&_xt=.pdf&fcts=20241121125641&whence=","{""Mounting Type"":""DIN Rail"",""Breaker Type"":""Thermal"",""Current Rating (Amps)"":""25A"",""Voltage Rating - AC"":""277 V"",""Actuator Type"":""Lever"",""Number of Poles"":""2"",""Illumination"":""None"",""Approval Agency"":""CE, CSA, VDE, UL1077"",""Series"":""-""}"
"ST202M-C10","Circ Brkr UL1077 10A, 2 Pole, C","ABB","Temperature Controllers","127.19","0","Circ Brkr UL1077 10A, 2 Pole, C","https://721614.app.netsuite.com/core/media/media.nl?id=1387113&c=721614&h=yQ3POu8C4-1nRwoJOhU8ZXjPavvD23JePLzo666Jzu_BIe6s&_xt=.pdf&fcts=20241121125641&whence=","{""Mounting Type"":""DIN Rail"",""Breaker Type"":""Thermal"",""Current Rating (Amps)"":""10A"",""Voltage Rating - AC"":""277 V"",""Actuator Type"":""Lever"",""Number of Poles"":""2"",""Illumination"":""None"",""Approval Agency"":""CE, CSA, VDE, UL1077"",""Series"":""-""}"
"ST202M-C5","Circ Brkr UL1077 5A, 2 Pole, C","ABB","Temperature Controllers","127.19","0","Circ Brkr UL1077 5A, 2 Pole, C","https://721614.app.netsuite.com/core/media/media.nl?id=1387113&c=721614&h=yQ3POu8C4-1nRwoJOhU8ZXjPavvD23JePLzo666Jzu_BIe6s&_xt=.pdf&fcts=20241121125641&whence=","{""Mounting Type"":""DIN Rail"",""Breaker Type"":""Thermal"",""Current Rating (Amps)"":""5A"",""Voltage Rating - AC"":""277 V"",""Actuator Type"":""Lever"",""Number of Poles"":""2"",""Illumination"":""None"",""Approval Agency"":""CE, CSA, VDE, UL1077"",""Series"":""-""}"
"SU202M-C20","Circ Brkr UL489 20A, 2 Pole, C","ABB","Temperature Controllers","144.28","0","Circ Brkr UL489 20A, 2 Pole, C","https://721614.app.netsuite.com/core/media/media.nl?id=1387113&c=721614&h=yQ3POu8C4-1nRwoJOhU8ZXjPavvD23JePLzo666Jzu_BIe6s&_xt=.pdf&fcts=20241121125641&whence=","{""Mounting Type"":""DIN Rail"",""Breaker Type"":""Thermal"",""Current Rating (Amps)"":""20A"",""Voltage Rating - AC"":""277 V"",""Actuator Type"":""Lever"",""Number of Poles"":""2"",""Illumination"":""None"",""Approval Agency"":""CE, CSA, UL489"",""Series"":""-""}"
"SU202M-C15","Circ Brkr UL489 15A, 2 Pole, C","ABB","Temperature Controllers","144.28","0","Circ Brkr UL489 15A, 2 Pole, C","https://721614.app.netsuite.com/core/media/media.nl?id=1387113&c=721614&h=yQ3POu8C4-1nRwoJOhU8ZXjPavvD23JePLzo666Jzu_BIe6s&_xt=.pdf&fcts=20241121125641&whence=","{""Mounting Type"":""DIN Rail"",""Breaker Type"":""Thermal"",""Current Rating (Amps)"":""15A"",""Voltage Rating - AC"":""277 V"",""Actuator Type"":""Lever"",""Number of Poles"":""2"",""Illumination"":""None"",""Approval Agency"":""CE, CSA, UL489"",""Series"":""-""}"
"SU202M-C10","Circ Brkr UL489 10A, 2 Pole, C","ABB","Temperature Controllers","144.28","0","Circ Brkr UL489 10A, 2 Pole, C","https://721614.app.netsuite.com/core/media/media.nl?id=1387113&c=721614&h=yQ3POu8C4-1nRwoJOhU8ZXjPavvD23JePLzo666Jzu_BIe6s&_xt=.pdf&fcts=20241121125641&whence=","{""Mounting Type"":""DIN Rail"",""Breaker Type"":""Thermal"",""Current Rating (Amps)"":""10A"",""Voltage Rating - AC"":""277 V"",""Actuator Type"":""Lever"",""Number of Poles"":""2"",""Illumination"":""None"",""Approval Agency"":""CE, CSA, UL489"",""Series"":""-""}"
"ST203M-C25","Circ Brkr UL1077 25A, 3 Pole, C","ABB","Temperature Controllers","192.22","0","Circ Brkr UL1077 25A, 3 Pole, C","https://721614.app.netsuite.com/core/media/media.nl?id=1387113&c=721614&h=yQ3POu8C4-1nRwoJOhU8ZXjPavvD23JePLzo666Jzu_BIe6s&_xt=.pdf&fcts=20241121125641&whence=","{""Mounting Type"":""DIN Rail"",""Breaker Type"":""Thermal"",""Current Rating (Amps)"":""25A"",""Voltage Rating - AC"":""277 V"",""Actuator Type"":""Lever"",""Number of Poles"":""3"",""Illumination"":""None"",""Approval Agency"":""CE, CSA, VDE, UL1077"",""Series"":""-""}"
"ST203M-C15","Circ Brkr UL1077 15A, 3 Pole, C","ABB","Temperature Controllers","192.22","0","Circ Brkr UL1077 15A, 3 Pole, C","https://721614.app.netsuite.com/core/media/media.nl?id=1387113&c=721614&h=yQ3POu8C4-1nRwoJOhU8ZXjPavvD23JePLzo666Jzu_BIe6s&_xt=.pdf&fcts=20241121125641&whence=","{""Mounting Type"":""DIN Rail"",""Breaker Type"":""Thermal"",""Current Rating (Amps)"":""15A"",""Voltage Rating - AC"":""277 V"",""Actuator Type"":""Lever"",""Number of Poles"":""3"",""Illumination"":""None"",""Approval Agency"":""CE, CSA, VDE, UL1077"",""Series"":""-""}"
"ST203M-C30","Circ Brkr UL1077 30A, 3 Pole, C","ABB","Temperature Controllers","192.22","0","Circ Brkr UL1077 30A, 3 Pole, C","https://721614.app.netsuite.com/core/media/media.nl?id=1387113&c=721614&h=yQ3POu8C4-1nRwoJOhU8ZXjPavvD23JePLzo666Jzu_BIe6s&_xt=.pdf&fcts=20241121125641&whence=","{""Mounting Type"":""DIN Rail"",""Breaker Type"":""Thermal"",""Current Rating (Amps)"":""30A"",""Voltage Rating - AC"":""277 V"",""Actuator Type"":""Lever"",""Number of Poles"":""3"",""Illumination"":""None"",""Approval Agency"":""CE, CSA, VDE, UL1077"",""Series"":""-""}"
